code_insee;latitude;longitude
1001;46.153;4.926
1002;46.009;5.428
1004;45.961;5.373
1005;45.996;4.912
1006;45.75;5.594
1007;46.006;5.358
1008;45.937;5.333
1009;45.787;5.658
1010;45.909;5.795
1011;46.206;5.658
1012;46.002;5.511
1013;45.891;5.499
1014;46.284;5.691
1015;45.724;5.653
1016;46.478;4.96
1017;45.934;5.482
1019;45.854;5.584
1021;45.994;4.822
1022;45.87;5.691
1023;46.386;4.884
1024;46.286;5.18
1025;46.323;4.953
1026;46.308;4.929
1027;45.831;5.108
1028;46.114;4.902
1029;46.429;5.26
1030;46.001;4.756
1031;46.237;5.636
1032;45.859;5.14
1033;46.107;5.832
1034;45.75;5.684
1035;46.253;5.785
1036;45.885;5.651
1037;45.838;5.483
1038;46.319;5.282
1040;46.367;5.04
1041;45.937;5.367
1042;46.219;4.846
1043;45.839;4.997
1044;46.079;5.766
1045;45.953;5.037
1046;46.227;4.941
1047;45.847;5.252
1049;45.845;5.028
1050;46.373;4.999
1051;46.196;5.471
1052;46.023;4.992
1053;46.205;5.246
1054;45.886;5.144
1056;46.036;5.463
1057;46.405;4.914
1058;45.642;5.616
1060;46.076;5.614
1061;45.714;5.69
1062;45.869;5.101
1063;46.169;5.547
1064;45.771;5.485
1065;46.21;5.145
1066;45.86;5.546
1067;46.126;5.495
1068;46.072;5.476
1069;46.134;5.262
1071;46.316;6.078
1072;46.183;5.32
1073;45.834;5.719
1074;46.008;5.169
1075;46.034;4.798
1076;45.953;5.537
1077;46.122;5.458
1078;46.177;5.971
1079;45.932;5.693
1080;46.02;5.6
1081;46.22;5.822
1082;46.006;5.769
1083;46.094;4.855
1084;46.186;5.028
1085;46.074;5.022
1087;46.186;5.681
1088;45.874;5.221
1089;45.973;5.308
1090;46.026;5.205
1092;45.975;5.242
1093;46.123;4.958
1094;46.438;5.007
1095;46.275;5.416
1096;46.199;5.056
1098;45.793;5.685
1099;45.893;5.255
1100;45.823;5.605
1101;46.11;5.581
1102;46.382;4.963
1103;46.283;6.047
1104;46.223;5.872
1105;45.922;4.886
1106;46.2;5.451
1107;45.902;5.433
1108;46.387;5.331
1109;46.142;5.9
1110;45.736;5.627
1111;45.884;5.475
1112;46.106;5.556
1113;46.154;5.084
1114;46.154;5.833
1115;46.27;5.058
1116;45.801;5.621
1117;45.725;5.604
1118;45.966;5.79
1121;46.034;5.496
1123;46.24;4.828
1124;46.434;5.222
1125;46.25;5.472
1127;46.327;5.356
1128;46.457;5.111
1129;45.966;5.195
1130;46.313;5.178
1133;45.783;5.766
1134;46.283;4.878
1135;46.292;5.995
1136;46.222;4.875
1138;45.856;5.784
1139;46.488;5.163
1140;46.273;5.102
1141;45.82;5.677
1142;45.853;5.073
1143;46.376;6.116
1145;46.067;5.217
1146;46.142;4.901
1147;46.424;5.293
1148;46.313;5.642
1149;45.984;5.371
1150;46.22;5.368
1151;46.068;5.294
1152;46.227;5.733
1153;46.316;6.019
1155;45.965;5.503
1156;45.91;5.125
1157;46.021;4.762
1158;46.166;5.9
1159;46.337;4.885
1160;46.252;6.108
1162;45.811;5.745
1163;46.378;5.185
1165;46.074;4.813
1166;45.994;4.78
1167;46.214;4.828
1169;46.12;4.793
1170;46.19;5.551
1171;46.251;5.613
1173;46.347;6.046
1174;46.223;5.78
1175;46.415;4.951
1177;46.207;5.433
1179;46.263;4.846
1180;46.332;6.114
1181;46.226;5.611
1183;46.107;4.782
1184;46.161;5.429
1185;45.97;5.576
1187;46.032;5.703
1188;46.187;4.888
1189;46.05;5.76
1190;45.792;5.574
1191;46.038;5.524
1192;46.218;5.563
1193;45.656;5.639
1194;45.978;4.76
1195;46.215;5.312
1196;46.366;5.114
1197;46.146;5.334
1198;45.95;5.103
1199;46.05;5.411
1200;46.093;5.494
1202;45.892;5.329
1203;46.247;4.899
1204;46.148;5.718
1206;46.054;5.541
1207;45.986;4.982
1208;45.811;5.773
1209;46.109;5.876
1210;46.286;5.929
1211;46.116;5.202
1212;46.412;5.151
1213;45.927;5.295
1214;46.162;5.476
1215;46.024;5.762
1216;45.744;5.536
1219;45.811;5.523
1224;45.792;5.218
1225;46.062;4.781
1227;45.775;5.715
1228;46.12;5.528
1229;46.33;5.144
1230;46.43;5.107
1231;46.364;4.902
1232;46.343;5.244
1233;45.774;5.55
1234;45.801;5.716
1235;46.055;5.074
1236;46.341;5.064
1237;46.203;5.614
1238;45.909;4.828
1239;45.757;5.762
1240;46.256;5.54
1241;46.245;5.336
1242;46.065;5.442
1243;46.047;4.759
1244;45.906;5.204
1245;46.143;5.378
1246;46.242;5.047
1247;46.362;6.009
1248;45.896;4.924
1249;45.844;4.941
1250;45.976;4.81
1252;46.145;4.82
1254;46.169;5.28
1255;45.799;5.464
1257;46.173;5.79
1258;46.096;4.804
1259;46.219;5.112
1260;45.929;5.071
1261;45.962;4.946
1262;45.891;5.02
1263;46.085;4.761
1264;46.187;5.117
1265;46.18;5.595
1266;46.325;5.113
1267;46.183;5.514
1268;45.642;5.66
1269;46.154;5.614
1272;46.157;5.009
1273;46.091;5.374
1274;46.134;5.637
1275;45.818;4.931
1276;45.822;5.06
1277;46.0;5.458
1279;45.965;5.472
1280;45.834;5.54
1281;46.278;6.094
1282;46.068;5.557
1283;46.26;5.653
1284;46.387;4.918
1285;45.918;4.828
1286;45.744;5.738
1288;46.191;5.92
1289;46.171;5.218
1290;45.88;5.18
1291;46.246;4.975
1293;46.15;5.506
1294;45.676;5.679
1295;46.123;4.822
1296;46.386;5.274
1297;45.893;5.089
1298;46.188;5.718
1299;46.023;5.089
1301;46.246;5.138
1302;45.796;5.748
1303;46.09;5.417
1304;46.054;5.347
1305;46.442;4.929
1306;46.264;4.882
1307;46.156;5.576
1308;46.145;5.951
1309;46.322;5.423
1310;45.681;5.644
1311;45.876;5.565
1313;46.258;6.072
1314;46.02;5.285
1317;46.191;5.356
1318;45.967;4.863
1319;46.084;4.942
1320;46.308;4.875
1321;46.162;5.335
1322;45.937;4.828
1323;46.429;4.913
1325;45.952;5.169
1328;46.124;5.022
1329;45.836;5.599
1330;46.004;5.653
1331;46.098;5.456
1332;46.298;4.914
1333;45.927;4.954
1334;46.214;4.913
1335;46.113;5.08
1336;46.149;5.142
1337;46.452;4.953
1338;45.689;5.584
1339;45.949;4.743
1342;45.896;5.049
1343;46.275;4.968
1344;46.211;5.185
1345;45.949;5.324
1346;46.307;5.058
1347;45.956;4.778
1348;46.184;4.816
1349;45.932;5.152
1350;46.275;5.284
1351;46.147;4.867
1352;46.403;5.006
1353;45.967;4.795
1354;46.254;6.036
1355;46.282;5.013
1356;46.104;5.03
1357;46.182;5.747
1358;45.771;5.618
1359;46.08;5.061
1360;46.218;5.942
1361;45.84;5.212
1362;45.96;4.899
1363;46.029;5.382
1364;46.397;5.063
1365;46.268;4.922
1366;45.882;5.284
1367;46.4;5.104
1368;46.202;4.959
1369;46.193;5.285
1370;46.305;4.84
1371;45.949;4.99
1372;45.848;5.679
1373;46.136;5.571
1374;46.106;5.326
1375;46.291;5.123
1376;45.834;4.977
1378;45.82;5.17
1379;45.953;5.271
1380;46.453;5.176
1381;46.053;5.142
1382;46.014;4.936
1383;46.096;5.128
1384;45.95;5.44
1385;46.185;5.168
1386;45.886;5.376
1387;46.321;5.042
1388;46.461;5.067
1389;46.062;4.902
1390;45.822;5.27
1391;46.364;5.347
1392;46.265;5.586
1393;46.066;4.983
1396;45.865;5.404
1397;46.313;6.11
1398;45.997;4.858
1399;46.294;6.073
1400;45.798;5.498
1401;46.263;5.989
1402;46.498;4.979
1403;45.813;5.441
1404;46.147;5.45
1405;46.139;5.179
1406;46.435;5.056
1407;45.948;5.826
1408;46.234;5.422
1410;46.223;5.506
1411;45.878;5.431
1412;46.174;4.958
1415;45.864;5.721
1416;45.923;5.514
1418;45.817;5.018
1419;46.244;5.965
1420;46.17;4.794
1421;45.921;5.404
1422;46.138;5.304
1423;45.96;4.829
1424;45.875;4.964
1425;46.097;5.261
1426;46.28;5.361
1427;45.941;4.771
1428;46.115;4.866
1429;46.218;5.082
1430;46.043;5.295
1431;45.92;5.364
1432;46.346;5.348
1433;46.485;5.106
1434;45.985;5.112
1435;46.3;6.101
1436;46.361;6.085
1437;46.474;5.026
1439;46.359;4.863
1441;46.085;5.549
1443;45.993;5.045
1444;45.849;5.447
1445;46.346;5.31
1446;46.032;4.852
1447;46.193;5.395
1448;46.095;5.757
1449;46.01;5.252
1450;45.932;5.23
1451;46.251;5.223
1452;45.846;5.64
1453;45.906;5.737
1454;45.727;5.713
1456;45.813;5.725
1457;46.217;4.997
2001;49.599;3.177
2002;49.694;3.397
2003;49.347;3.418
2004;49.717;3.96
2005;49.394;3.968
2006;49.93;3.511
2007;49.485;3.819
2008;49.438;3.512
2009;49.767;3.366
2010;49.462;3.454
2011;49.376;3.183
2012;49.322;3.404
2013;49.499;3.923
2014;49.611;3.303
2015;49.219;3.208
2016;49.641;3.37
2017;49.694;3.428
2018;49.504;3.431
2019;49.721;3.176
2020;49.882;4.224
2021;49.744;4.119
2022;49.255;3.478
2023;49.173;3.388
2024;49.499;3.765
2025;49.762;3.197
2027;49.68;3.555
2028;49.576;3.69
2029;49.855;3.154
2030;50.024;3.261
2031;49.825;4.191
2032;49.772;3.119
2033;49.497;3.793
2034;49.478;3.127
2035;49.866;3.631
2036;49.34;3.511
2037;49.62;3.61
2038;49.761;4.224
2039;49.705;3.794
2040;49.897;3.856
2041;49.586;3.236
2042;49.004;3.359
2043;49.46;3.28
2044;49.798;4.037
2046;49.622;3.661
2047;49.648;3.645
2048;49.668;3.689
2049;49.578;3.328
2050;50.04;3.749
2051;49.091;3.562
2052;49.533;3.385
2053;48.99;3.605
2054;49.307;3.616
2055;49.821;4.152
2056;49.688;3.131
2057;49.997;3.33
2058;49.403;3.753
2059;49.648;3.338
2060;49.834;3.103
2061;50.016;3.459
2062;49.083;3.3
2063;49.926;3.244
2064;49.357;3.34
2065;49.959;3.23
2066;49.755;3.309
2067;50.03;3.711
2068;49.781;3.757
2069;49.662;4.113
2070;49.879;3.487
2071;49.411;3.15
2072;49.482;3.852
2073;49.408;3.898
2074;49.628;3.398
2075;49.779;3.372
2076;49.398;4.012
2078;49.534;3.165
2079;49.823;4.118
2080;49.593;3.577
2081;49.629;3.141
2082;49.228;3.416
2083;49.131;3.492
2084;49.01;3.228
2085;49.105;3.408
2086;49.579;3.213
2087;49.448;3.27
2088;49.492;3.714
2089;49.356;3.376
2090;49.222;3.299
2091;49.337;3.672
2093;49.508;3.152
2094;49.026;3.464
2095;49.989;3.465
2096;49.737;3.654
2097;49.626;3.956
2098;49.008;3.346
2099;49.126;3.325
2100;49.991;3.221
2101;49.739;3.867
2102;49.461;3.757
2103;50.012;3.714
2104;49.379;3.846
2105;49.067;3.317
2106;49.402;3.659
2107;49.543;3.154
2108;49.529;3.538
2109;49.878;3.962
2110;49.348;3.536
2111;49.518;3.413
2112;49.981;3.394
2114;49.057;3.424
2115;49.438;3.61
2116;49.768;3.963
2117;49.775;3.141
2118;49.422;3.378
2119;49.14;3.424
2120;49.368;3.544
2121;49.184;3.35
2122;49.597;3.473
2123;49.723;3.396
2124;49.743;3.4
2125;49.11;3.153
2126;49.772;4.186
2127;49.2;3.445
2128;49.524;3.67
2129;49.262;3.569
2130;49.866;4.093
2131;49.388;3.398
2132;49.579;3.497
2133;49.647;3.904
2134;49.907;4.057
2135;49.958;3.838
2136;49.769;3.912
2137;49.077;3.25
2138;49.31;3.348
2139;49.618;3.122
2140;49.52;3.128
2141;49.973;3.914
2142;49.801;3.253
2143;50.001;3.242
2144;49.865;3.111
2145;49.637;3.174
2146;49.015;3.57
2148;49.416;3.474
2149;49.767;3.333
2150;49.45;3.68
2151;49.578;3.546
2152;49.325;3.518
2153;49.56;3.502
2154;49.3;3.398
2155;49.508;3.522
2156;49.67;3.644
2157;49.599;3.672
2158;49.472;3.671
2159;49.544;3.262
2160;49.701;3.986
2162;48.949;3.377
2163;48.99;3.294
2164;49.112;3.541
2165;49.651;3.385
2166;49.09;3.509
2167;49.378;3.503
2168;49.056;3.382
2169;49.762;3.703
2170;49.794;3.416
2171;49.396;3.789
2172;49.315;3.253
2173;49.62;3.219
2174;49.479;3.519
2175;49.423;3.306
2176;49.407;3.562
2177;49.514;3.687
2178;49.463;3.72
2179;49.256;3.605
2180;49.649;3.594
2181;49.722;4.101
2182;49.818;3.737
2183;49.466;3.594
2184;49.762;3.584
2185;49.127;3.168
2186;48.984;3.382
2187;49.035;3.433
2188;49.93;3.775
2189;49.627;3.856
2190;49.403;3.438
2191;49.533;3.586
2192;49.217;3.247
2193;49.165;3.604
2194;49.749;3.84
2195;49.368;3.468
2196;49.552;3.566
2197;49.974;3.987
2198;49.428;3.364
2199;49.749;3.23
2200;49.66;3.943
2201;49.33;3.153
2203;49.163;3.436
2204;49.792;4.096
2205;49.467;3.63
2206;49.858;3.711
2207;49.642;3.151
2208;49.376;3.788
2209;49.002;3.561
2210;49.401;3.466
2211;49.414;3.945
2212;49.637;3.277
2213;49.036;3.533
2214;49.792;3.234
2215;49.462;3.826
2216;49.255;3.197
2217;49.516;3.316
2218;49.557;3.777
2219;49.541;3.344
2220;49.198;3.628
2221;49.031;3.274
2222;49.682;3.46
2223;48.996;3.507
2224;49.348;3.577
2225;49.116;3.263
2226;49.343;3.302
2227;49.138;3.576
2228;49.072;3.542
2229;49.514;3.795
2230;49.334;3.485
2231;49.646;3.524
2232;49.213;3.013
2233;49.229;3.452
2234;49.448;3.792
2235;49.426;3.777
2236;49.484;3.312
2237;49.699;3.623
2238;49.608;3.512
2239;49.043;3.511
2240;49.931;3.394
2241;49.16;3.35
2242;48.979;3.248
2243;49.408;3.366
2244;49.931;3.752
2245;49.408;3.322
2246;49.703;3.154
2248;49.683;3.82
2249;49.29;3.488
2250;49.39;3.762
2251;49.766;4.104
2252;49.404;3.706
2253;49.421;3.249
2254;49.344;3.191
2255;49.384;3.572
2256;49.769;4.042
2257;49.824;3.23
2258;49.147;3.177
2259;49.241;3.144
2260;49.667;3.401
2261;49.71;3.685
2262;49.629;3.36
2263;49.36;3.615
2264;49.636;4.013
2265;49.767;4.142
2266;49.734;4.086
2267;49.329;3.216
2268;49.016;3.273
2269;49.965;3.703
2270;49.794;3.13
2271;49.239;3.641
2272;49.277;3.39
2273;49.751;3.134
2274;49.678;3.883
2275;49.919;3.988
2276;49.926;3.807
2277;49.472;3.254
2278;49.886;4.07
2279;49.103;3.354
2280;49.104;3.451
2281;48.899;3.444
2282;49.552;3.74
2283;49.735;3.705
2284;49.92;3.838
2286;49.982;3.753
2287;49.774;3.272
2288;49.896;3.367
2289;48.967;3.414
2290;49.034;3.34
2291;49.971;3.28
2292;49.032;3.418
2293;49.931;3.451
2294;49.519;3.582
2295;49.896;3.924
2296;49.833;3.158
2297;49.082;3.348
2298;50.0;3.659
2299;49.456;4.036
2302;49.227;3.178
2303;49.871;3.253
2304;49.666;3.369
2305;49.188;3.511
2306;49.741;3.551
2307;49.176;3.142
2308;50.048;3.698
2309;49.525;3.76
2310;49.902;3.446
2311;49.453;3.557
2312;50.0;3.925
2313;49.887;3.674
2315;49.705;3.194
2316;49.265;3.16
2317;49.8;3.157
2318;49.549;3.293
2319;49.901;3.396
2320;49.808;3.212
2321;49.854;3.905
2322;49.879;3.424
2323;49.925;3.368
2324;50.031;3.846
2326;49.41;3.194
2327;49.806;3.096
2328;49.045;3.485
2329;49.619;3.46
2330;49.855;3.228
2331;49.816;3.798
2332;49.143;3.549
2333;49.555;3.37
2334;49.954;3.419
2335;49.628;3.427
2336;49.684;3.237
2337;49.943;3.91
2338;49.682;3.721
2339;49.083;3.182
2340;49.824;3.286
2341;49.816;3.871
2342;49.933;3.93
2343;49.812;3.119
2345;49.739;3.283
2346;49.61;3.768
2347;49.058;3.457
2349;49.495;3.859
2350;49.678;3.852
2351;49.161;3.657
2352;49.999;3.265
2353;49.651;3.736
2354;49.729;4.188
2355;49.887;3.24
2356;49.13;3.372
2357;49.796;3.882
2358;49.951;3.531
2359;49.81;3.275
2360;49.443;3.955
2361;49.896;3.625
2362;49.652;3.121
2363;49.512;3.261
2364;49.357;3.841
2366;49.977;3.614
2367;49.783;3.183
2368;49.287;3.032
2369;49.803;3.983
2370;49.966;3.191
2371;49.841;3.335
2372;49.279;3.358
2373;49.797;3.919
2374;49.912;3.277
2375;49.109;3.236
2376;49.888;3.524
2377;49.872;3.827
2378;49.884;4.044
2379;49.822;3.654
2380;49.746;3.294
2381;49.943;4.105
2382;49.861;3.201
2383;49.858;3.375
2384;49.786;3.848
2385;49.796;3.695
2386;49.95;3.665
2387;49.803;3.349
2388;49.786;4.136
2389;49.09;3.534
2390;49.929;3.148
2391;49.813;4.067
2392;49.96;3.304
2393;49.293;3.528
2395;49.512;3.349
2396;49.408;3.725
2397;49.717;3.236
2398;49.449;3.315
2399;49.447;3.892
2400;49.45;3.43
2401;49.863;3.861
2402;49.829;3.074
2403;49.826;3.604
2404;49.844;3.994
2405;49.856;4.05
2406;49.505;3.37
2407;49.547;3.534
2408;49.568;3.621
2409;49.59;3.965
2410;49.261;3.054
2411;49.154;3.312
2412;49.263;3.405
2413;49.503;3.588
2414;49.946;3.717
2415;49.353;3.155
2416;49.844;3.758
2417;49.995;3.174
2418;49.95;3.881
2419;49.961;3.777
2420;49.904;3.315
2421;49.31;3.5
2422;49.932;3.628
2423;49.473;3.353
2424;49.427;3.341
2425;49.858;4.17
2426;49.934;3.312
2427;49.273;3.542
2428;49.102;3.265
2429;49.488;3.622
2430;49.611;3.817
2431;49.692;3.3
2432;49.324;3.555
2433;49.676;4.021
2435;49.833;4.22
2438;49.284;3.221
2439;49.36;3.656
2440;49.53;4.054
2441;49.253;3.242
2442;49.241;3.525
2443;49.055;3.276
2444;49.782;3.812
2445;49.927;3.96
2446;49.732;3.311
2447;49.293;3.457
2448;49.652;3.838
2449;49.159;3.218
2450;49.873;3.571
2451;49.937;3.276
2452;49.893;3.189
2453;49.377;3.716
2454;49.516;4.001
2455;49.921;3.73
2456;49.565;3.18
2457;49.585;3.822
2458;48.894;3.493
2459;49.854;3.411
2460;49.746;3.734
2461;49.594;3.146
2462;49.242;3.561
2463;49.808;3.764
2464;49.433;3.406
2465;49.053;3.223
2466;49.182;3.198
2467;49.182;3.228
2468;49.745;3.765
2469;49.891;3.785
2470;49.867;4.134
2471;49.49;3.687
2472;49.541;3.798
2473;49.709;3.398
2474;49.692;3.275
2476;49.992;3.559
2477;49.371;3.271
2478;49.514;3.499
2480;49.71;3.537
2481;49.829;3.364
2482;49.357;3.759
2483;49.792;3.387
2484;49.063;3.512
2485;49.335;3.247
2486;49.628;3.784
2487;49.386;3.438
2488;50.034;3.53
2489;49.562;3.54
2490;49.476;3.574
2491;49.785;3.631
2492;49.662;3.486
2493;49.622;3.717
2494;49.91;3.7
2495;49.964;4.051
2496;49.146;3.229
2497;49.538;3.555
2498;49.553;3.844
2499;49.53;3.513
2500;49.964;3.356
2501;49.513;3.727
2502;49.689;4.029
2503;49.852;3.527
2504;49.736;3.262
2505;48.947;3.432
2506;49.29;3.174
2507;49.177;3.327
2508;49.489;3.656
2509;49.109;3.294
2510;49.028;3.552
2511;49.912;3.483
2512;49.122;3.107
2513;49.688;3.918
2514;49.373;3.099
2515;48.983;3.566
2516;49.741;3.804
2517;49.715;3.584
2518;48.963;3.515
2519;49.668;4.063
2520;49.292;3.582
2521;49.026;3.194
2522;49.793;4.211
2523;49.275;3.643
2524;49.082;3.477
2525;49.876;3.334
2526;49.754;4.076
2527;49.462;3.191
2528;49.336;3.08
2529;49.694;3.664
2530;49.42;3.679
2531;49.413;3.637
2532;49.75;3.351
2533;49.278;3.435
2534;49.36;3.744
2535;49.777;4.002
2536;49.305;3.434
2537;49.434;3.448
2538;49.191;3.412
2539;49.951;3.259
2540;49.0;3.446
2541;49.437;4.024
2542;49.616;3.16
2543;49.163;3.264
2544;49.929;4.041
2545;49.714;3.834
2546;49.676;3.156
2547;49.788;3.732
2548;49.983;3.686
2549;49.821;3.334
2550;49.47;3.698
2551;49.455;3.399
2552;49.855;3.468
2553;49.574;4.031
2554;49.014;3.403
2555;48.943;3.333
2556;49.669;4.094
2557;49.204;3.207
2558;50.009;3.809
2559;49.708;3.494
2560;49.708;3.461
2561;49.509;3.605
2562;49.433;3.188
2563;49.908;3.538
2564;49.332;3.334
2565;49.393;3.682
2566;49.614;3.191
2567;49.918;4.012
2568;49.214;3.13
2569;50.023;3.653
2570;49.73;3.146
2571;49.88;3.298
2572;49.376;4.016
2573;49.504;3.703
2574;49.886;4.011
2575;49.827;3.529
2576;49.4;3.237
2577;49.43;3.565
2578;49.431;3.74
2579;49.21;3.341
2580;49.207;3.382
2581;49.33;3.603
2582;49.426;3.702
2583;49.461;3.65
2584;50.017;3.88
2585;49.27;3.329
2586;49.744;4.162
2587;49.538;3.704
2588;49.394;3.703
2589;49.463;3.539
2590;48.955;3.564
2591;49.732;3.618
2592;49.794;3.564
2593;49.402;3.298
2594;49.162;3.184
2595;49.066;3.574
2596;48.953;3.284
2598;49.376;3.23
2599;49.567;3.258
2600;49.648;3.788
2601;49.409;4.03
2602;49.488;3.462
2604;49.756;3.104
2605;49.797;3.526
2606;49.239;3.348
2607;49.331;3.275
2608;49.819;4.02
2609;49.493;3.74
2610;49.392;3.279
2612;49.392;3.62
2613;49.418;3.82
2614;49.922;3.201
2615;49.915;3.23
2616;49.494;3.279
2617;49.678;3.586
2618;50.014;3.397
2619;49.549;3.418
2620;49.39;3.54
2621;49.514;3.625
2622;49.131;3.263
2623;49.772;3.863
2624;49.891;3.752
2625;49.902;3.574
2626;49.476;3.972
2627;49.478;4.016
2628;49.293;3.134
2629;49.847;3.664
2631;49.564;3.146
2632;49.509;3.385
2633;49.308;3.559
2634;49.702;4.159
2635;49.958;3.331
2636;49.834;3.421
2637;49.895;3.35
2638;49.679;3.525
2639;49.714;3.295
2640;49.734;3.453
2641;49.739;4.037
2642;49.741;4.21
2643;49.388;3.141
2644;49.319;3.004
2645;49.051;3.564
2647;50.037;3.588
2648;49.788;3.47
2649;49.145;3.389
2650;50.019;3.973
2651;49.649;3.416
2652;49.767;3.821
2653;48.985;3.334
2654;49.888;3.733
2655;49.14;3.602
2656;49.375;3.82
2657;49.806;3.787
2658;49.812;3.182
2659;49.858;3.333
2660;49.715;4.176
2661;49.512;3.538
2662;49.198;3.297
2663;49.323;3.371
2664;48.924;3.45
2665;49.242;3.382
2666;49.706;4.131
2667;49.351;3.247
2668;49.828;3.705
2670;49.894;3.826
2671;49.51;3.188
2672;49.364;3.15
2673;49.429;3.13
2674;49.775;4.073
2675;49.48;3.781
2676;49.518;3.864
2677;49.016;3.517
2678;49.725;4.074
2679;49.119;3.215
2680;49.595;3.394
2681;49.804;3.832
2682;49.381;3.589
2683;50.044;3.555
2684;49.926;4.153
2685;49.597;3.439
2686;49.544;3.203
2687;49.312;3.196
2688;49.824;3.814
2689;49.714;3.876
2690;49.617;3.911
2691;49.847;3.278
2693;49.246;3.308
2694;49.746;3.183
2696;49.501;3.819
2697;49.587;3.743
2698;49.439;3.476
2699;49.214;3.484
2701;48.976;3.313
2702;49.834;3.198
2703;49.963;3.494
2704;49.494;3.206
2705;49.57;3.995
2706;49.338;3.362
2707;49.57;3.387
2708;49.932;3.341
2709;50.025;3.363
2710;49.78;3.218
2711;49.332;3.45
2712;49.183;3.571
2713;49.212;3.559
2714;49.372;3.447
2715;49.352;3.683
2716;49.619;3.342
2717;49.765;3.423
2718;49.196;3.15
2719;49.591;3.269
2720;49.564;3.92
2721;49.811;3.421
2722;49.379;3.325
2723;49.698;4.086
2724;49.135;3.293
2725;49.957;3.946
2726;49.727;3.12
2727;49.769;3.668
2728;49.914;3.883
2729;49.321;3.123
2730;49.411;3.6
2731;49.866;3.752
2732;49.747;3.48
2734;49.31;3.05
2735;49.287;3.55
2736;49.44;3.232
2737;49.73;3.919
2738;49.657;3.299
2739;49.447;3.369
2740;49.815;3.952
2741;49.832;3.459
2742;49.765;3.78
2743;49.641;4.089
2744;49.083;3.274
2745;49.697;3.75
2746;49.686;3.345
2747;49.859;3.089
2748;49.092;3.602
2749;49.198;3.177
2750;49.518;3.232
2751;49.472;3.611
2752;49.77;3.161
2753;49.971;3.594
2754;49.661;3.157
2755;49.494;3.557
2756;49.79;3.316
2757;49.923;3.574
2758;49.411;3.52
2759;49.857;3.794
2760;50.026;3.561
2761;49.415;3.981
2762;49.476;3.156
2763;49.356;3.489
2764;49.42;3.73
2765;49.521;3.559
2766;49.475;3.487
2767;49.42;3.277
2768;49.477;3.408
2769;50.011;3.523
2770;49.357;3.296
2772;49.824;3.136
2773;49.346;3.602
2774;49.908;3.138
2775;49.72;3.345
2776;50.012;3.209
2777;48.873;3.443
2778;49.432;3.657
2779;49.99;3.63
2780;49.368;3.392
2781;49.074;3.422
2782;49.923;3.169
2783;49.943;3.581
2784;49.958;3.563
2785;49.884;3.152
2786;49.545;3.319
2787;49.644;3.679
2788;49.658;3.443
2789;49.835;3.925
2790;49.675;3.79
2791;49.539;3.731
2792;49.083;3.219
2793;49.467;3.223
2794;49.187;3.683
2795;49.411;3.109
2796;49.182;3.299
2797;49.379;3.626
2798;48.907;3.396
2799;49.287;3.278
2800;48.958;3.47
2801;49.744;3.995
2802;49.663;3.982
2803;49.427;3.851
2804;49.3;3.322
2805;49.379;3.362
2806;49.171;3.476
2807;49.661;3.198
2808;49.949;3.188
2809;49.163;3.716
2810;49.239;3.096
2812;49.265;3.268
2813;49.771;3.505
2814;49.926;3.682
2815;49.78;3.091
2816;49.172;3.532
2817;49.293;3.638
2818;48.998;3.261
2819;49.714;4.045
2820;49.638;3.248
2821;49.623;3.564
2822;49.305;3.092
2823;49.787;3.792
2824;49.518;3.651
2826;49.839;3.833
2827;49.716;3.738
2828;49.414;3.42
2829;49.431;3.388
2830;50.018;3.599
2831;49.916;4.2
2832;49.883;3.713
2833;49.948;3.997
2834;49.53;3.441
3001;46.096;3.45
3002;46.618;3.149
3003;46.716;2.721
3004;46.25;3.746
3005;46.367;2.41
3006;46.143;3.743
3007;46.227;2.665
3008;46.052;3.575
3009;46.673;3.162
3010;46.461;2.559
3011;46.683;3.305
3012;46.545;3.123
3013;46.598;3.319
3014;46.332;3.967
3015;46.646;3.204
3016;46.22;3.249
3017;46.284;3.698
3018;46.258;3.277
3019;46.587;3.669
3020;46.273;2.891
3021;46.123;3.143
3022;46.206;3.066
3023;46.122;3.397
3024;46.328;3.702
3025;46.451;3.368
3026;46.481;3.255
3027;46.332;2.849
3028;46.21;3.577
3029;46.232;3.44
3030;46.081;3.289
3031;46.402;2.731
3032;46.288;2.963
3033;46.183;3.506
3034;46.32;3.492
3035;46.307;3.907
3036;46.584;3.051
3037;46.659;2.654
3038;46.329;3.217
3039;46.434;3.249
3040;46.528;3.296
3041;46.584;2.715
3042;46.177;3.669
3043;46.196;3.288
3044;46.073;3.366
3045;46.057;3.515
3046;46.47;2.955
3047;46.228;2.779
3048;46.626;2.809
3049;46.299;3.199
3050;46.024;3.752
3051;46.414;2.426
3052;46.328;2.713
3053;46.236;3.16
3054;46.492;3.516
3055;46.428;2.504
3056;46.089;3.588
3057;46.66;3.53
3058;46.383;2.944
3059;46.266;3.23
3060;46.16;3.393
3061;46.083;3.246
3062;46.182;3.164
3063;46.442;3.973
3064;46.782;2.987
3065;46.416;3.298
3066;46.1;3.717
3067;46.397;3.633
3068;46.198;3.725
3069;46.462;3.128
3070;46.422;2.952
3071;46.354;3.597
3072;46.487;2.519
3073;46.478;3.313
3074;46.608;3.564
3075;46.213;3.112
3076;46.612;3.459
3077;46.246;3.032
3078;46.126;3.005
3079;46.323;3.551
3080;46.107;3.298
3081;46.267;2.794
3082;46.279;2.749
3083;46.346;3.315
3084;46.483;2.823
3085;46.555;3.245
3086;46.475;3.863
3087;46.674;2.897
3088;46.464;2.449
3089;46.205;3.008
3090;46.644;3.114
3091;46.27;3.424
3092;46.444;3.171
3093;46.178;3.463
3094;46.161;3.434
3095;46.138;3.483
3096;46.253;3.146
3097;46.378;2.776
3098;46.357;2.627
3099;46.375;3.041
3100;46.523;3.737
3101;46.368;2.544
3102;46.531;3.676
3103;46.345;3.8
3104;46.343;2.792
3105;46.227;3.705
3106;46.254;2.697
3107;46.118;3.074
3108;46.196;2.946
3109;46.142;3.268
3110;46.129;3.335
3111;46.425;2.625
3112;46.22;3.221
3113;46.02;3.648
3114;46.396;3.336
3115;46.287;3.162
3116;46.244;3.198
3117;46.644;3.037
3118;46.098;3.178
3119;46.718;3.596
3120;46.635;3.668
3121;46.63;3.405
3122;46.511;3.051
3124;46.411;3.438
3125;45.981;3.645
3126;46.077;3.439
3127;46.52;2.71
3128;46.377;2.482
3129;46.273;2.828
3130;46.682;2.777
3131;46.154;3.618
3132;46.377;3.59
3133;46.16;3.197
3134;46.345;3.176
3135;46.165;3.008
3136;46.304;2.438
3137;46.273;3.462
3138;46.265;3.638
3139;45.994;3.763
3140;46.309;2.602
3141;45.974;3.687
3142;46.304;3.831
3143;46.656;2.595
3144;46.399;3.768
3145;46.282;2.567
3146;46.684;3.055
3147;46.295;3.761
3148;46.266;3.342
3149;46.308;3.245
3150;46.534;2.838
3151;46.3;2.859
3152;46.23;2.973
3154;46.366;3.953
3155;46.735;2.918
3156;46.572;3.49
3157;46.217;3.511
3158;46.493;2.658
3159;46.307;2.77
3160;46.237;3.397
3161;46.17;2.634
3162;46.58;3.21
3163;46.025;3.486
3164;46.165;3.241
3165;46.06;3.656
3166;46.132;3.182
3167;46.218;2.554
3168;46.596;2.62
3169;46.388;3.232
3170;46.513;3.103
3171;46.451;3.524
3172;46.427;2.364
3173;46.464;3.926
3174;46.115;3.556
3175;46.263;3.104
3176;46.381;3.289
3177;46.435;3.825
3178;46.267;3.822
3179;46.291;3.516
3180;46.528;3.474
3181;46.361;3.728
3182;46.115;3.248
3183;46.406;3.054
3184;46.61;3.24
3185;46.339;2.604
3186;46.32;2.952
3187;46.338;3.451
3188;46.29;3.24
3189;46.316;2.822
3190;46.562;3.327
3191;46.411;2.904
3192;46.154;2.969
3193;46.498;2.594
3194;46.176;3.116
3195;46.299;2.676
3196;46.343;3.885
3197;46.467;3.437
3198;46.745;2.98
3200;46.571;3.283
3201;46.107;3.644
3202;46.48;3.119
3203;46.66;3.604
3204;46.29;3.37
3205;46.247;3.56
3206;46.19;2.561
3207;46.504;3.81
3208;46.422;3.89
3209;46.076;3.227
3210;46.705;3.007
3211;46.31;2.547
3212;46.309;2.494
3213;46.458;2.613
3214;46.444;3.037
3215;46.298;3.452
3216;46.202;2.701
3217;46.356;2.685
3218;46.536;3.001
3219;46.315;2.905
3220;46.15;3.141
3221;46.67;2.696
3222;46.545;2.74
3223;46.166;3.578
3224;46.058;3.722
3225;46.507;2.45
3226;46.383;3.861
3227;46.229;3.336
3228;46.497;2.363
3229;46.681;3.404
3230;46.173;3.536
3231;46.134;2.631
3232;46.229;3.475
3233;46.263;2.603
3234;46.384;3.407
3235;46.264;3.512
3236;46.196;3.43
3237;46.187;3.22
3238;46.487;3.015
3239;46.409;3.937
3240;46.411;3.688
3241;46.698;3.106
3242;46.355;3.376
3243;46.322;3.005
3244;46.153;2.581
3245;46.674;3.657
3246;46.333;2.443
3247;46.582;3.145
3248;46.063;3.795
3249;46.44;2.306
3250;46.196;3.77
3251;46.624;2.956
3252;46.159;3.299
3253;46.482;3.649
3254;46.304;3.305
3255;46.077;3.154
3256;46.356;2.903
3257;46.225;3.649
3258;46.192;3.383
3259;46.397;2.332
3260;46.412;3.004
3261;46.243;2.573
3262;46.388;2.609
3263;46.41;3.506
3264;46.064;3.468
3265;46.463;3.751
3266;46.25;3.468
3267;46.329;3.267
3268;46.138;3.221
3269;46.434;2.8
3270;46.347;2.97
3271;46.099;3.352
3272;46.28;3.59
3273;46.205;3.468
3274;46.361;3.658
3275;46.524;3.19
3276;46.152;3.056
3277;46.285;3.048
3278;46.208;3.146
3279;46.263;2.517
3280;46.214;2.619
3281;46.356;3.126
3282;46.588;2.88
3283;46.531;3.578
3284;46.412;3.573
3285;46.446;2.873
3286;46.511;3.377
3287;46.399;3.165
3288;46.348;2.352
3289;46.368;3.52
3290;46.637;3.316
3291;46.32;3.597
3292;46.419;3.089
3293;46.634;2.614
3294;46.21;3.19
3295;46.174;3.078
3296;46.716;2.82
3297;46.54;2.617
3298;46.317;3.4
3299;46.318;3.637
3300;46.448;3.624
3301;46.421;2.574
3302;46.17;3.054
3303;46.473;2.767
3304;46.162;3.347
3305;46.408;2.675
3306;46.107;3.475
3307;46.354;3.251
3308;46.26;2.972
3309;46.743;3.043
3310;46.13;3.424
3311;46.147;3.096
3312;46.5;2.882
3313;46.562;2.793
3314;46.278;2.633
3315;46.396;2.841
3316;46.674;3.25
3317;46.462;2.37
3319;46.326;3.073
3320;46.55;2.942
3321;46.564;3.38
4001;44.064;6.138
4004;43.789;6.031
4005;43.98;6.59
4006;44.262;6.627
4007;43.944;6.552
4008;43.962;6.664
4009;44.111;6.331
4012;43.934;5.677
4013;44.118;5.957
4016;44.249;6.151
4017;44.305;6.311
4018;44.027;5.65
4019;44.379;6.652
4020;44.273;6.253
4021;44.101;6.098
4022;43.946;6.378
4023;44.325;6.173
4024;44.219;6.371
4025;44.144;6.598
4026;44.404;6.194
4027;44.178;5.879
4028;43.984;6.24
4030;43.875;6.363
4031;43.926;6.126
4032;43.993;6.699
4033;44.444;6.289
4034;43.932;5.884
4035;43.886;6.033
4036;44.168;6.304
4037;44.374;6.069
4039;43.845;6.49
4040;44.202;6.132
4041;43.92;5.979
4042;44.04;6.734
4043;43.905;6.766
4045;43.85;5.59
4046;44.023;6.141
4047;44.097;6.145
4049;44.086;5.992
4050;44.275;6.03
4051;44.153;5.718
4053;44.096;5.93
4054;44.026;6.224
4055;43.992;6.317
4057;44.328;6.078
4058;44.374;5.965
4059;44.022;6.378
4061;44.172;6.662
4062;44.463;6.696
4063;43.761;5.746
4065;44.083;5.838
4066;44.408;6.03
4067;44.177;5.673
4068;43.893;5.776
4069;43.87;6.574
4070;44.091;6.236
4072;44.13;6.372
4073;44.364;6.71
4074;44.038;6.269
4075;44.196;6.022
4076;43.95;6.802
4077;43.938;6.034
4079;44.081;6.035
4081;43.744;5.989
4084;43.943;6.194
4085;44.396;6.104
4086;44.414;6.679
4087;44.007;5.794
4088;43.96;5.788
4090;44.014;6.666
4091;44.003;5.908
4092;43.83;6.572
4093;44.424;6.141
4094;43.768;5.865
4095;44.109;5.707
4096;44.388;6.786
4097;44.197;6.322
4099;44.045;6.445
4101;44.085;5.727
4102;44.433;6.419
4104;43.987;5.724
4106;43.97;5.88
4107;43.898;6.284
4108;44.034;6.05
4109;44.076;5.898
4110;44.042;6.118
4111;43.939;5.742
4112;43.835;5.791
4113;44.128;6.28
4115;44.04;6.645
4116;43.994;5.966
4118;44.356;5.993
4120;44.473;6.811
4121;43.998;6.179
4122;44.056;6.08
4123;44.262;5.866
4124;43.766;6.094
4126;44.402;6.341
4127;44.059;5.953
4128;43.832;5.689
4129;43.845;5.65
4130;44.041;5.85
4132;44.03;5.596
4133;43.964;6.462
4134;44.341;6.03
4135;43.838;6.228
4136;44.017;6.532
4137;44.289;6.009
4138;43.932;5.847
4139;44.169;5.81
4140;44.153;5.589
4141;44.031;5.725
4142;43.931;5.593
4143;43.911;5.925
4144;43.797;6.327
4145;44.141;5.944
4148;43.817;6.643
4149;44.035;5.928
4150;44.453;6.132
4151;43.962;5.836
4152;43.806;5.723
4154;44.496;6.365
4155;44.213;6.464
4156;43.979;6.025
4157;43.871;6.122
4158;43.708;6.023
4159;44.098;5.614
4160;43.886;5.659
4161;44.371;6.498
4162;43.976;5.675
4163;44.094;5.54
4164;44.02;5.823
4166;43.828;6.082
4167;44.193;6.23
4169;44.109;5.664
4170;43.912;6.881
4171;43.797;6.393
4172;43.821;6.149
4173;43.971;6.502
4174;43.963;6.724
4175;43.904;5.616
4176;43.764;6.152
4177;44.195;6.174
4178;44.067;5.78
4179;44.233;6.063
4180;43.977;6.371
4181;43.979;6.118
4182;43.927;6.078
4183;43.91;6.546
4184;43.899;6.193
4186;43.722;6.069
4187;43.979;6.406
4188;43.901;5.802
4189;43.778;5.962
4190;43.872;5.741
4191;44.383;6.256
4192;43.91;5.72
4193;44.559;6.821
4194;43.909;6.922
4195;44.417;6.615
4197;43.783;5.773
4199;44.17;5.748
4200;44.157;5.988
4201;44.081;5.682
4202;44.012;6.779
4203;44.372;6.294
4204;43.922;6.369
4205;44.339;6.385
4206;44.004;5.857
4207;44.322;5.961
4208;43.984;5.562
4209;44.2;5.931
4210;43.86;6.649
4211;44.159;6.044
4214;44.078;6.384
4216;44.33;5.925
4217;44.147;6.124
4218;44.107;6.489
4219;44.086;6.601
4220;44.39;6.561
4222;44.392;6.159
4224;43.907;6.687
4226;44.319;6.67
4227;43.947;5.635
4228;44.28;6.076
4229;44.137;5.876
4230;43.838;5.942
4231;44.252;5.97
4233;44.29;5.956
4234;44.442;6.087
4235;44.268;6.343
4236;43.915;6.605
4237;44.277;6.403
4240;44.198;6.569
4241;43.861;5.709
4242;43.896;5.857
4244;44.124;6.035
4245;43.871;5.832
5001;44.816;6.942
5003;44.779;6.875
5004;44.619;6.23
5006;44.782;6.472
5007;44.764;6.722
5008;44.493;5.72
5009;44.813;6.001
5010;44.562;5.772
5011;44.534;6.191
5012;44.505;6.505
5013;44.43;5.906
5014;44.265;5.729
5016;44.456;5.749
5017;44.58;6.213
5018;44.555;6.156
5019;44.548;5.654
5021;44.406;5.753
5022;44.421;6.223
5023;44.9;6.65
5024;44.468;5.504
5025;44.658;6.148
5026;44.653;6.804
5027;44.853;6.765
5028;44.478;5.783
5029;44.648;6.168
5031;44.718;6.531
5032;44.746;6.273
5033;44.365;5.66
5035;44.505;5.898
5036;44.642;6.483
5037;44.484;6.052
5038;44.768;6.8
5039;44.758;6.012
5040;44.546;6.288
5044;44.538;6.625
5045;44.496;6.462
5046;44.58;6.476
5047;44.214;5.729
5048;44.425;5.611
5049;44.463;5.893
5050;44.493;6.233
5051;44.321;5.644
5052;44.692;6.667
5053;44.357;5.783
5054;44.665;6.058
5055;44.568;5.74
5056;44.63;6.141
5057;44.453;6.001
5058;44.736;6.459
5059;44.536;6.008
5060;44.537;5.876
5061;44.58;6.065
5062;44.748;5.975
5063;45.06;6.284
5064;44.817;6.243
5065;44.668;6.701
5066;44.569;5.628
5068;44.505;6.108
5070;44.334;5.816
5071;44.437;5.974
5072;44.642;6.071
5073;44.352;5.85
5074;44.481;6.073
5075;44.533;5.95
5076;44.384;5.713
5077;44.717;6.892
5078;44.393;5.934
5079;44.996;6.47
5080;44.592;5.668
5081;44.415;5.67
5082;44.669;6.625
5084;44.544;6.233
5085;44.939;6.728
5086;44.366;5.615
5087;44.59;5.886
5089;44.387;5.746
5090;44.741;6.129
5091;44.41;5.509
5092;44.496;6.026
5093;45.044;6.599
5094;44.31;5.754
5095;44.7;6.001
5096;44.684;6.349
5097;44.315;5.706
5098;44.485;6.58
5099;44.506;5.799
5100;44.51;5.999
5101;44.9;6.436
5102;44.478;5.648
5103;44.279;5.901
5104;44.685;6.034
5106;44.543;6.336
5107;44.891;6.567
5108;44.569;6.411
5109;44.897;6.605
5110;44.814;6.465
5111;44.556;6.437
5112;44.606;6.011
5113;44.547;6.132
5114;44.611;6.36
5115;44.472;6.16
5116;44.681;6.565
5117;44.411;5.558
5118;44.221;5.843
5119;44.624;6.623
5121;44.452;6.192
5122;44.766;6.616
5123;44.584;5.96
5124;44.593;6.149
5126;44.4;5.462
5127;44.484;6.267
5128;44.587;6.571
5129;44.365;5.521
5130;44.558;6.354
5131;44.488;5.848
5132;44.682;6.103
5133;44.935;6.601
5134;44.648;6.561
5135;44.289;5.668
5136;44.724;6.636
5139;44.678;5.94
5140;44.508;6.163
5142;44.794;6.026
5144;44.774;6.07
5145;44.674;6.231
5146;44.626;5.72
5147;44.668;6.13
5148;44.634;6.109
5149;44.647;6.212
5151;44.838;6.583
5152;44.798;6.113
5153;44.689;6.17
5154;44.52;5.69
5155;44.248;5.768
5156;44.537;6.529
5157;44.684;6.891
5158;44.464;5.834
5159;44.32;5.775
5160;44.242;5.701
5161;44.953;6.565
5162;44.43;6.011
5163;44.486;6.323
5164;44.527;6.394
5165;44.424;5.799
5166;44.421;5.716
5167;44.458;5.685
5168;44.48;5.97
5169;44.362;5.573
5170;44.459;6.045
5171;44.485;6.197
5172;44.355;5.718
5173;44.32;5.883
5174;44.951;6.666
5176;44.489;6.138
5177;44.592;6.714
5178;44.386;5.888
5179;44.557;5.823
5180;44.821;6.537
5181;45.0;6.364
5182;44.837;6.136
5183;44.84;6.65
5184;44.425;5.948
6001;43.852;6.935
6002;43.896;6.813
6003;43.777;6.823
6004;43.588;7.106
6005;43.919;7.016
6006;43.775;7.245
6007;43.612;6.912
6008;44.007;6.915
6009;43.987;7.12
6010;43.699;6.963
6011;43.708;7.333
6012;43.748;7.422
6013;44.056;7.374
6014;43.83;7.284
6015;43.838;7.331
6016;44.108;6.972
6017;43.804;7.094
6018;43.628;7.083
6019;43.794;7.36
6020;43.995;7.372
6021;43.862;7.183
6022;43.825;7.126
6023;43.94;7.504
6024;43.865;6.745
6025;43.815;7.159
6026;43.66;6.878
6027;43.672;7.153
6028;43.769;6.757
6029;43.553;7.004
6030;43.573;7.006
6031;43.771;7.313
6032;43.725;7.402
6033;43.785;7.184
6034;43.792;7.228
6035;43.822;7.499
6036;43.836;7.465
6037;43.737;6.902
6038;43.666;6.979
6039;43.8;7.294
6040;44.164;6.835
6041;43.77;6.928
6042;44.005;7.179
6043;43.866;7.299
6044;43.687;7.098
6045;43.894;6.864
6046;43.759;7.223
6047;43.841;7.045
6048;43.809;7.324
6049;43.753;7.017
6050;43.792;7.036
6051;44.0;6.87
6052;43.889;7.004
6053;44.039;6.8
6054;43.758;7.337
6055;43.894;7.28
6056;44.215;6.763
6057;43.834;7.366
6058;43.729;6.783
6059;43.729;7.361
6060;43.752;7.266
6061;43.842;7.093
6062;44.022;7.544
6063;43.86;6.817
6064;43.765;7.169
6065;43.721;7.16
6066;43.848;7.161
6067;43.786;7.446
6068;43.724;6.964
6069;43.656;6.932
6070;43.807;6.932
6071;44.088;6.875
6072;44.035;7.09
6073;44.187;7.075
6074;43.971;7.305
6075;43.85;7.24
6076;44.002;7.032
6077;43.901;7.353
6078;43.915;7.141
6079;43.538;6.918
6080;44.035;7.157
6081;43.837;6.859
6082;43.948;7.124
6083;43.791;7.494
6084;43.618;6.965
6085;43.596;7.001
6086;43.954;7.414
6087;43.872;6.859
6088;43.712;7.238
6089;43.658;7.009
6090;43.587;6.922
6091;43.806;7.411
6092;43.773;7.372
6093;43.925;6.942
6094;44.13;6.921
6095;43.63;6.882
6096;44.035;7.017
6097;43.885;7.071
6098;43.987;6.937
6099;43.952;6.906
6100;43.883;7.168
6101;43.993;6.975
6102;44.103;7.145
6103;44.027;7.293
6104;43.764;7.459
6105;43.674;7.053
6106;43.868;7.024
6107;43.849;6.99
6108;43.585;6.95
6109;43.833;7.205
6110;44.108;7.028
6111;44.119;7.067
6112;43.68;7.01
6113;43.806;7.461
6114;43.746;7.289
6115;43.908;6.977
6116;43.831;6.74
6117;43.813;7.23
6118;43.659;6.803
6119;44.29;6.841
6120;44.249;6.924
6121;43.687;7.33
6122;43.759;7.141
6123;43.686;7.182
6124;44.003;6.823
6125;44.149;6.746
6126;43.817;7.199
6127;44.102;7.302
6128;43.695;7.121
6129;44.121;7.118
6130;43.697;6.851
6131;43.881;6.914
6132;43.994;7.538
6133;44.085;6.801
6134;43.766;6.69
6135;43.876;6.966
6136;43.884;7.448
6137;43.652;6.857
6138;43.498;6.93
6139;43.974;7.042
6140;43.624;6.853
6141;43.892;7.108
6142;43.852;7.378
6143;43.943;7.014
6144;43.963;7.2
6145;43.878;7.137
6146;43.941;7.158
6147;43.786;7.273
6148;43.718;7.04
6149;43.743;7.34
6150;43.745;7.398
6151;43.927;7.239
6152;43.628;7.03
6153;44.113;7.196
6154;43.794;6.71
6155;43.577;7.058
6156;44.041;7.239
6157;43.738;7.102
6158;43.952;7.08
6159;43.712;7.322
6160;44.122;6.782
6161;43.649;7.107
6162;44.072;7.652
6163;44.1;7.54
7001;44.888;4.392
7002;44.599;4.333
7003;44.72;4.331
7004;44.755;4.486
7005;44.554;4.596
7006;44.815;4.425
7007;44.94;4.734
7008;44.707;4.624
7009;45.228;4.797
7010;45.246;4.65
7011;44.739;4.355
7012;44.9;4.318
7013;45.191;4.743
7014;45.04;4.63
7015;45.144;4.804
7017;44.426;4.185
7018;44.685;4.027
7019;44.61;4.396
7020;44.586;4.634
7022;44.706;4.751
7023;44.508;4.372
7024;44.361;4.151
7025;44.669;4.159
7026;44.856;4.13
7027;44.83;4.797
7028;44.355;4.251
7029;44.543;4.172
7030;44.87;4.512
7031;44.383;4.208
7032;44.655;4.572
7033;44.338;4.298
7034;44.357;4.544
7035;44.919;4.696
7036;45.28;4.767
7037;44.895;4.227
7038;44.617;4.042
7039;45.059;4.648
7040;45.029;4.688
7041;45.267;4.645
7042;44.383;4.614
7044;45.327;4.678
7045;44.748;4.234
7047;44.674;3.902
7048;44.88;4.558
7049;44.83;4.299
7050;44.426;4.129
7051;45.277;4.798
7052;44.956;4.752
7053;44.414;4.243
7054;44.93;4.307
7055;44.867;4.833
7056;45.343;4.732
7058;44.566;4.302
7059;44.987;4.838
7060;44.925;4.642
7061;44.491;4.344
7062;44.595;4.298
7063;45.131;4.741
7064;44.908;4.421
7065;44.688;4.295
7066;44.71;4.67
7067;45.265;4.746
7068;45.012;4.715
7069;45.059;4.699
7070;44.966;4.841
7071;44.795;3.962
7072;44.743;4.623
7073;45.01;4.639
7074;44.76;4.53
7075;44.8;4.128
7076;44.657;4.757
7077;44.66;4.516
7078;45.255;4.702
7079;44.992;4.501
7080;45.066;4.393
7081;44.563;4.107
7082;44.852;4.358
7083;44.834;4.651
7084;45.161;4.749
7085;45.026;4.597
7086;45.095;4.74
7087;44.648;4.281
7088;44.479;4.14
7089;45.316;4.727
7090;44.751;4.66
7091;44.581;4.347
7092;44.689;4.547
7093;44.737;4.385
7094;44.863;4.745
7095;44.986;4.677
7096;44.846;4.526
7097;45.007;4.825
7098;44.729;4.455
7099;44.445;4.534
7100;44.421;4.072
7101;44.393;4.287
7102;44.93;4.866
7103;44.986;4.344
7104;44.788;4.456
7105;44.767;4.015
7106;44.852;4.053
7107;44.63;4.238
7108;44.92;4.393
7109;44.572;4.246
7110;44.47;4.248
7111;44.704;4.307
7112;44.749;4.298
7113;44.353;4.42
7114;45.033;4.495
7115;44.468;4.311
7116;44.642;4.357
7117;44.46;4.214
7118;44.596;4.17
7119;44.823;4.075
7120;44.801;4.288
7121;44.812;4.019
7122;44.562;4.359
7123;44.954;4.319
7124;45.078;4.517
7126;44.445;4.431
7127;44.652;4.314
7128;45.116;4.526
7129;44.982;4.591
7130;44.729;3.997
7131;44.537;4.384
7132;44.534;4.301
7133;44.454;4.596
7134;44.503;4.288
7136;44.621;3.919
7137;44.741;3.952
7138;44.582;4.448
7139;44.762;4.334
7140;45.097;4.779
7141;44.609;4.298
7142;44.734;3.896
7143;45.353;4.75
7144;44.591;4.051
7145;44.619;4.466
7146;44.757;4.597
7147;44.478;4.05
7148;44.35;4.073
7149;44.806;4.389
7150;44.886;4.353
7151;45.01;4.329
7152;45.029;4.82
7153;44.665;4.101
7154;44.725;4.081
7155;44.626;4.351
7156;44.678;4.26
7157;44.619;4.716
7158;44.807;4.342
7159;44.596;4.496
7160;45.2;4.505
7161;44.717;4.196
7162;44.518;4.294
7163;44.533;4.004
7165;44.928;4.477
7166;45.034;4.546
7167;44.81;4.62
7168;44.31;4.424
7169;45.163;4.797
7170;45.08;4.557
7171;44.455;4.149
7172;45.286;4.728
7173;44.78;4.261
7174;45.296;4.784
7175;44.693;3.951
7176;44.486;4.158
7177;45.016;4.78
7178;44.666;4.297
7179;44.739;4.504
7181;44.752;4.749
7182;44.633;4.31
7183;44.473;4.376
7184;44.781;4.575
7185;45.136;4.654
7186;44.722;4.594
7187;44.595;4.254
7188;45.192;4.695
7189;44.504;4.198
7190;44.518;4.448
7191;44.589;4.692
7192;45.086;4.459
7193;44.581;4.279
7194;44.681;4.611
7195;44.922;4.232
7196;44.568;4.208
7197;45.219;4.649
7198;44.779;4.73
7199;44.492;4.262
7200;44.721;4.143
7201;44.448;4.348
7202;44.544;4.063
7203;44.801;4.216
7204;45.005;4.413
7205;45.186;4.632
7206;44.71;3.918
7207;44.434;4.295
7208;44.53;4.537
7209;44.845;4.288
7210;44.693;4.401
7211;44.315;4.212
7212;45.116;4.41
7213;44.508;4.152
7214;44.92;4.59
7215;44.885;4.479
7216;44.96;4.65
7217;45.046;4.744
7218;44.949;4.562
7219;44.673;4.669
7220;44.87;4.438
7221;44.794;4.68
7222;44.926;4.454
7223;44.62;4.274
7224;44.768;4.089
7225;45.276;4.687
7226;44.95;4.26
7227;45.249;4.736
7228;45.259;4.779
7229;44.612;4.42
7230;44.7;4.473
7231;44.599;4.374
7232;44.647;3.973
7233;44.801;4.524
7234;45.243;4.777
7235;44.829;4.186
7236;45.077;4.61
7237;44.835;4.689
7238;44.445;4.187
7239;44.844;4.424
7240;44.859;4.81
7241;44.553;4.448
7242;44.634;4.539
7243;45.332;4.663
7244;44.908;4.562
7245;45.079;4.8
7247;44.587;4.538
7248;44.955;4.419
7249;45.048;4.464
7250;45.145;4.71
7251;44.748;4.414
7253;44.771;4.44
7254;44.66;4.404
7255;44.759;4.693
7257;44.868;4.676
7258;45.167;4.488
7259;44.293;4.624
7260;44.692;4.716
7261;44.823;4.745
7262;44.597;3.958
7263;44.664;4.485
7264;44.33;4.607
7265;45.289;4.63
7266;44.485;3.998
7267;44.863;4.251
7268;44.307;4.573
7269;44.937;4.371
7270;44.635;4.656
7272;44.519;4.405
7273;44.484;4.482
7274;44.855;4.582
7275;44.539;4.129
7276;44.899;4.457
7277;44.699;4.433
7278;44.837;4.612
7279;44.434;4.633
7280;44.332;4.155
7281;44.941;4.825
7282;44.71;4.266
7283;44.654;4.622
7284;44.483;4.102
7285;45.129;4.485
7286;44.819;4.481
7287;44.599;4.572
7288;44.713;4.536
7289;44.629;4.423
7290;44.947;4.501
7291;44.378;4.496
7292;45.166;4.682
7293;44.976;4.796
7294;44.295;4.258
7295;44.82;4.573
7296;44.576;4.382
7297;44.988;4.75
7298;44.728;4.706
7299;45.156;4.55
7300;44.502;4.619
7301;45.099;4.688
7302;44.657;4.708
7303;44.792;4.638
7304;44.388;4.367
7305;44.436;4.098
7306;44.412;4.332
7307;44.533;4.232
7308;45.187;4.784
7309;45.142;4.588
7310;45.301;4.673
7311;44.617;4.608
7312;45.129;4.777
7313;45.314;4.763
7314;44.874;4.613
7315;44.628;4.162
7316;44.892;4.851
7317;45.219;4.774
7318;44.552;4.273
7319;44.543;4.665
7321;45.234;4.76
7322;44.674;4.212
7323;44.902;4.793
7324;45.054;4.815
7325;44.643;4.388
7326;44.771;4.169
7327;44.518;4.327
7328;44.36;4.344
7329;44.594;4.113
7330;44.4;4.405
7331;44.667;4.343
7332;44.5;4.561
7333;45.224;4.534
7334;44.392;4.115
7335;45.108;4.607
7336;44.506;4.226
7337;45.222;4.724
7338;44.905;4.644
7339;44.658;4.444
7340;44.735;4.556
7341;44.549;4.503
7342;45.226;4.595
7343;44.546;4.333
7344;45.331;4.702
7345;45.112;4.798
7346;44.484;4.67
7347;45.195;4.564
7348;44.558;4.411
7349;44.802;4.78
8001;49.492;4.327
8003;49.79;4.77
8004;49.471;4.164
8005;49.403;4.345
8006;49.512;4.549
8008;49.516;4.503
8010;49.489;4.489
8011;49.925;4.664
8013;49.635;4.977
8014;49.432;4.414
8015;49.844;4.305
8016;49.795;4.314
8017;49.259;4.968
8018;49.267;4.705
8019;49.529;4.899
8020;49.501;4.828
8021;49.554;4.342
8022;49.826;4.661
8023;49.572;4.893
8024;49.473;4.124
8025;49.476;4.585
8026;49.764;4.428
8027;49.556;4.483
8028;50.087;4.767
8029;49.615;5.296
8030;49.857;4.268
8031;49.276;4.624
8032;49.346;4.327
8033;49.46;4.878
8034;49.607;5.018
8035;49.454;4.906
8036;49.266;4.831
8037;49.866;4.361
8038;49.481;4.251
8039;49.466;4.069
8040;49.722;4.752
8041;49.602;4.668
8043;49.69;4.964
8044;49.491;4.151
8045;49.422;4.752
8046;49.57;4.132
8047;49.677;4.58
8048;49.525;4.315
8049;49.447;4.958
8052;49.396;5.011
8053;49.677;4.985
8055;49.528;5.035
8056;49.372;4.892
8057;49.465;4.818
8058;49.773;4.638
8059;49.482;5.044
8060;49.419;4.247
8061;49.527;4.937
8062;49.539;4.401
8063;49.554;4.97
8064;49.477;4.384
8065;49.557;5.278
8066;49.39;4.422
8067;49.624;5.198
8069;49.767;4.252
8070;49.488;4.19
8071;49.816;4.454
8073;49.84;4.256
8074;49.258;4.773
8075;49.419;4.835
8076;49.69;4.697
8077;49.382;4.618
8078;49.889;4.554
8080;49.584;4.665
8081;49.848;4.751
8082;49.332;4.756
8083;49.659;5.08
8084;49.426;4.062
8085;49.482;4.861
8086;49.404;4.869
8087;49.933;4.28
8088;49.629;4.914
8089;49.418;4.974
8090;49.639;5.172
8092;49.351;4.459
8094;49.799;4.426
8095;49.572;4.7
8096;49.708;4.756
8097;49.308;4.746
8098;49.352;4.928
8099;49.704;4.664
8100;49.835;4.326
8101;49.761;5.024
8102;49.607;4.279
8103;49.506;4.59
8104;49.42;4.596
8105;49.775;4.717
8106;50.102;4.831
8107;49.534;4.248
8109;49.279;4.952
8110;49.84;4.518
8111;49.41;4.274
8113;49.649;4.238
8115;49.612;4.868
8116;49.512;4.77
8117;49.561;4.567
8119;49.663;4.889
8120;49.323;4.894
8121;49.842;4.471
8122;50.091;4.801
8123;49.451;4.622
8124;49.745;4.548
8125;49.809;4.612
8126;49.542;4.198
8128;49.245;4.856
8130;49.362;4.616
8131;49.299;4.934
8132;49.582;4.455
8133;49.51;4.462
8134;49.43;4.574
8135;49.406;4.789
8136;49.705;5.001
8137;49.808;4.683
8138;49.654;5.23
8139;49.875;4.694
8140;49.686;4.81
8141;49.68;4.482
8142;49.738;4.89
8143;49.634;4.306
8144;49.517;4.428
8145;49.673;5.036
8146;49.653;4.334
8147;49.394;4.516
8148;49.41;4.21
8149;49.805;4.484
8150;49.554;4.288
8151;49.534;4.588
8153;49.697;5.126
8154;49.825;4.346
8155;49.853;4.446
8156;49.891;4.403
8158;49.687;4.749
8159;49.629;5.114
8160;49.727;4.676
8161;49.294;5.022
8162;49.732;4.619
8163;49.609;4.506
8164;49.384;4.741
8165;49.537;4.504
8166;50.022;4.707
8167;49.758;4.304
8168;49.572;5.24
8169;49.819;4.399
8170;49.776;4.964
8171;49.309;4.981
8172;49.884;4.265
8173;49.695;4.775
8174;49.723;4.933
8175;50.129;4.775
8176;49.45;5.005
8178;49.664;4.168
8179;49.72;5.076
8180;49.726;4.707
8182;49.734;4.262
8183;50.115;4.863
8184;49.601;5.256
8185;49.973;4.66
8186;49.433;4.879
8187;49.773;4.824
8188;49.818;4.844
8189;49.852;4.386
8190;50.142;4.835
8191;49.732;4.997
8192;49.656;4.296
8193;49.489;4.531
8194;49.717;4.906
8195;49.51;4.168
8196;49.652;4.407
8197;49.291;4.855
8198;49.356;4.865
8199;49.786;4.804
8200;49.427;4.64
8201;49.71;4.604
8202;49.954;4.539
8203;49.689;4.633
8204;49.556;4.628
8205;49.611;4.584
8206;49.795;4.588
8207;50.09;4.783
8208;49.817;4.234
8209;49.673;4.829
8210;49.606;4.143
8211;49.624;4.954
8212;49.853;4.558
8214;50.009;4.791
8215;49.439;4.924
8216;49.784;4.612
8217;49.858;4.793
8218;49.909;4.847
8219;49.583;4.299
8220;49.316;4.412
8222;49.993;4.735
8223;49.602;5.353
8225;49.526;4.188
8226;50.099;4.734
8228;49.624;4.677
8229;49.423;4.126
8230;49.813;4.67
8232;49.758;4.98
8233;49.371;4.975
8234;49.563;4.319
8235;49.757;4.828
8236;49.675;4.56
8237;49.832;4.764
8238;49.569;4.663
8239;49.394;4.38
8240;49.605;4.326
8242;49.902;4.696
8243;49.669;4.37
8244;49.526;4.689
8245;49.275;4.888
8246;49.352;5.013
8247;50.079;4.828
8248;49.665;4.527
8249;49.83;4.494
8250;49.382;4.551
8251;49.749;4.456
8252;49.544;5.08
8254;49.761;4.342
8255;49.616;5.229
8256;49.305;4.643
8257;49.776;4.388
8259;49.386;4.8
8260;49.815;4.586
8262;49.537;4.476
8263;49.735;4.787
8264;49.353;4.507
8268;49.59;4.918
8269;49.576;5.181
8271;49.257;4.655
8272;49.728;4.342
8273;49.835;4.427
8274;49.314;4.92
8275;49.617;5.361
8276;49.58;5.272
8277;49.746;4.381
8278;49.548;4.705
8279;49.401;4.641
8280;49.288;4.69
8281;49.676;5.226
8282;49.882;4.433
8283;49.611;4.618
8284;49.897;4.632
8286;49.437;4.45
8287;49.375;4.288
8288;49.618;4.399
8289;49.691;5.153
8291;49.66;5.283
8293;49.6;5.279
8295;49.712;4.637
8296;49.288;4.803
8297;49.836;4.65
8298;49.791;4.744
8300;49.55;4.859
8301;49.512;4.719
8302;49.9;4.748
8303;49.309;4.704
8304;50.048;4.711
8305;49.645;4.612
8306;49.464;4.478
8307;49.703;4.328
8308;49.332;4.641
8309;49.387;4.477
8310;49.315;4.785
8311;49.59;5.077
8312;49.81;4.54
8313;49.503;4.296
8314;49.406;4.312
8315;49.758;4.512
8316;49.823;4.807
8317;49.58;4.856
8318;49.933;4.241
8319;49.906;4.353
8320;49.347;4.393
8321;49.5;4.692
8322;49.733;4.59
8323;49.647;4.36
8324;49.627;4.539
8325;49.458;4.794
8326;49.451;5.055
8327;49.709;4.798
8328;49.82;4.754
8329;49.596;4.429
8330;49.546;4.442
8331;49.659;4.93
8332;49.507;4.929
8333;49.358;4.783
8334;49.63;4.827
8335;49.593;4.739
8336;49.659;5.158
8338;49.413;4.5
8339;49.449;4.355
8340;49.42;4.095
8341;49.644;4.653
8342;49.71;5.098
8343;49.681;5.089
8344;49.802;4.361
8346;49.748;4.686
8347;49.636;5.275
8348;49.594;4.537
8349;49.682;5.18
8350;49.446;4.777
8351;49.406;4.582
8352;49.652;4.591
8353;50.121;4.822
8354;49.589;4.962
8355;49.926;4.415
8356;49.601;4.232
8357;49.649;4.994
8358;49.784;4.547
8360;49.651;4.136
8361;49.849;4.605
8362;49.513;4.384
8363;49.934;4.692
8364;49.484;4.637
8365;49.839;4.535
8366;49.7;4.247
8367;49.932;4.558
8368;49.426;4.186
8369;49.684;4.306
8370;49.785;4.502
8372;49.688;4.206
8373;49.805;4.271
8374;49.545;4.67
8375;49.67;5.128
8376;49.6;5.174
8377;49.655;4.852
8378;49.296;4.435
8379;49.308;4.511
8380;49.573;4.201
8381;49.521;4.135
8382;49.725;4.306
8383;49.338;4.954
8384;49.498;4.625
8385;49.759;4.776
8386;49.453;4.215
8387;49.572;4.613
8388;49.706;4.72
8389;49.768;4.575
8390;49.371;4.672
8391;49.76;4.932
8392;49.339;4.697
8393;49.296;4.464
8394;49.489;4.945
8395;49.702;4.683
8396;49.586;4.081
8397;49.4;4.232
8398;49.46;4.592
8399;49.598;5.314
8400;49.66;4.8
8401;49.447;4.504
8402;49.576;4.508
8403;49.487;4.356
8404;49.425;4.157
8405;49.551;4.787
8406;49.36;4.722
8407;49.272;4.737
8408;49.86;4.67
8409;49.697;4.93
8410;49.329;4.576
8411;49.496;4.663
8412;49.308;4.852
8413;49.622;4.188
8415;49.589;4.361
8416;49.474;4.453
8417;49.879;4.479
8418;49.617;4.081
8419;49.703;4.404
8420;49.931;4.299
8421;49.578;5.311
8422;49.642;4.706
8424;49.503;4.987
8425;49.326;4.993
8426;49.58;4.267
8427;49.552;4.372
8428;49.541;4.538
8429;49.808;4.563
8430;49.55;4.922
8431;49.355;4.661
8432;49.766;4.612
8433;49.52;4.639
8434;49.514;4.872
8435;49.45;4.292
8436;49.927;4.475
8437;49.408;5.068
8438;49.511;4.258
8439;49.524;4.825
8440;49.876;4.297
8444;49.649;5.117
8445;49.648;4.946
8446;49.406;4.921
8448;49.9;4.808
8449;49.715;4.512
8450;49.752;4.61
8451;49.545;4.09
8452;49.477;4.421
8453;49.426;4.785
8454;49.677;4.615
8455;49.398;4.602
8456;49.873;4.784
8457;49.799;4.64
8458;49.541;4.642
8459;49.662;5.26
8460;49.845;4.501
8461;49.441;4.718
8462;49.446;4.549
8463;49.478;4.992
8464;49.298;4.784
8465;49.69;4.183
8466;49.603;5.137
8467;49.583;4.556
8468;49.769;4.473
8469;49.604;4.792
8470;49.382;4.929
8471;49.496;4.885
8472;49.633;4.484
8473;49.451;4.106
8476;49.504;4.077
8477;49.627;5.018
8478;49.627;4.728
8479;49.622;4.564
8480;49.741;4.751
8481;49.682;4.855
8482;49.663;4.679
8483;49.756;4.796
8484;49.394;4.447
8485;49.594;5.221
8486;50.077;4.705
8487;50.057;4.747
8488;49.732;4.824
8489;49.474;4.681
8490;49.4;4.701
8491;49.737;4.856
8492;49.705;4.835
8494;49.68;4.931
8496;49.647;4.446
8497;49.768;4.666
8498;49.732;4.656
8499;49.628;4.358
8500;49.587;4.582
8501;49.669;5.301
8502;49.568;5.017
8503;49.675;4.663
9001;43.051;1.472
9002;43.001;1.877
9003;42.91;1.9
9004;42.754;1.698
9005;42.894;1.268
9006;42.816;1.581
9007;43.038;1.364
9008;42.898;1.129
9009;42.981;1.456
9011;42.873;0.901
9012;42.804;1.742
9013;42.98;1.634
9014;42.924;0.991
9015;42.876;1.595
9016;42.852;1.646
9017;42.884;1.053
9018;42.948;1.02
9019;43.143;1.447
9020;42.69;2.038
9021;43.067;1.563
9022;43.059;1.729
9023;42.719;1.932
9024;42.681;1.66
9025;42.921;0.966
9026;42.93;1.02
9027;42.911;0.917
9029;42.767;1.357
9030;42.702;1.443
9031;42.8;1.761
9032;42.687;1.818
9033;43.079;1.07
9034;42.888;0.983
9035;42.967;1.018
9037;43.062;1.135
9038;43.169;1.274
9039;43.058;1.884
9040;43.14;1.715
9041;43.062;1.0
9042;43.024;1.427
9043;42.951;1.9
9044;43.018;1.542
9045;42.88;1.567
9046;43.084;1.101
9047;42.894;1.953
9048;43.007;1.933
9049;42.958;1.528
9050;43.078;1.609
9051;42.895;1.851
9052;43.073;1.846
9053;42.787;1.8
9054;43.085;1.029
9055;42.854;1.078
9056;43.152;1.574
9057;42.905;1.309
9058;42.863;1.62
9059;42.841;0.983
9060;43.173;1.587
9061;43.113;1.366
9062;42.834;1.034
9063;42.933;1.446
9064;42.793;1.644
9065;42.908;1.391
9066;42.932;1.512
9067;43.207;1.516
9068;42.952;1.472
9069;42.957;0.96
9070;42.786;1.686
9071;43.014;1.502
9072;43.033;1.741
9073;43.069;1.277
9074;43.022;1.962
9075;43.12;1.322
9076;43.249;1.524
9077;42.792;1.576
9078;42.708;2.124
9079;43.158;1.372
9080;42.975;1.762
9081;43.131;1.694
9082;42.993;1.338
9083;43.127;1.404
9084;43.166;1.32
9085;42.917;1.056
9086;43.024;1.079
9087;42.772;1.822
9088;42.807;1.728
9089;43.093;1.94
9090;43.053;1.519
9091;42.998;1.035
9092;42.842;1.691
9093;42.917;1.697
9094;43.12;1.067
9095;42.929;1.048
9096;42.782;1.677
9097;43.037;1.291
9098;43.058;1.207
9099;42.98;1.569
9100;42.753;1.183
9101;43.065;1.689
9102;43.068;1.822
9103;43.028;1.59
9104;43.029;1.648
9105;43.145;1.304
9106;42.944;1.871
9107;43.026;1.793
9108;43.02;1.347
9109;43.195;1.464
9110;42.964;1.193
9111;42.94;1.063
9113;42.834;1.303
9114;42.935;1.2
9115;42.981;1.843
9116;43.128;1.549
9117;43.187;1.5
9118;42.959;1.354
9119;42.955;1.156
9120;43.119;1.114
9121;42.938;1.607
9122;42.966;1.61
9123;43.164;1.242
9124;43.18;1.415
9125;42.872;1.898
9126;42.892;1.73
9127;43.066;1.421
9128;43.037;1.135
9129;42.946;0.902
9130;42.931;1.56
9131;42.765;1.745
9132;43.173;1.73
9133;42.829;1.566
9134;42.718;1.585
9136;42.828;1.516
9137;43.002;1.68
9138;42.973;1.679
9139;42.596;1.778
9140;42.743;1.846
9141;42.922;0.954
9142;42.951;1.785
9143;42.788;1.542
9145;43.08;1.739
9146;43.214;1.489
9147;43.262;1.522
9148;43.047;1.013
9149;42.933;1.171
9150;43.046;1.936
9151;43.12;1.424
9152;42.804;1.555
9153;43.144;1.776
9154;42.993;1.4
9155;42.769;1.646
9156;42.797;1.628
9157;42.968;1.872
9158;43.077;1.164
9159;42.741;1.718
9160;42.934;1.846
9161;42.985;1.918
9162;42.71;1.528
9163;43.149;1.513
9164;43.009;1.242
9165;42.928;1.939
9166;42.946;1.726
9167;43.28;1.345
9168;42.985;1.791
9169;43.011;1.844
9170;43.267;1.51
9171;42.798;1.785
9172;43.188;1.283
9173;43.043;1.555
9174;43.01;1.594
9175;43.12;1.717
9176;42.72;1.743
9177;43.109;1.511
9178;43.112;1.933
9179;43.033;1.716
9180;43.107;1.814
9181;43.069;1.349
9182;42.876;1.377
9183;43.032;0.992
9184;43.077;1.232
9185;43.23;1.679
9186;43.182;1.308
9187;43.053;1.068
9188;42.88;1.644
9189;42.628;1.834
9190;43.091;1.205
9192;42.78;1.606
9193;42.71;2.012
9194;43.109;1.869
9195;43.095;1.476
9196;42.964;1.413
9197;42.78;1.903
9198;43.07;1.186
9199;43.186;1.656
9200;42.978;1.967
9201;42.983;1.093
9202;43.076;1.497
9203;43.006;1.47
9204;43.035;1.216
9205;43.1;1.288
9206;42.866;1.771
9207;42.938;1.644
9208;42.994;1.073
9209;43.015;1.176
9210;42.904;1.605
9211;42.843;1.827
9212;43.021;1.317
9213;43.072;1.948
9214;42.944;1.098
9215;42.919;1.748
9216;42.992;1.435
9217;42.816;1.599
9218;42.676;1.876
9219;42.926;0.938
9220;42.658;1.937
9221;42.822;1.646
9222;42.794;1.512
9223;42.86;1.235
9224;43.1;1.447
9225;43.124;1.615
9226;42.763;1.688
9227;42.929;1.808
9228;42.719;1.774
9229;42.956;1.928
9230;42.688;2.056
9231;42.836;1.386
9232;42.791;1.86
9233;42.991;1.821
9234;42.961;1.656
9235;43.031;1.029
9236;42.922;1.601
9237;42.721;2.099
9238;43.092;1.718
9239;42.683;2.114
9240;42.843;1.59
9241;42.846;1.493
9242;42.942;1.816
9243;42.988;1.887
9244;43.076;1.763
9245;43.058;1.599
9246;42.988;1.284
9247;42.951;1.262
9249;42.933;1.764
9250;42.961;1.743
9251;43.076;1.924
9252;42.74;2.071
9253;43.098;1.4
9254;43.111;1.715
9256;43.082;1.581
9257;43.12;1.171
9258;43.044;1.67
9259;43.124;1.756
9260;43.126;1.917
9261;42.975;1.153
9262;42.919;1.877
9263;42.952;0.929
9264;43.013;1.633
9265;43.086;1.624
9266;43.037;1.856
9267;42.901;0.868
9268;43.0;1.129
9269;42.992;1.538
9270;43.166;1.484
9271;43.132;1.502
9272;42.896;1.672
9273;42.966;1.557
9274;43.031;1.907
9275;43.279;1.502
9276;43.088;1.548
9277;43.242;1.398
9279;42.904;1.002
9280;42.884;1.505
9281;42.968;1.816
9282;43.227;1.574
9283;42.682;1.779
9284;43.032;1.693
9285;42.818;1.148
9287;42.813;1.717
9289;43.016;1.108
9290;42.836;0.92
9291;42.866;1.14
9292;42.945;1.395
9293;42.97;1.504
9294;43.192;1.344
9295;42.708;1.553
9296;42.801;1.66
9297;42.92;1.012
9298;42.744;1.888
9299;42.897;1.195
9300;42.941;1.691
9301;42.916;1.243
9303;42.86;1.582
9304;43.029;1.435
9305;42.989;1.855
9306;42.846;1.596
9307;43.06;1.102
9308;43.043;1.114
9309;43.097;1.782
9310;43.182;1.237
9311;42.751;1.799
9312;43.105;1.667
9313;43.091;1.137
9314;43.069;1.799
9315;43.158;1.717
9316;43.021;1.887
9318;42.759;1.78
9319;43.171;1.533
9320;42.778;1.735
9321;42.834;1.622
9322;42.774;1.263
9323;43.102;1.756
9324;43.055;1.634
9325;42.744;1.822
9326;42.77;1.718
9327;42.997;1.724
9328;42.806;1.692
9329;42.993;1.592
9330;42.786;1.782
9331;43.187;1.604
9332;43.081;1.661
9334;42.773;1.511
9335;42.95;0.983
9336;42.912;1.821
9338;43.203;1.434
9339;43.159;1.643
9340;43.049;1.756
9341;43.061;1.779
9342;43.206;1.379
10002;48.255;4.694
10003;48.198;3.736
10004;48.586;4.123
10005;48.292;4.487
10006;48.528;4.142
10007;48.156;4.729
10008;48.25;4.596
10009;48.046;4.274
10010;48.543;4.606
10011;48.268;4.739
10012;48.28;4.651
10013;48.179;4.065
10014;48.356;4.202
10015;48.422;4.107
10017;48.478;4.415
10018;48.092;3.924
10019;48.4;4.359
10020;48.432;3.56
10021;48.448;4.258
10022;48.028;4.297
10023;48.387;3.652
10024;48.053;3.998
10025;47.999;4.291
10026;48.522;4.659
10027;48.53;4.454
10028;47.988;4.198
10029;48.037;4.353
10030;48.327;4.016
10031;48.551;3.562
10032;48.183;4.741
10033;48.234;4.716
10034;48.113;4.379
10035;48.192;4.791
10037;48.193;3.898
10038;48.332;3.59
10039;48.184;4.669
10040;47.987;3.992
10041;48.137;4.513
10042;48.171;3.672
10043;48.541;4.025
10044;48.45;4.455
10045;48.176;4.473
10046;48.381;4.452
10047;48.453;4.541
10048;48.174;4.604
10049;48.188;4.119
10050;48.283;4.612
10051;48.186;3.991
10052;48.587;3.923
10053;48.315;4.18
10054;48.361;3.591
10055;48.141;4.362
10056;48.375;4.243
10057;48.423;3.497
10058;47.97;4.267
10059;48.483;4.458
10060;48.256;4.108
10061;48.349;4.409
10062;48.213;4.354
10063;48.373;4.547
10064;48.397;4.539
10065;48.477;4.371
10066;48.255;3.867
10067;48.236;4.114
10068;48.054;4.406
10069;48.137;4.456
10070;48.074;4.422
10071;48.107;4.532
10072;48.358;4.671
10073;48.452;4.425
10074;48.114;3.966
10075;48.614;4.031
10076;48.125;4.679
10077;48.568;4.072
10078;48.239;4.414
10079;47.941;4.266
10080;48.055;4.14
10081;48.316;4.035
10082;48.435;4.042
10083;48.166;4.257
10084;48.415;4.18
10085;48.393;3.58
10086;48.539;3.952
10087;47.953;4.074
10089;48.493;3.837
10090;48.426;3.98
10091;48.485;4.245
10092;48.186;4.31
10093;48.358;4.612
10094;48.516;4.567
10095;48.563;4.176
10096;48.217;3.849
10097;48.135;4.49
10098;47.977;4.112
10099;48.014;3.934
10100;48.208;4.194
10101;48.471;4.331
10102;48.271;4.79
10103;48.256;4.803
10104;48.156;4.133
10105;48.482;4.529
10106;48.468;3.408
10107;48.078;3.826
10108;48.025;3.872
10109;48.155;4.314
10110;48.268;4.226
10111;48.016;4.463
10112;47.95;4.03
10113;48.204;4.67
10114;48.519;3.637
10115;48.343;4.139
10116;48.143;4.02
10117;48.398;4.61
10118;47.994;3.864
10119;48.044;4.67
10120;48.023;4.091
10121;48.565;4.365
10122;48.046;3.96
10123;48.33;4.514
10124;48.305;3.835
10125;48.332;3.831
10126;48.266;4.608
10127;48.498;4.356
10128;48.52;4.428
10129;48.315;4.268
10130;48.615;4.246
10131;48.48;3.957
10132;48.502;3.94
10133;48.117;3.887
10134;48.39;3.836
10135;48.308;4.643
10136;48.139;4.538
10137;48.28;4.764
10138;48.398;4.47
10139;48.415;4.662
10140;48.056;3.905
10141;48.05;4.539
10142;48.256;3.811
10143;47.951;4.127
10144;48.559;3.877
10145;48.33;3.74
10146;48.401;3.606
10147;48.131;4.02
10148;48.462;3.601
10149;48.397;4.109
10150;48.209;4.718
10151;48.413;3.889
10153;48.458;3.507
10154;48.45;3.464
10155;48.076;4.616
10156;48.282;3.871
10157;48.44;3.654
10158;48.149;4.271
10159;48.164;4.38
10160;48.236;4.642
10161;48.309;4.757
10162;48.22;4.234
10163;48.34;4.698
10164;48.475;3.668
10165;48.307;4.323
10166;48.468;4.028
10167;48.594;4.235
10168;48.057;4.062
10169;48.44;3.422
10170;48.012;4.44
10171;48.46;4.601
10172;48.615;4.122
10173;48.206;4.122
10174;48.544;4.282
10175;48.509;4.394
10176;48.254;4.641
10177;48.159;3.998
10178;48.285;4.57
10179;48.116;4.055
10180;48.527;4.624
10181;48.109;4.279
10182;48.116;4.813
10183;48.324;4.589
10184;48.416;4.61
10185;48.016;4.133
10186;48.229;3.979
10187;48.071;4.466
10188;48.077;4.207
10189;48.436;4.5
10190;48.3;4.226
10191;48.334;4.093
10192;48.488;4.629
10193;48.43;4.424
10194;48.298;4.707
10195;48.581;4.274
10196;47.957;3.964
10197;48.213;4.812
10198;48.16;4.039
10199;48.07;4.504
10200;48.269;4.408
10201;48.068;4.044
10202;48.099;4.111
10203;48.152;4.818
10204;48.147;4.064
10205;48.188;4.528
10206;48.426;4.285
10207;48.551;3.913
10208;48.385;3.438
10209;48.263;4.276
10210;48.38;4.194
10211;48.306;3.914
10212;48.146;4.036
10213;48.168;4.421
10214;48.459;4.382
10215;48.235;4.545
10216;48.674;4.186
10217;48.244;4.571
10218;48.009;4.163
10219;48.295;4.783
10220;48.504;3.789
10221;48.43;4.601
10222;48.152;3.865
10223;48.331;3.644
10224;48.402;3.721
10225;48.515;3.554
10226;48.184;4.346
10227;47.961;3.92
10228;48.356;4.461
10229;48.138;4.079
10230;48.396;4.033
10231;48.511;3.442
10232;48.096;4.405
10233;48.509;3.899
10234;48.48;3.864
10235;48.498;4.198
10236;48.461;4.259
10237;48.308;3.772
10238;48.251;4.346
10239;48.336;4.207
10240;48.264;3.915
10241;48.07;4.1
10242;48.204;4.605
10243;48.433;4.388
10245;48.248;4.197
10246;48.149;4.158
10247;48.066;3.872
10248;48.298;3.955
10249;48.235;4.314
10250;48.27;4.683
10251;48.092;3.965
10252;48.21;4.55
10253;48.486;4.556
10254;48.576;3.516
10255;48.217;4.287
10256;48.446;4.141
10257;48.503;4.331
10258;48.379;4.636
10259;48.476;3.44
10260;48.219;4.093
10261;47.984;4.507
10262;48.035;4.408
10263;48.253;3.775
10264;48.098;4.562
10265;48.303;4.042
10266;48.131;3.797
10267;48.485;4.299
10268;48.496;3.5
10269;48.5;4.083
10270;48.399;4.276
10271;48.463;3.779
10272;48.556;4.113
10273;48.492;4.23
10274;48.439;3.822
10275;48.439;3.744
10276;48.215;3.699
10278;48.018;4.205
10279;48.517;4.503
10280;48.481;3.728
10281;48.366;3.902
10282;48.375;3.958
10283;48.395;4.41
10284;48.554;3.624
10285;48.434;4.542
10286;48.34;4.623
10287;48.332;4.359
10288;47.997;4.474
10289;48.585;3.985
10290;48.268;3.65
10291;48.573;3.586
10293;48.683;4.277
10294;48.175;4.346
10295;48.073;4.355
10296;48.058;4.362
10297;48.319;4.1
10298;48.509;3.597
10299;48.534;4.062
10300;48.437;4.349
10301;48.298;3.6
10302;48.046;4.207
10303;48.402;4.436
10304;48.417;4.456
10305;48.503;4.023
10306;48.233;4.672
10307;48.247;3.942
10308;48.366;3.783
10309;47.974;4.051
10310;48.215;4.511
10312;48.048;3.846
10313;48.334;4.474
10314;48.522;4.304
10315;48.462;4.554
10316;48.532;3.995
10317;47.988;4.37
10318;48.414;3.649
10319;48.202;3.627
10320;48.45;3.968
10321;48.28;4.014
10323;48.519;3.722
10324;48.197;4.045
10325;48.263;4.064
10326;48.458;4.506
10327;48.338;4.586
10328;48.347;4.274
10329;48.265;4.15
10330;48.238;4.827
10331;48.125;4.195
10332;48.272;4.189
10333;48.278;4.048
10334;48.483;3.553
10335;48.235;3.668
10336;48.38;4.052
10337;48.433;4.474
10338;48.493;4.115
10339;48.406;3.776
10340;48.254;4.011
10341;48.498;3.657
10342;48.172;4.05
10343;48.274;4.103
10344;48.24;4.073
10345;48.411;4.506
10346;48.531;4.487
10347;48.445;3.63
10348;48.364;3.7
10349;48.344;3.981
10350;48.163;3.789
10351;48.444;3.69
10352;48.357;4.072
10353;48.437;3.899
10354;48.513;4.202
10355;48.523;3.479
10356;48.527;3.874
10357;48.291;4.133
10358;48.174;4.216
10359;48.114;4.002
10360;48.224;4.041
10361;48.478;4.13
10362;48.296;4.023
10363;48.201;4.147
10364;48.099;4.634
10365;48.643;4.018
10366;48.278;4.835
10367;48.55;3.506
10368;48.406;3.935
10369;48.674;4.094
10370;48.402;3.516
10371;48.159;3.955
10372;48.378;4.718
10373;48.208;3.994
10374;48.228;4.614
10375;48.289;4.185
10376;48.2;4.438
10377;48.341;4.789
10378;48.308;4.805
10379;48.523;4.168
10380;48.522;4.187
10381;48.276;3.972
10382;48.414;3.457
10383;48.371;3.533
10384;48.307;4.599
10386;48.639;4.25
10387;48.297;4.078
10388;48.03;4.053
10389;48.317;4.548
10390;48.167;4.669
10391;48.372;4.126
10392;48.461;3.886
10393;48.442;4.615
10394;47.999;4.062
10395;48.019;4.019
10396;48.209;3.926
10397;48.266;4.533
10398;48.533;4.345
10399;48.176;4.182
10400;48.501;4.216
10401;48.246;4.461
10402;48.146;4.103
10403;48.315;4.679
10404;48.041;4.586
10405;48.453;4.334
10406;48.235;4.154
10408;48.582;4.054
10409;48.408;4.002
10410;48.317;3.69
10411;48.404;4.687
10412;48.318;4.149
10414;48.355;3.869
10416;48.202;4.083
10417;48.2;3.792
10418;48.08;4.295
10419;48.188;4.247
10420;48.595;3.548
10421;48.55;3.607
10422;48.089;3.84
10423;48.249;4.391
10424;48.482;4.586
10425;48.174;4.017
10426;48.136;4.772
10427;48.109;4.445
10428;48.336;4.735
10429;48.529;4.109
10430;48.643;4.123
10431;47.955;4.19
10432;48.061;4.252
10433;48.197;4.389
10434;48.168;4.09
10435;48.189;4.074
10436;48.545;4.225
10437;48.134;4.306
10438;48.144;4.579
10439;48.098;4.498
10440;48.236;4.765
10441;48.109;3.835
10442;48.46;4.124
10443;48.088;4.236
10444;48.24;3.626
10445;48.479;4.492
11001;43.235;2.533
11002;43.368;1.875
11003;43.045;2.137
11004;43.098;2.092
11005;43.182;2.237
11006;43.006;2.727
11007;42.947;2.446
11008;42.994;2.258
11009;43.265;2.175
11010;42.962;2.219
11011;43.299;2.307
11012;43.311;2.911
11013;43.246;2.771
11014;43.188;3.089
11015;42.947;2.387
11016;43.105;2.497
11017;42.791;2.207
11018;43.201;2.205
11019;42.789;2.1
11020;42.926;2.494
11021;42.798;2.241
11022;43.274;2.658
11023;43.221;2.505
11024;43.118;2.977
11025;43.268;2.449
11026;43.331;1.823
11027;43.175;2.515
11028;42.832;1.946
11029;43.028;2.349
11030;43.319;1.798
11031;42.83;2.05
11032;43.108;2.051
11033;43.203;1.763
11034;43.124;2.092
11035;42.847;2.212
11036;42.856;2.075
11037;43.214;2.408
11038;42.785;2.138
11039;43.029;2.096
11040;43.148;2.87
11041;43.329;2.872
11042;43.213;2.589
11043;43.232;2.444
11044;42.984;2.434
11045;42.996;2.162
11046;42.986;2.124
11047;42.717;2.176
11048;43.146;2.798
11049;43.251;2.11
11051;43.168;2.075
11052;43.343;2.243
11053;43.136;2.16
11054;43.41;2.048
11055;42.878;2.351
11056;43.376;2.472
11057;43.191;1.855
11058;43.145;2.13
11059;43.165;2.124
11060;42.811;2.197
11061;43.127;2.128
11062;42.758;2.044
11063;42.916;2.202
11064;43.134;2.654
11065;42.864;2.419
11066;42.799;1.924
11067;43.226;2.831
11068;43.184;2.554
11069;43.209;2.344
11070;43.306;2.122
11071;42.981;2.748
11072;43.196;1.989
11073;42.948;2.297
11074;43.427;1.864
11075;43.414;2.488
11076;43.323;1.961
11077;43.234;2.678
11078;43.021;2.127
11079;43.387;2.303
11080;43.075;1.975
11081;43.333;2.516
11082;43.028;2.427
11083;43.064;2.563
11084;43.226;2.254
11085;43.169;2.335
11086;42.937;2.96
11087;43.189;1.947
11088;43.178;2.359
11089;43.324;2.13
11090;43.108;2.238
11091;42.982;2.01
11092;43.376;2.533
11093;42.787;2.174
11094;43.046;2.429
11095;43.166;2.586
11096;42.828;1.889
11098;43.185;2.716
11099;43.284;2.384
11100;43.045;2.0
11101;42.864;2.12
11102;43.155;2.305
11103;42.935;2.27
11104;42.702;2.23
11105;43.03;2.235
11106;43.247;3.059
11107;43.041;2.045
11108;43.142;2.032
11109;42.937;2.286
11110;43.057;2.744
11111;43.2;2.817
11112;42.863;2.466
11113;42.851;2.609
11114;43.3;1.832
11115;43.392;2.278
11116;43.258;3.006
11117;42.959;2.606
11118;42.929;2.598
11119;43.039;2.161
11120;43.046;2.179
11121;43.079;2.121
11122;43.179;2.612
11123;42.866;2.568
11124;42.998;2.813
11125;42.93;2.818
11126;43.223;2.708
11127;42.732;2.132
11128;43.1;2.022
11129;42.932;2.221
11130;42.843;2.026
11131;42.928;2.18
11132;43.126;2.705
11133;43.121;2.463
11134;43.282;1.727
11135;42.752;1.965
11136;43.187;2.037
11137;42.985;2.614
11138;43.271;1.948
11139;43.156;2.03
11140;43.143;2.739
11141;43.153;2.09
11142;42.962;2.116
11143;42.929;2.901
11144;42.896;2.967
11145;43.214;3.177
11146;43.179;2.485
11147;42.768;2.082
11148;43.168;2.686
11149;43.238;1.923
11150;43.375;2.253
11151;43.187;2.458
11152;43.045;2.793
11153;43.198;2.084
11154;43.357;2.41
11155;42.91;2.443
11156;43.33;2.272
11157;42.961;2.872
11158;43.08;2.186
11159;43.2;1.884
11160;42.806;2.048
11161;43.075;2.299
11162;43.21;1.931
11163;42.764;2.332
11164;43.276;2.877
11165;42.865;2.157
11166;43.336;1.789
11167;43.137;2.098
11168;42.895;2.253
11169;43.074;2.394
11170;43.104;3.082
11172;43.267;2.721
11173;43.133;2.003
11174;43.358;2.375
11175;43.368;1.998
11176;43.04;2.724
11177;42.825;2.085
11178;43.347;1.853
11179;43.065;2.471
11180;43.393;2.403
11181;43.396;2.011
11182;43.406;2.24
11183;43.101;2.386
11184;43.166;1.867
11185;43.096;2.604
11186;43.023;2.481
11187;42.966;2.486
11188;42.966;2.993
11189;43.44;2.253
11190;43.248;2.65
11191;42.95;2.559
11192;43.3;2.063
11193;43.181;2.085
11194;43.326;2.379
11195;43.261;1.995
11196;43.23;1.969
11197;43.096;2.17
11198;43.271;2.51
11199;43.192;2.271
11200;43.409;2.548
11201;43.141;2.34
11202;42.899;3.027
11203;43.204;2.762
11204;43.094;2.001
11205;43.328;2.405
11206;43.05;2.24
11207;43.062;2.126
11208;43.267;1.751
11209;42.964;2.281
11210;43.176;2.788
11211;43.025;2.204
11212;43.308;2.831
11213;42.929;2.64
11214;43.061;2.168
11215;43.25;2.453
11216;43.117;2.184
11217;43.225;2.915
11218;43.3;1.724
11219;42.82;2.139
11220;43.211;2.549
11221;43.422;2.31
11222;43.4;2.358
11223;43.132;2.427
11224;42.916;2.558
11225;43.314;1.878
11226;43.23;1.848
11227;43.046;2.53
11228;43.136;2.066
11229;42.788;2.033
11230;42.771;1.964
11231;43.251;1.784
11232;43.381;2.341
11233;43.284;2.897
11234;43.264;1.968
11235;43.002;2.373
11236;43.252;1.724
11238;43.312;1.836
11239;43.275;1.832
11240;42.952;2.243
11241;43.201;2.681
11242;43.137;2.243
11243;43.369;1.828
11244;42.73;2.308
11245;42.905;2.629
11246;43.123;2.033
11247;43.082;2.059
11248;43.169;2.432
11249;42.98;2.051
11250;42.996;2.479
11251;43.129;2.565
11252;43.4;1.845
11253;43.314;2.215
11254;43.2;2.148
11255;43.181;2.925
11256;43.105;2.807
11257;43.153;2.466
11258;43.231;2.956
11259;43.281;2.238
11260;42.964;2.532
11261;43.173;2.646
11262;43.165;3.02
11263;42.89;2.105
11264;43.204;2.886
11265;42.784;1.998
11266;43.021;3.04
11267;43.178;2.837
11268;43.155;1.98
11269;43.293;2.97
11270;42.869;2.651
11271;42.957;2.658
11272;43.167;2.387
11273;43.26;2.816
11274;43.075;2.147
11275;43.262;1.875
11276;42.854;2.716
11277;43.194;1.827
11278;43.21;1.838
11279;43.251;2.313
11280;43.297;2.686
11281;43.269;2.04
11282;43.059;2.022
11283;43.246;1.817
11284;43.362;1.96
11285;43.09;2.948
11286;43.294;2.567
11287;42.964;2.338
11288;43.255;2.248
11289;43.083;2.255
11290;43.171;1.807
11291;43.141;1.907
11292;43.407;1.944
11293;43.107;2.28
11294;43.061;2.059
11295;43.052;2.906
11296;43.285;2.813
11297;43.412;2.439
11299;43.144;2.28
11300;43.382;1.926
11301;43.229;2.612
11302;42.813;2.299
11303;42.909;2.059
11304;42.876;2.191
11305;42.959;2.703
11306;42.836;2.169
11307;43.228;2.878
11308;43.277;2.161
11309;42.914;2.274
11310;42.924;2.341
11311;43.107;2.641
11312;43.171;1.904
11313;43.347;1.896
11314;43.078;2.541
11315;43.268;2.591
11316;42.921;2.003
11317;42.796;2.067
11318;43.215;2.654
11319;43.394;2.375
11320;42.847;1.995
11321;42.739;2.2
11322;42.992;2.93
11323;42.999;2.207
11324;43.25;2.797
11325;43.125;2.283
11326;42.889;2.555
11327;43.166;2.27
11328;43.106;2.132
11330;43.218;2.479
11331;43.227;1.886
11332;43.093;2.849
11333;43.01;2.064
11334;43.271;1.784
11335;42.753;2.248
11336;42.946;1.963
11337;43.208;2.637
11338;42.998;2.108
11339;43.356;2.218
11340;43.243;2.206
11341;42.896;2.226
11342;43.248;2.559
11343;43.126;1.959
11344;43.079;2.338
11345;42.961;2.828
11346;42.938;2.109
11347;42.86;2.254
11348;43.161;1.945
11350;42.878;2.288
11351;43.084;2.714
11352;42.852;2.322
11353;43.251;2.924
11354;43.037;2.576
11355;43.104;2.211
11356;43.302;2.016
11357;43.294;2.154
11358;42.824;2.238
11359;43.326;1.751
11360;43.249;2.891
11361;43.337;2.045
11362;43.405;1.881
11363;43.049;2.608
11364;43.033;2.3
11365;43.229;1.806
11366;43.275;2.845
11367;43.366;2.162
11368;43.32;2.421
11369;43.27;2.935
11370;43.236;3.107
11371;43.295;1.781
11372;43.322;2.357
11373;42.775;2.285
11374;42.985;2.506
11375;43.099;1.967
11376;42.965;2.175
11377;42.945;2.329
11378;43.095;2.526
11379;43.04;2.981
11380;43.015;2.002
11381;42.905;2.375
11382;43.356;1.917
11383;43.369;1.917
11384;42.88;2.504
11385;43.382;1.891
11386;43.03;2.669
11387;43.064;2.506
11388;43.003;2.57
11389;42.991;2.343
11390;43.089;2.783
11391;43.382;2.325
11392;43.084;2.66
11393;43.247;2.727
11394;43.02;2.17
11395;43.348;2.443
11396;43.318;2.569
11397;43.206;2.46
11398;42.918;2.943
11399;43.383;1.955
11400;43.056;1.963
11401;42.906;2.728
11402;42.984;2.384
11404;43.275;2.282
11405;43.252;2.856
11406;42.993;2.308
11407;43.368;2.078
11408;43.12;2.329
11409;43.016;2.53
11410;43.252;2.419
11411;43.349;2.35
11412;43.012;2.405
11413;43.334;2.314
11414;43.081;2.445
11415;43.057;2.299
11416;43.284;2.469
11417;43.143;2.203
11418;43.232;2.033
11419;43.162;1.837
11420;43.056;2.339
11421;43.211;2.855
11422;43.232;2.417
11423;43.129;2.389
11424;42.951;2.048
11425;43.272;2.347
11426;43.293;2.437
11427;43.055;2.092
11428;43.368;2.109
11429;43.25;2.366
11430;43.285;1.92
11431;42.958;2.77
11432;43.179;2.113
11433;43.329;2.468
11434;43.281;2.096
11435;43.005;2.635
11436;43.018;2.858
11437;43.233;2.23
11438;43.228;2.09
11439;43.322;2.098
11440;43.075;2.49
11441;43.205;3.095
12001;44.351;2.693
12002;44.161;3.069
12003;44.541;2.18
12004;44.601;2.311
12006;44.135;2.676
12007;44.494;1.936
12008;44.416;2.238
12009;43.719;2.946
12010;44.322;2.804
12011;44.191;2.667
12012;44.555;2.138
12013;44.532;2.256
12015;44.145;2.596
12016;44.5;2.322
12017;44.092;2.766
12018;44.519;1.977
12019;43.896;2.577
12021;44.339;2.143
12022;44.01;3.056
12023;43.95;2.525
12024;44.394;2.332
12025;43.825;2.751
12026;44.395;2.783
12027;44.52;2.717
12028;44.581;2.212
12029;44.2;2.086
12030;44.573;2.174
12031;44.46;2.303
12032;44.296;2.378
12033;44.468;2.708
12034;44.382;2.138
12035;43.979;2.573
12036;44.828;2.705
12037;44.018;2.706
12038;44.006;2.638
12039;43.765;2.948
12041;44.191;2.292
12042;43.955;2.758
12043;44.259;2.524
12044;43.818;2.885
12045;44.223;2.447
12046;44.179;2.395
12047;44.401;3.088
12048;44.681;2.609
12049;44.566;2.585
12050;44.233;2.738
12051;44.839;2.825
12052;44.56;2.069
12053;44.439;1.926
12054;44.304;2.179
12055;44.452;3.027
12056;44.281;2.45
12057;44.179;2.515
12058;44.722;2.811
12059;44.293;2.308
12060;44.172;2.244
12061;44.531;2.888
12062;44.14;2.928
12063;44.012;3.184
12064;44.586;2.784
12065;44.168;2.441
12066;44.407;2.409
12067;43.828;3.174
12068;44.344;2.328
12069;43.841;2.685
12070;44.176;3.103
12071;44.379;2.186
12072;44.096;2.98
12073;44.224;2.569
12074;44.605;2.881
12075;44.02;2.594
12076;44.595;2.42
12077;43.892;3.201
12078;44.016;2.8
12079;44.576;2.732
12080;43.947;2.593
12082;43.929;3.289
12083;44.519;2.288
12084;44.065;3.06
12085;44.154;2.257
12086;44.168;3.157
12088;44.649;2.892
12089;44.567;2.252
12090;44.361;2.477
12091;44.456;2.135
12092;44.101;2.622
12093;44.67;2.518
12094;44.654;2.578
12095;44.471;2.35
12096;44.519;2.764
12097;44.619;2.519
12098;44.569;2.688
12099;43.804;2.978
12100;44.548;2.325
12101;44.594;2.265
12102;44.288;2.622
12103;44.639;2.644
12104;44.506;2.008
12105;44.235;2.048
12106;44.462;2.805
12107;44.362;2.903
12108;44.504;2.18
12109;43.868;2.906
12110;44.596;2.586
12111;44.439;2.366
12113;44.263;2.368
12115;43.974;3.208
12116;44.712;2.754
12118;44.774;2.642
12119;44.694;2.867
12120;44.364;2.818
12121;44.424;2.161
12122;44.006;3.096
12124;44.487;2.855
12125;43.812;2.635
12127;44.08;2.44
12128;44.226;2.147
12129;44.054;2.648
12130;44.597;2.216
12131;44.391;2.651
12133;44.306;2.536
12134;44.484;2.256
12135;44.24;2.1
12136;44.4;2.104
12137;44.261;2.478
12138;44.477;2.465
12139;43.879;3.042
12140;44.381;1.913
12141;43.929;2.634
12142;44.389;2.372
12143;43.728;3.017
12144;44.134;2.434
12145;44.098;3.117
12146;44.332;2.587
12147;43.831;3.025
12148;44.477;2.213
12149;43.98;2.631
12150;44.266;1.988
12151;44.717;2.641
12152;43.841;2.58
12153;44.1;2.904
12154;43.865;2.834
12155;43.862;3.115
12156;44.635;2.782
12157;44.395;2.721
12158;44.486;1.976
12159;44.322;2.082
12160;44.225;3.183
12161;44.514;2.521
12162;44.328;2.427
12163;43.761;2.762
12164;44.876;2.681
12165;44.496;2.572
12166;44.761;2.578
12167;44.211;1.963
12168;44.021;3.286
12169;44.19;2.344
12170;44.507;2.097
12171;44.513;2.433
12172;44.606;2.67
12174;44.338;2.548
12175;44.462;1.947
12176;44.383;2.56
12177;44.401;2.842
12178;44.149;3.112
12179;43.763;2.88
12180;44.176;3.205
12181;44.503;2.134
12182;44.434;2.922
12183;43.93;2.563
12184;44.487;3.059
12185;44.278;2.709
12186;43.856;2.598
12187;44.542;2.97
12188;44.249;2.793
12189;44.247;2.269
12190;44.366;2.244
12191;44.41;2.194
12192;43.798;2.819
12193;44.535;2.488
12194;44.23;2.378
12195;43.885;2.757
12197;44.032;2.549
12198;44.309;2.23
12199;44.404;2.292
12200;44.211;3.128
12201;44.481;2.622
12202;44.358;2.567
12203;43.971;2.982
12204;44.109;3.242
12205;44.31;1.975
12206;44.448;2.254
12207;44.119;2.477
12208;43.966;2.866
12209;44.687;2.691
12210;44.179;2.021
12211;44.148;3.271
12212;43.906;3.1
12213;44.169;2.967
12214;44.592;2.947
12215;44.48;2.397
12216;44.531;2.822
12217;44.414;1.968
12219;44.466;2.92
12220;43.961;3.139
12221;44.565;2.514
12222;43.883;2.987
12223;44.8;2.744
12224;44.473;2.982
12225;44.057;2.987
12226;44.726;2.584
12227;44.446;2.091
12228;43.971;2.703
12229;43.949;2.967
12230;44.041;2.492
12231;44.026;3.382
12232;43.929;3.029
12233;43.924;2.696
12234;44.219;2.501
12235;44.12;2.378
12236;44.209;2.938
12237;44.448;3.101
12238;44.223;2.982
12239;44.424;2.966
12240;44.633;2.292
12241;44.331;2.633
12242;44.395;2.042
12243;44.009;2.984
12244;44.033;2.89
12246;44.643;2.258
12247;44.409;3.022
12248;43.879;2.623
12249;43.772;2.693
12250;44.74;2.708
12251;44.051;2.81
12252;44.481;2.085
12253;44.159;2.786
12254;44.444;2.525
12255;44.194;2.587
12256;44.454;1.872
12257;44.528;2.035
12258;44.221;2.197
12259;44.284;2.04
12260;43.98;3.375
12261;44.478;1.902
12262;44.248;2.315
12263;44.36;1.959
12264;44.423;2.611
12265;44.537;2.655
12266;44.29;2.844
12267;44.106;2.536
12268;44.606;2.463
12269;43.894;2.656
12270;44.3;3.089
12272;44.538;2.114
12273;44.677;2.774
12274;43.825;2.953
12275;43.776;3.031
12276;44.145;2.323
12277;44.825;2.636
12278;44.204;2.243
12280;44.894;2.742
12281;44.38;1.999
12282;43.969;3.027
12283;44.24;2.638
12284;44.054;2.748
12286;43.921;2.82
12287;44.308;1.909
12288;44.447;2.443
12289;44.506;2.222
12290;44.453;2.186
12291;44.217;3.051
12292;43.9;2.936
12293;44.182;3.307
12294;44.268;2.926
12295;43.959;3.068
12296;44.086;2.839
12297;44.321;2.741
12298;44.543;2.576
12299;44.097;2.715
12300;44.35;2.031
12301;44.447;2.029
12303;44.4;2.93
12305;44.556;2.22
12307;44.198;2.854
13001;43.536;5.399
13002;43.353;5.511
13003;43.707;5.151
13004;43.547;4.662
13005;43.294;5.563
13006;43.7;4.945
13007;43.361;5.658
13008;43.672;5.149
13009;43.618;5.214
13010;43.895;4.749
13011;43.746;4.802
13012;43.522;5.546
13013;43.422;5.584
13014;43.504;5.161
13015;43.447;5.412
13016;43.397;5.62
13017;43.868;4.698
13018;43.858;4.958
13019;43.45;5.35
13020;43.394;5.532
13021;43.343;5.154
13022;43.223;5.551
13023;43.224;5.636
13024;43.721;5.246
13025;43.491;5.568
13026;43.387;5.148
13027;43.882;4.84
13028;43.193;5.613
13029;43.578;5.077
13030;43.281;5.71
13031;43.376;5.599
13032;43.571;5.329
13033;43.354;5.2
13034;43.762;4.952
13035;43.703;5.016
13036;43.843;4.843
13037;43.554;5.202
13038;43.723;4.723
13039;43.456;4.904
13040;43.46;5.553
13041;43.453;5.48
13042;43.298;5.644
13043;43.39;5.228
13044;43.614;5.045
13045;43.854;4.767
13046;43.426;5.547
13047;43.55;4.951
13048;43.633;5.657
13049;43.705;5.089
13050;43.662;5.252
13051;43.576;5.16
13052;43.823;4.785
13053;43.729;5.183
13054;43.417;5.212
13055;;
13056;43.38;5.05
13057;43.788;4.764
13058;43.714;4.833
13059;43.624;5.523
13060;43.491;5.501
13061;43.861;4.657
13062;43.413;5.499
13063;43.584;5.014
13064;43.805;4.949
13065;43.701;4.89
13066;43.858;4.9
13067;43.78;5.023
13068;43.708;4.778
13069;43.631;5.16
13070;43.277;5.518
13071;43.403;5.316
13072;43.44;5.625
13073;43.385;5.571
13074;43.628;5.577
13075;43.367;5.465
13076;43.818;5.002
13077;43.423;4.993
13078;43.415;4.807
13079;43.519;5.678
13080;43.652;5.44
13081;43.497;5.231
13082;43.665;5.352
13083;43.9;4.799
13084;43.718;5.302
13085;43.251;5.629
13086;43.344;5.598
13087;43.484;5.624
13088;43.365;5.253
13089;43.831;4.95
13090;43.517;5.594
13091;43.614;5.307
13092;43.544;5.073
13093;43.692;5.39
13094;43.785;4.736
13095;43.556;5.522
13096;43.504;4.464
13097;43.612;4.857
13098;43.455;5.015
13099;43.686;5.754
13100;43.783;4.854
13101;43.406;5.531
13102;43.414;5.254
13103;43.646;5.068
13104;43.346;5.118
13105;43.745;5.087
13106;43.394;5.381
13107;43.412;5.438
13108;43.794;4.686
13109;43.52;5.508
13110;43.438;5.7
13111;43.559;5.613
13112;43.524;5.25
13113;43.593;5.491
13114;43.542;5.306
13115;43.684;5.188
13116;43.839;4.919
13117;43.45;5.264
13118;43.56;5.254
13119;43.258;5.566
14001;49.394;0.287
14003;49.238;-0.779
14005;49.095;-0.145
14006;49.091;-0.434
14007;49.082;-0.718
14009;49.25;-0.242
14011;49.113;-0.691
14012;49.244;-0.028
14014;49.265;-0.397
14015;49.251;-0.399
14016;49.249;0.054
14019;49.23;-0.732
14020;49.134;-0.158
14021;49.336;-0.621
14022;49.334;-0.585
14023;49.36;-0.938
14024;49.311;-0.027
14025;48.915;-0.216
14026;49.205;-0.604
14027;49.014;-0.634
14030;49.206;-0.431
14032;49.284;0.276
14033;49.197;0.076
14034;49.096;-0.464
14035;49.18;-0.839
14036;49.169;-0.224
14037;49.062;-0.568
14038;49.309;-0.486
14039;49.014;-0.345
14040;49.274;-0.755
14041;49.391;0.182
14042;49.128;-0.482
14043;48.93;-0.039
14044;49.276;-0.426
14045;49.207;-0.135
14046;49.226;-0.183
14047;49.278;-0.705
14049;49.301;-0.585
14050;49.154;-0.878
14053;48.899;-0.071
14054;48.897;-0.968
14055;49.267;0.11
14057;49.12;-0.233
14059;49.339;0.048
14060;49.244;-0.288
14061;48.931;-0.83
14062;49.291;-0.436
14063;49.274;-0.931
14064;48.948;-0.102
14066;49.32;-0.418
14068;49.24;-0.337
14069;49.126;0.25
14070;49.196;-0.042
14076;49.228;-0.304
14077;49.247;0.283
14078;49.28;-0.836
14079;49.322;0.032
14080;48.906;-0.442
14082;49.13;0.132
14083;49.218;0.091
14084;49.004;-0.586
14085;49.273;0.342
14086;49.33;0.119
14087;48.922;-0.366
14088;48.959;-0.23
14089;49.109;-0.522
14090;49.048;-0.378
14091;49.268;0.058
14092;49.116;-0.29
14093;49.269;0.023
14096;48.998;-0.781
14097;49.03;-0.258
14098;49.215;-0.517
14100;49.05;-0.326
14101;49.173;-0.422
14102;49.228;0.219
14103;49.255;-0.856
14104;49.227;0.294
14106;49.236;-0.221
14107;49.289;-0.957
14110;49.247;-0.104
14111;49.187;-0.64
14116;49.032;-0.177
14117;49.284;-0.125
14118;49.185;-0.37
14119;49.154;-0.261
14120;49.067;-0.763
14121;49.163;-0.776
14122;49.035;-0.516
14123;49.234;-0.438
14124;49.345;-1.009
14125;49.232;-0.384
14126;49.147;0.054
14127;48.889;-0.935
14130;49.249;-0.801
14131;49.317;0.136
14132;49.331;-0.985
14134;49.137;-0.121
14135;49.239;-0.614
14136;49.346;-1.053
14137;49.187;-0.451
14138;49.239;-1.007
14140;49.195;-0.798
14141;49.035;0.092
14143;49.096;-0.812
14145;49.048;-0.26
14146;48.952;-0.564
14147;49.016;0.324
14149;49.086;-0.121
14150;48.985;-0.394
14159;49.21;-0.641
14160;49.066;-0.284
14161;49.241;0.135
14162;48.903;-0.494
14163;49.144;-0.094
14165;49.35;-0.848
14166;49.274;-0.301
14167;49.198;-0.296
14168;49.303;-0.988
14169;49.299;-0.506
14171;48.946;-0.446
14172;49.335;-0.739
14173;49.036;-0.14
14174;48.85;-0.562
14175;49.221;-0.641
14177;49.202;0.197
14179;49.113;0.38
14180;48.852;-0.223
14181;49.155;-0.327
14182;49.129;-0.863
14183;48.895;-0.425
14184;49.268;-0.786
14190;48.97;-0.034
14191;49.321;-0.448
14193;49.12;0.329
14194;49.089;0.378
14195;49.027;-0.574
14196;49.314;-0.546
14197;49.288;-0.354
14198;49.239;0.012
14200;49.286;-0.543
14202;49.396;0.139
14203;49.237;-0.073
14204;49.379;-1.001
14205;49.194;-0.571
14206;48.877;-0.052
14207;49.003;-0.452
14209;49.269;-0.817
14211;48.956;-0.531
14214;49.284;-0.762
14215;49.192;-0.261
14216;48.922;-0.127
14218;49.244;0.033
14220;49.354;0.074
14221;49.178;-0.263
14223;48.874;-0.345
14224;49.355;-0.969
14225;49.283;-0.089
14226;48.947;-0.417
14227;49.264;-0.021
14228;49.29;-0.392
14229;49.229;-0.045
14230;49.25;0.104
14231;49.214;0.024
14232;49.226;-0.611
14236;49.228;-0.681
14237;49.154;-0.224
14238;49.332;0.15
14239;49.379;-0.951
14240;48.946;-0.159
14241;49.069;-0.619
14242;49.22;-0.365
14243;49.403;0.21
14244;48.905;-0.157
14245;49.011;-0.125
14246;49.206;-0.246
14248;49.0;-0.415
14249;49.113;-0.471
14250;49.272;-0.622
14251;48.969;-0.46
14252;49.008;-0.243
14254;49.148;-0.429
14256;49.321;-0.793
14257;49.094;-0.501
14258;48.896;-0.193
14260;49.189;0.269
14261;49.239;0.318
14266;49.112;-0.408
14269;49.244;0.231
14270;49.152;0.322
14271;49.144;-0.378
14272;49.263;-0.97
14273;48.974;0.408
14274;49.138;-0.454
14275;49.278;-0.466
14276;48.975;-0.291
14277;49.087;-0.345
14278;49.174;-0.58
14280;49.203;0.136
14281;49.336;-0.896
14282;49.14;-0.806
14283;48.858;-0.074
14284;48.862;-0.27
14285;49.2;0.112
14286;49.358;0.232
14287;49.133;-0.249
14288;49.256;-0.488
14289;48.888;-0.125
14290;49.066;-0.353
14291;49.005;-0.386
14293;49.17;0.377
14297;49.117;-0.508
14298;49.361;-1.085
14299;49.36;0.274
14300;49.194;0.002
14301;49.178;-0.285
14302;49.277;0.075
14303;49.125;0.281
14304;49.382;0.236
14305;49.29;-0.036
14306;49.259;-0.188
14308;49.223;-0.108
14309;49.037;-0.309
14310;49.009;-0.272
14311;49.139;-0.532
14312;49.375;-1.045
14316;49.262;-0.058
14318;49.329;-0.487
14319;49.146;-0.294
14320;49.045;-0.444
14322;49.248;-0.71
14325;49.283;-0.323
14326;49.166;0.291
14327;49.207;-0.331
14328;49.214;-0.26
14329;49.265;-0.001
14332;48.853;-0.161
14333;49.413;0.238
14334;49.141;0.407
14335;49.177;-0.076
14336;49.146;-0.654
14337;49.123;0.102
14338;49.297;-0.068
14341;49.141;-0.343
14342;49.306;-1.103
14343;48.837;-0.349
14344;49.164;-0.164
14345;48.973;-0.073
14346;49.205;-0.691
14347;49.021;-0.746
14348;49.156;-0.603
14349;49.08;-0.381
14352;48.898;-1.003
14353;49.076;-0.572
14354;49.313;-0.378
14355;49.267;-0.516
14357;48.914;-0.684
14358;49.18;0.053
14360;48.916;-0.297
14362;49.071;0.131
14364;49.173;-0.674
14365;49.301;-0.334
14366;49.147;0.238
14367;49.242;-1.052
14368;48.956;0.212
14369;49.153;-0.91
14370;49.234;-0.889
14371;49.005;0.166
14374;49.044;-0.801
14375;48.865;-0.303
14377;49.332;-0.694
14378;49.336;-0.957
14379;49.046;-0.644
14380;49.226;-0.578
14381;48.95;-0.047
14383;49.155;-0.397
14384;49.308;-0.358
14385;49.312;-0.666
14389;49.059;-0.673
14390;49.06;-0.54
14391;49.316;-0.753
14393;49.075;-0.454
14394;49.014;-0.167
14396;49.132;-0.423
14397;49.307;-0.865
14398;49.178;0.144
14399;49.265;0.228
14400;49.289;-0.599
14401;49.338;-0.659
14402;48.882;-0.022
14403;49.138;0.369
14404;48.948;-0.35
14405;48.89;-0.287
14406;49.249;-0.601
14407;49.256;-0.367
14408;49.097;-0.379
14409;49.272;-0.202
14410;49.132;-0.075
14411;48.954;-0.392
14412;49.047;-0.606
14419;49.093;0.175
14421;49.105;0.283
14424;48.88;-0.973
14425;49.089;0.113
14426;49.26;0.261
14427;48.856;-0.377
14430;49.326;-0.572
14431;49.078;-0.074
14435;49.111;0.13
14436;49.25;-0.689
14437;49.169;-0.311
14438;49.142;-0.512
14439;49.312;-1.035
14445;49.185;-0.889
14446;49.041;-0.534
14448;49.167;0.071
14449;49.122;-0.611
14452;48.924;-0.081
14453;49.306;-0.82
14454;49.15;-0.488
14455;48.992;-0.348
14456;49.113;-0.165
14457;48.898;0.008
14458;49.023;-0.438
14460;49.195;0.351
14461;49.064;-0.422
14465;49.237;-0.648
14466;49.203;0.236
14467;48.896;-0.248
14468;49.224;-0.775
14469;48.914;-0.015
14473;49.118;0.041
14474;49.136;-0.002
14475;49.124;-0.575
14476;48.969;-0.173
14478;49.024;0.385
14480;49.334;-1.089
14482;49.085;-0.104
14483;49.025;-0.489
14484;49.166;0.34
14486;48.991;-0.213
14487;49.178;0.215
14488;49.274;-0.258
14491;49.089;-0.609
14492;49.402;0.164
14494;49.265;-0.094
14495;49.257;-0.337
14496;48.919;-0.605
14497;48.96;-0.126
14498;48.876;-0.109
14499;49.242;-0.168
14500;49.255;0.2
14501;48.905;-0.389
14502;48.887;-0.321
14504;49.214;0.336
14506;49.162;-0.826
14509;49.278;-0.362
14510;48.909;-0.416
14511;48.935;-0.983
14512;48.892;-0.584
14514;49.281;0.188
14515;49.34;-0.773
14516;48.971;-0.247
14519;49.053;-0.509
14520;49.15;0.146
14522;49.072;0.259
14524;49.213;-0.066
14527;49.116;-0.036
14528;49.342;0.3
14529;49.255;-0.764
14530;49.229;-0.264
14531;48.857;-0.344
14533;49.199;0.043
14534;49.276;0.154
14535;49.298;-0.466
14536;49.408;0.268
14538;49.096;-0.317
14540;49.169;0.249
14541;49.178;0.092
14542;49.222;-0.45
14543;49.206;-0.475
14546;49.004;-0.187
14547;49.285;-0.886
14550;49.186;0.022
14552;49.314;-0.628
14554;49.082;-0.286
14555;49.303;0.292
14556;49.124;-0.388
14557;49.332;0.09
14558;49.261;-0.284
14559;48.832;-1.131
14562;49.322;-0.393
14563;49.325;0.273
14565;49.326;-0.602
14566;49.216;-0.401
14569;49.316;-0.51
14570;49.051;0.302
14571;49.098;0.314
14572;48.865;-0.503
14574;49.144;0.191
14575;49.292;0.118
14576;48.959;0.164
14578;49.351;0.187
14579;49.027;-0.689
14582;49.077;0.198
14586;49.33;-1.042
14587;49.196;-0.422
14588;48.922;-0.327
14589;49.0;-0.301
14590;49.137;-0.786
14591;49.347;-0.81
14592;49.07;-0.491
14593;49.243;0.167
14595;49.093;0.242
14598;49.218;-0.013
14601;49.288;0.23
14602;48.935;-0.538
14603;49.026;-0.395
14605;49.358;-0.876
14606;49.23;-0.015
14607;49.096;-0.678
14609;49.26;-0.73
14610;49.187;-0.501
14613;49.257;-1.002
14614;49.216;-0.987
14619;48.93;-1.021
14620;49.308;0.154
14621;49.033;0.353
14622;49.249;-0.943
14623;49.115;-0.352
14625;49.11;0.224
14626;49.088;0.286
14627;48.874;-0.241
14630;49.258;-0.665
14635;48.928;-0.444
14637;49.158;-0.115
14639;49.151;0.104
14640;49.166;-0.187
14643;49.197;-0.757
14644;49.212;0.276
14645;49.293;0.037
14646;48.921;-0.23
14648;49.115;0.162
14649;48.865;-0.204
14650;49.034;-0.766
14651;49.166;-0.14
14652;49.381;-0.975
14654;49.016;-0.041
14656;48.94;-0.49
14657;49.19;-0.152
14658;48.822;-1.047
14659;49.053;-0.216
14660;49.291;0.002
14661;49.136;-0.63
14663;49.288;-0.677
14664;49.117;-0.84
14665;49.264;-0.233
14666;49.184;-0.223
14667;49.271;-0.863
14668;49.272;-0.881
14669;48.986;-0.139
14672;49.066;-0.838
14674;49.029;-0.217
14675;49.132;-0.288
14676;49.293;-0.646
14677;48.94;-0.214
14678;48.979;-0.235
14679;49.239;-0.75
14680;49.3;-0.742
14681;49.328;-0.855
14682;49.303;0.223
14684;49.151;-0.568
14685;49.255;-0.449
14687;49.347;0.251
14689;48.986;-0.485
14692;49.172;-0.623
14694;49.218;0.169
14698;49.199;-0.225
14699;49.354;0.113
14700;49.294;-0.784
14701;49.318;0.08
14705;49.23;-0.938
14706;49.32;0.195
14707;49.137;-0.501
14708;49.073;-0.689
14709;49.331;-0.645
14710;48.899;-0.347
14711;49.299;-0.916
14712;49.192;-0.184
14713;49.049;-0.479
14714;49.227;-0.82
14715;49.372;0.102
14716;49.194;-0.722
14719;49.025;-0.294
14720;48.946;-0.29
14721;49.085;-0.534
14723;49.238;0.099
14724;49.263;-0.146
14726;48.864;-0.658
14728;49.284;-0.736
14731;49.309;0.058
14732;49.307;-0.71
14733;49.262;-0.628
14734;49.142;-0.601
14735;49.007;-0.083
14737;48.92;-0.172
14738;49.164;-0.463
14739;49.334;-0.529
14740;49.011;0.425
14741;48.917;-0.462
14742;48.953;-0.074
14743;49.168;-0.01
14744;49.281;-0.628
14745;49.367;-0.902
14747;49.113;-0.443
14748;49.313;0.246
14751;48.854;-0.102
14752;49.078;-0.653
14753;48.934;-0.261
14754;49.311;0.006
14755;49.391;0.123
14756;48.909;-0.543
14758;49.236;-0.411
14759;48.9;-0.136
14760;49.104;-0.642
14761;49.142;-0.195
14762;48.851;-0.89
14764;48.877;-0.409
15001;45.231;2.953
15002;44.96;3.098
15003;45.164;2.326
15004;45.07;3.059
15005;44.989;3.158
15006;45.197;2.466
15007;44.831;3.057
15008;45.351;2.562
15009;45.245;2.698
15010;45.298;2.318
15011;45.063;2.226
15012;44.876;2.464
15013;45.264;3.126
15014;44.924;2.442
15015;45.276;2.465
15016;44.991;2.324
15017;44.914;2.628
15018;45.148;2.265
15019;45.315;2.4
15020;45.465;2.521
15021;44.786;2.255
15022;45.21;3.147
15024;45.204;2.266
15025;45.077;2.82
15026;45.01;2.792
15027;44.721;2.362
15028;44.883;2.572
15029;44.674;2.381
15030;44.829;2.227
15032;45.138;3.261
15033;44.985;2.859
15034;44.97;3.238
15036;45.248;2.265
15037;45.363;2.403
15038;45.404;2.604
15040;45.377;2.833
15041;45.105;2.908
15042;45.184;3.242
15043;45.226;3.075
15045;44.849;2.998
15046;45.176;2.273
15048;45.106;3.327
15049;45.199;2.72
15050;45.15;2.7
15051;44.993;3.31
15052;45.216;2.641
15053;45.093;2.997
15054;45.349;2.792
15055;45.088;3.108
15056;44.957;2.36
15057;45.059;2.159
15058;44.862;2.607
15059;44.981;2.936
15060;44.8;3.018
15061;45.165;2.807
15063;45.162;2.389
15064;45.169;2.332
15065;44.87;2.93
15066;45.145;2.639
15067;45.109;2.6
15069;45.172;3.082
15070;45.109;2.517
15072;45.018;2.377
15073;44.906;3.095
15074;44.935;2.508
15075;45.049;2.522
15076;44.904;2.172
15077;44.946;2.882
15078;44.794;2.963
15079;45.27;2.368
15080;45.165;3.014
15081;44.94;2.662
15082;44.696;2.452
15083;44.995;2.418
15084;44.741;2.48
15085;44.852;2.549
15086;44.95;2.724
15087;44.773;2.43
15088;44.926;2.274
15089;44.767;2.51
15090;44.793;2.448
15091;45.273;2.872
15092;45.434;2.55
15093;44.73;2.534
15094;44.975;2.193
15095;45.024;2.528
15096;45.034;2.575
15097;45.112;3.219
15098;45.285;3.082
15100;45.077;2.878
15101;45.104;2.783
15102;45.126;2.732
15103;44.785;2.54
15104;44.741;2.281
15105;45.325;3.089
15106;44.831;2.898
15107;44.953;3.291
15108;44.938;3.206
15110;45.288;2.758
15111;45.372;2.459
15112;44.981;2.753
15113;45.078;2.664
15114;45.316;2.856
15116;45.274;2.729
15117;44.782;2.357
15118;45.008;2.478
15119;45.245;3.2
15120;45.218;2.317
15121;44.87;3.082
15122;44.712;2.173
15123;45.263;2.415
15124;45.298;2.579
15125;45.079;3.142
15126;45.267;3.043
15127;45.233;3.126
15128;45.321;2.551
15129;45.37;2.732
15130;45.069;3.215
15131;45.299;2.508
15132;45.356;2.889
15133;44.631;2.201
15134;44.696;2.494
15135;44.996;2.163
15137;45.234;2.473
15138;45.111;2.861
15139;44.935;2.766
15140;44.952;2.421
15141;45.132;2.985
15142;44.931;2.979
15143;44.983;2.246
15144;44.88;2.268
15146;44.957;2.704
15147;44.828;2.173
15148;45.02;2.887
15149;44.885;2.816
15151;45.211;3.03
15152;44.929;2.838
15153;45.13;2.249
15154;44.952;2.576
15155;45.284;2.921
15156;44.823;2.475
15157;44.758;2.184
15158;45.115;3.268
15159;44.902;2.657
15160;44.97;2.423
15161;45.134;3.106
15162;45.29;2.657
15163;44.845;2.399
15164;45.048;3.016
15165;45.029;2.144
15166;44.86;2.188
15167;44.796;2.21
15168;45.005;3.224
15169;45.331;2.482
15170;45.328;2.708
15172;44.749;2.336
15173;45.281;2.804
15174;45.16;2.48
15175;45.053;2.426
15176;45.092;2.446
15178;45.041;2.605
15179;45.086;2.38
15180;44.975;2.676
15181;44.688;2.246
15182;44.95;2.244
15183;44.913;2.585
15184;44.722;2.229
15185;45.344;2.619
15186;45.125;2.381
15187;45.028;3.083
15188;45.02;3.138
15189;44.942;2.205
15190;45.219;2.703
15191;45.051;2.321
15192;45.056;2.721
15194;44.775;2.202
15196;44.856;2.305
15198;44.892;2.883
15199;44.887;3.044
15200;45.089;2.305
15201;44.935;2.794
15202;45.12;2.443
15203;45.176;3.144
15204;44.951;2.3
15205;45.137;2.558
15206;45.395;2.382
15207;45.16;3.195
15208;45.082;2.559
15209;44.767;3.027
15211;45.021;2.235
15212;44.656;2.211
15213;45.234;2.794
15214;44.879;2.124
15215;44.97;2.497
15216;44.706;2.979
15217;45.01;2.288
15218;45.208;2.539
15219;45.145;2.496
15220;45.188;2.401
15221;44.89;2.343
15222;44.745;2.427
15223;45.308;2.442
15224;44.893;2.209
15225;45.208;2.823
15226;44.719;2.407
15228;44.951;2.12
15229;45.09;3.262
15230;45.275;2.335
15231;45.124;3.053
15232;45.026;2.984
15233;44.976;2.362
15234;44.821;2.538
15235;44.996;2.994
15236;45.018;2.662
15237;45.074;3.176
15238;45.055;2.49
15240;45.385;2.67
15241;44.752;2.946
15242;44.671;2.191
15243;45.244;2.544
15244;45.074;2.952
15245;45.038;3.196
15246;45.264;2.601
15247;45.164;3.061
15248;45.053;2.907
15249;45.184;2.586
15250;45.356;2.515
15251;45.053;3.272
15252;44.996;2.556
15253;45.219;2.883
15254;45.32;2.368
15255;44.895;2.522
15256;45.278;2.978
15257;44.806;2.582
15258;44.972;2.62
15259;45.117;3.159
15260;44.652;2.435
15261;45.223;2.367
15262;44.997;3.055
15263;45.129;2.898
15264;44.81;2.314
15265;45.343;2.45
15266;44.931;2.538
15267;44.916;2.366
15268;44.857;2.234
15269;45.101;2.355
16001;46.1;0.716
16002;46.079;0.203
16003;45.776;0.328
16005;45.889;-0.0
16007;46.02;0.526
16008;45.856;0.059
16009;45.975;0.556
16011;45.769;0.206
16012;45.614;-0.29
16013;45.623;-0.082
16014;45.478;-0.055
16015;45.647;0.145
16016;45.994;0.62
16018;45.637;-0.402
16019;45.708;0.049
16020;45.261;0.168
16023;45.915;0.256
16024;45.822;0.216
16025;45.374;-0.254
16026;45.713;0.134
16027;45.912;-0.088
16028;45.478;-0.158
16029;45.301;-0.015
16030;45.489;-0.206
16031;46.005;0.236
16032;45.665;-0.099
16034;45.221;0.037
16035;45.927;0.373
16036;45.502;0.079
16037;45.313;0.117
16038;46.039;0.453
16039;46.052;0.171
16040;45.391;-0.067
16041;45.431;-0.014
16042;45.958;0.082
16044;46.031;0.27
16045;45.564;-0.055
16046;45.472;0.024
16047;45.473;0.313
16048;45.33;-0.159
16049;45.236;0.144
16050;45.576;-0.135
16052;45.34;0.148
16053;45.326;-0.2
16054;46.049;0.377
16055;45.625;0.318
16056;45.666;-0.222
16057;45.607;-0.127
16058;45.711;-0.297
16059;45.998;0.029
16060;45.789;-0.275
16061;45.734;0.267
16062;45.424;-0.041
16063;45.32;0.012
16064;45.951;0.869
16065;46.068;0.777
16066;45.324;-0.047
16067;45.699;0.344
16068;45.888;0.392
16069;45.864;0.146
16070;45.864;0.712
16071;45.926;0.747
16072;45.496;0.143
16073;45.274;0.039
16074;45.424;-0.085
16075;45.507;0.042
16076;45.993;0.412
16077;45.647;0.005
16078;45.717;0.196
16079;45.326;-0.255
16081;45.831;0.052
16082;45.484;0.177
16083;45.95;0.12
16084;45.544;0.429
16085;45.824;0.441
16086;45.851;0.773
16087;45.951;0.368
16088;45.71;-0.207
16089;45.672;-0.316
16090;45.596;-0.051
16091;45.348;-0.004
16093;45.645;0.365
16095;45.944;0.222
16096;45.811;0.554
16097;45.745;-0.338
16098;46.044;0.136
16099;45.361;-0.09
16100;45.913;0.685
16101;45.55;0.051
16102;45.696;-0.335
16103;45.511;0.409
16104;46.028;0.228
16105;45.401;-0.135
16106;46.019;0.658
16107;45.814;0.277
16108;45.838;0.09
16109;45.773;-0.181
16110;45.986;0.133
16111;45.394;0.082
16112;45.301;0.088
16113;45.61;0.109
16114;45.932;0.288
16116;45.536;-0.21
16117;45.296;0.021
16118;45.409;0.015
16119;45.554;0.284
16120;45.599;0.242
16121;45.701;-0.003
16122;45.942;0.03
16123;45.722;-0.044
16124;45.682;0.57
16125;45.489;0.351
16127;46.024;0.05
16128;46.069;0.538
16130;45.237;0.111
16131;46.026;0.72
16132;45.891;0.783
16133;45.527;-0.01
16134;45.88;0.664
16135;45.647;0.55
16136;46.02;0.159
16137;45.593;0.467
16138;45.676;0.088
16139;45.718;-0.086
16141;45.913;0.175
16142;46.076;0.078
16143;45.527;0.197
16144;45.885;0.076
16145;45.713;-0.125
16146;45.626;0.267
16147;45.51;0.31
16148;45.801;0.022
16150;45.657;-0.269
16151;45.637;-0.307
16152;45.641;-0.367
16153;45.668;-0.156
16154;45.68;0.166
16155;45.96;-0.072
16157;45.941;0.448
16158;45.581;0.399
16160;45.466;-0.255
16161;45.311;-0.123
16162;45.436;0.265
16163;45.676;0.008
16164;46.05;0.582
16165;45.756;-0.211
16166;45.664;0.199
16167;45.686;-0.165
16168;45.781;0.251
16169;45.703;-0.364
16170;45.368;0.158
16171;45.589;-0.256
16173;45.926;0.142
16174;45.69;-0.229
16175;45.535;-0.035
16176;45.517;-0.242
16177;45.513;-0.064
16178;45.515;-0.206
16180;45.28;0.186
16181;46.07;0.649
16182;46.012;0.792
16183;45.815;0.645
16184;45.904;0.216
16185;45.916;0.104
16186;45.566;-0.185
16187;45.654;0.074
16188;45.751;0.591
16189;46.085;0.14
16190;45.996;-0.024
16191;45.939;0.181
16192;45.91;0.573
16193;45.724;-0.397
16194;45.935;-0.065
16195;45.858;0.466
16196;45.895;0.124
16197;46.049;0.078
16198;45.509;0.255
16199;45.656;0.236
16200;45.848;0.178
16203;45.554;0.477
16204;45.552;-0.103
16205;45.934;0.621
16206;45.879;0.174
16207;45.857;0.018
16208;45.772;-0.136
16209;45.731;0.433
16210;45.743;0.075
16211;45.617;0.446
16212;45.777;0.657
16213;45.74;0.52
16215;45.216;0.014
16216;45.696;-0.071
16217;45.67;-0.372
16218;45.776;-0.342
16220;45.707;-0.176
16221;45.875;-0.033
16222;45.332;0.069
16223;45.668;0.504
16224;45.446;-0.208
16225;45.774;0.551
16226;45.78;0.103
16227;45.342;0.215
16229;46.08;0.11
16230;45.423;0.127
16231;45.991;0.9
16232;45.685;0.293
16233;45.615;-0.013
16234;45.668;-0.038
16236;45.558;0.122
16237;45.887;0.236
16238;45.913;0.225
16239;45.796;0.611
16240;45.293;0.21
16241;45.844;0.224
16242;46.006;0.324
16243;45.724;-0.271
16244;45.625;0.062
16245;45.883;0.524
16246;45.422;0.055
16248;45.912;-0.037
16249;46.115;0.782
16250;45.698;0.486
16251;45.356;-0.137
16252;45.283;0.069
16253;46.034;0.002
16254;45.348;0.243
16255;45.924;0.421
16256;45.348;-0.062
16258;45.467;0.083
16260;45.319;0.181
16261;45.812;0.37
16263;45.525;0.076
16264;46.097;0.492
16267;45.396;-0.011
16268;45.962;0.265
16269;45.674;0.346
16270;45.819;0.74
16271;45.616;0.173
16272;45.864;0.211
16273;46.004;0.116
16275;45.909;-0.124
16276;45.425;-0.174
16277;45.737;-0.249
16279;45.243;-0.004
16280;45.761;0.359
16281;45.733;0.394
16282;45.798;0.31
16283;45.457;0.238
16284;45.265;0.098
16285;45.537;0.354
16286;45.782;-0.074
16287;45.58;0.031
16289;45.723;0.618
16290;45.72;0.562
16291;45.684;0.231
16292;46.04;0.199
16293;45.769;0.478
16295;45.802;0.14
16297;45.638;-0.105
16298;45.736;-0.006
16300;45.837;0.272
16301;45.448;-0.052
16302;45.244;0.044
16303;45.474;-0.089
16304;45.69;-0.265
16306;46.004;0.85
16307;45.865;0.248
16308;45.898;0.472
16310;45.995;0.466
16312;45.773;-0.026
16315;45.371;0.012
16316;45.583;-0.304
16317;45.957;-0.015
16318;45.896;0.282
16320;45.754;0.036
16321;45.976;0.269
16323;45.634;0.413
16325;45.952;0.312
16326;45.891;0.158
16329;45.943;0.499
16330;45.695;-0.394
16331;45.353;0.034
16334;45.371;0.058
16335;46.065;0.15
16336;45.845;0.362
16337;45.969;0.7
16338;45.508;-0.134
16339;45.851;-0.087
16340;45.645;-0.143
16341;45.64;0.11
16342;45.541;-0.287
16343;45.601;-0.172
16345;45.838;0.676
16346;45.243;0.073
16347;45.283;0.137
16348;45.668;0.04
16349;45.764;-0.25
16350;45.311;0.245
16352;45.655;-0.075
16353;45.695;0.443
16354;45.378;-0.021
16356;45.937;0.319
16357;45.288;-0.084
16358;45.682;0.128
16359;45.619;-0.344
16360;45.452;-0.122
16361;45.96;0.171
16362;45.388;0.232
16363;45.956;0.787
16364;45.75;0.648
16365;45.259;-0.077
16366;45.618;-0.216
16368;45.585;0.319
16369;45.738;-0.165
16370;45.62;0.02
16372;45.587;0.498
16373;45.971;0.05
16374;45.64;0.207
16375;45.848;0.514
16377;45.87;0.362
16378;46.064;0.248
16379;45.774;0.418
16380;45.398;-0.201
16381;46.056;0.044
16382;45.569;0.209
16383;45.793;0.194
16384;45.374;-0.202
16385;45.658;0.268
16387;45.683;-0.116
16388;45.64;0.046
16389;45.952;0.411
16390;45.932;0.07
16392;45.882;0.318
16393;45.756;0.136
16394;45.417;0.241
16395;45.742;-0.09
16396;45.913;0.325
16397;45.881;-0.095
16398;45.783;0.699
16399;45.564;-0.262
16400;45.978;0.226
16401;45.835;0.13
16402;45.643;-0.059
16403;45.97;0.448
16404;46.016;0.379
16405;45.507;-0.097
16406;45.675;0.414
16408;45.479;0.283
16409;46.012;0.089
16412;45.808;0.173
16413;46.051;0.11
16414;45.861;0.108
16415;45.721;0.108
16416;45.798;0.495
16418;45.593;0.159
16419;45.808;0.08
16420;45.512;0.126
16421;45.66;0.447
16422;45.6;0.36
16423;45.824;0.106
16424;45.274;-0.025
16425;45.735;0.466
17002;45.382;-0.47
17003;46.116;-0.944
17004;46.018;-1.17
17005;45.383;-0.498
17006;45.473;-0.34
17007;46.176;-0.904
17008;46.263;-1.018
17009;46.206;-0.949
17010;46.107;-1.106
17011;45.845;-0.607
17012;46.01;-0.696
17013;45.995;-0.483
17015;45.56;-0.874
17016;45.523;-0.302
17017;45.928;-0.717
17018;46.05;-0.89
17019;46.211;-1.515
17020;45.503;-0.324
17021;45.747;-1.123
17022;45.894;-0.51
17023;45.848;-0.394
17024;46.02;-0.348
17025;45.88;-0.412
17026;45.842;-0.426
17027;45.551;-0.509
17028;46.134;-1.114
17029;45.9;-0.316
17030;45.748;-0.844
17031;45.808;-0.225
17032;46.054;-0.973
17033;45.128;-0.063
17034;45.531;-0.868
17035;45.917;-0.165
17036;45.87;-1.008
17037;45.893;-0.179
17038;45.186;-0.313
17039;45.53;-0.556
17041;46.2;-0.797
17042;45.839;-0.459
17043;46.067;-0.626
17044;45.657;-0.598
17045;45.861;-0.845
17046;45.921;-0.601
17047;45.569;-0.484
17048;45.872;-0.354
17049;46.054;-0.426
17050;45.482;-0.615
17051;46.182;-1.376
17052;45.317;-0.544
17053;45.895;-0.785
17054;45.273;-0.127
17055;45.192;-0.072
17056;45.6;-0.506
17057;46.163;-0.858
17058;45.847;-1.134
17059;46.168;-1.022
17060;45.499;-0.76
17061;45.35;-0.262
17062;45.865;-0.145
17063;46.063;-0.696
17064;45.694;-1.054
17065;46.0;-0.966
17066;45.475;-0.301
17067;45.817;-0.254
17068;45.503;-0.738
17069;45.666;-0.456
17070;45.807;-0.476
17071;45.902;-0.365
17072;45.778;-0.428
17073;45.792;-0.624
17074;45.202;-0.379
17075;45.928;-0.85
17076;45.61;-0.387
17077;45.127;-0.208
17078;45.544;-0.45
17079;45.73;-1.068
17080;46.109;-0.846
17081;45.306;-0.465
17082;45.429;-0.377
17083;45.83;-0.917
17084;45.51;-0.648
17085;45.914;-0.777
17086;45.734;-0.552
17087;45.973;-0.644
17089;45.764;-0.534
17091;46.294;-1.081
17092;45.337;-0.417
17093;45.881;-1.217
17094;46.073;-1.083
17095;45.299;-0.292
17096;45.357;-0.359
17097;45.641;-0.902
17098;45.514;-0.812
17099;45.253;-0.326
17100;45.713;-0.447
17101;45.968;-0.34
17102;45.693;-0.677
17104;45.299;-0.213
17105;45.951;-0.122
17106;45.561;-0.314
17107;46.038;-0.931
17108;45.492;-0.445
17109;46.142;-1.037
17110;45.171;-0.234
17111;45.471;-0.51
17112;45.732;-0.755
17113;45.116;-0.143
17114;46.067;-0.463
17115;45.643;-0.555
17116;45.418;-0.589
17117;46.012;-0.261
17118;45.245;-0.393
17119;45.632;-0.864
17120;45.746;-0.81
17121;46.201;-1.437
17122;45.609;-0.429
17124;46.038;-0.588
17125;45.959;-0.481
17126;45.843;-0.366
17127;46.255;-0.795
17128;45.703;-0.564
17129;45.314;-0.5
17130;45.32;-0.409
17131;45.576;-0.824
17132;46.215;-0.718
17133;45.595;-0.714
17134;45.85;-0.706
17135;45.916;-0.212
17136;46.103;-0.999
17137;46.082;-0.505
17138;46.073;-0.388
17139;46.124;-0.549
17140;45.91;-1.258
17141;45.708;-0.497
17142;46.184;-1.068
17143;45.808;-0.578
17145;45.589;-0.452
17146;45.902;-0.953
17147;45.815;-0.519
17148;45.794;-0.695
17149;45.998;-0.206
17150;45.979;-0.424
17151;45.702;-0.98
17152;45.546;-0.796
17153;46.248;-1.114
17154;45.795;-0.77
17155;45.722;-1.1
17156;45.333;-0.375
17157;45.891;-0.589
17158;46.229;-0.854
17159;45.531;-0.526
17160;45.476;-0.748
17161;46.179;-1.322
17162;45.947;-0.176
17163;45.379;-0.383
17164;45.768;-0.59
17165;45.906;-0.463
17166;46.109;-0.892
17167;45.206;-0.126
17168;45.983;-1.077
17171;45.862;-0.756
17172;45.562;-0.684
17173;45.221;-0.052
17174;46.019;-0.782
17175;45.561;-0.341
17176;45.929;-0.312
17177;45.936;-0.251
17178;45.541;-0.632
17179;45.706;-0.607
17180;45.889;-0.222
17181;45.875;-0.603
17182;46.248;-0.76
17183;45.603;-0.835
17184;45.792;-0.952
17185;45.726;-0.965
17186;46.188;-0.871
17187;45.443;-0.511
17188;45.863;-0.255
17190;46.194;-1.186
17191;45.659;-0.574
17192;45.553;-0.406
17193;46.122;-1.071
17194;46.124;-1.012
17195;46.035;-0.481
17196;45.583;-0.616
17197;45.442;-0.428
17198;45.84;-0.577
17199;45.277;-0.356
17200;46.186;-1.152
17201;46.216;-0.756
17202;45.995;-0.6
17203;46.07;-0.857
17204;45.378;-0.333
17205;45.993;-0.928
17206;45.958;-0.29
17207;46.221;-1.447
17208;46.238;-0.975
17209;45.591;-0.396
17210;45.46;-0.675
17211;46.044;-0.514
17212;45.832;-0.228
17213;46.044;-0.543
17214;45.715;-0.763
17215;45.467;-0.473
17216;45.943;-0.822
17217;45.796;-0.204
17218;46.312;-0.98
17219;45.822;-1.109
17220;45.52;-0.472
17221;46.122;-0.62
17222;46.228;-1.134
17223;45.863;-0.218
17224;45.864;-0.315
17225;45.706;-1.171
17226;45.916;-0.56
17227;45.559;-0.588
17228;45.642;-0.957
17229;45.33;-0.301
17230;45.573;-0.948
17231;45.346;-0.313
17232;45.652;-0.82
17233;45.444;-0.355
17234;46.082;-0.558
17235;45.806;-0.397
17236;45.365;-0.565
17237;45.889;-1.052
17239;45.806;-0.337
17240;45.288;-0.388
17241;45.21;-0.17
17242;45.658;-0.512
17243;45.234;-0.271
17244;45.633;-0.754
17245;46.155;-1.017
17246;45.977;-0.797
17247;45.708;-1.021
17248;45.498;-0.778
17249;45.399;-0.322
17250;45.503;-0.542
17252;45.872;-0.715
17253;46.011;-0.864
17254;46.022;-0.624
17255;45.748;-0.875
17256;45.861;-0.483
17257;45.977;-0.242
17258;45.515;-0.4
17259;45.51;-0.428
17260;45.254;-0.166
17261;45.812;-0.161
17262;45.754;-0.745
17263;45.414;-0.529
17264;46.209;-1.166
17265;45.757;-1.028
17266;45.935;-0.657
17267;46.238;-0.929
17268;46.017;-0.41
17269;45.221;-0.234
17270;45.408;-0.403
17271;45.986;-0.389
17273;45.637;-0.46
17274;46.158;-1.089
17275;45.725;-0.711
17276;45.317;-0.293
17277;45.995;-0.52
17278;45.705;-0.794
17279;45.451;-0.579
17280;45.825;-0.729
17281;45.28;-0.306
17282;45.328;-0.349
17283;45.577;-0.557
17284;45.826;-0.866
17285;45.818;-0.672
17286;46.242;-1.501
17287;45.272;-0.259
17288;45.949;-0.452
17289;45.668;-0.624
17290;45.832;-0.347
17291;46.185;-1.114
17292;45.945;-0.754
17293;46.134;-0.817
17294;46.033;-0.656
17295;45.466;-0.38
17296;45.673;-0.73
17297;46.159;-1.283
17298;45.639;-0.709
17299;45.943;-0.972
17300;46.162;-1.175
17301;45.991;-0.176
17302;45.861;-0.802
17303;46.3;-0.787
17304;45.682;-0.493
17305;45.336;-0.452
17306;45.635;-1.018
17307;45.714;-0.895
17308;45.868;-0.953
17309;45.167;-0.044
17310;45.583;-0.757
17311;45.686;-1.106
17312;45.34;-0.645
17313;45.769;-0.472
17314;45.755;-0.491
17315;46.14;-0.948
17316;45.448;-0.303
17317;45.432;-0.633
17318;46.236;-1.538
17319;45.282;-0.274
17320;45.948;-0.788
17321;45.997;-0.74
17322;46.269;-0.827
17323;46.024;-1.386
17324;45.401;-0.57
17325;45.426;-0.711
17326;45.498;-0.274
17327;46.094;-0.604
17328;45.462;-0.722
17329;45.914;-1.062
17330;45.775;-0.893
17331;45.48;-0.57
17332;45.492;-0.483
17333;45.604;-0.98
17334;46.042;-0.397
17335;45.376;-0.65
17336;45.77;-0.701
17337;45.976;-1.324
17338;46.15;-0.739
17339;45.464;-0.444
17340;46.068;-0.799
17341;45.421;-0.328
17342;45.513;-0.686
17343;45.51;-0.509
17344;45.859;-0.536
17345;45.429;-0.488
17346;45.92;-0.905
17347;45.943;-0.52
17348;45.831;-0.972
17349;46.28;-0.882
17350;45.929;-0.485
17351;45.794;-1.054
17353;45.988;-1.028
17354;45.616;-0.57
17355;45.522;-0.357
17356;46.0;-0.648
17357;45.415;-0.279
17358;46.037;-0.278
17359;46.093;-0.696
17360;46.156;-1.322
17361;46.046;-0.457
17362;45.378;-0.595
17363;45.463;-0.43
17364;45.578;-0.371
17365;45.218;-0.201
17366;45.146;-0.11
17367;45.939;-0.344
17369;46.199;-1.367
17372;45.4;-0.354
17373;46.159;-0.967
17374;45.88;-0.457
17375;45.943;-1.028
17376;46.23;-1.032
17377;45.864;-0.17
17378;45.274;-0.202
17379;45.515;-0.592
17380;45.658;-1.101
17381;46.006;-0.455
17382;46.175;-0.698
17383;45.946;-0.385
17384;46.028;-0.444
17385;45.94;-1.305
17386;45.159;-0.151
17387;45.823;-0.775
17388;45.535;-0.597
17389;45.849;-0.873
17390;45.419;-0.664
17391;46.146;-1.062
17393;45.692;-0.856
17394;46.14;-0.665
17395;45.732;-0.498
17396;46.21;-0.892
17397;45.886;-0.678
17398;45.622;-0.513
17400;45.691;-0.521
17401;46.089;-0.429
17402;45.448;-0.546
17403;45.411;-0.452
17404;45.61;-0.675
17405;45.356;-0.695
17406;45.77;-0.975
17407;46.193;-1.016
17408;45.816;-0.827
17409;45.674;-1.006
17410;45.392;-0.699
17411;45.832;-1.227
17412;45.816;-0.621
17413;46.076;-1.049
17414;46.213;-1.092
17415;45.742;-0.65
17416;46.017;-0.185
17417;45.351;-0.482
17418;45.669;-0.416
17420;46.102;-1.052
17421;45.675;-0.937
17422;45.951;-0.214
17423;45.4;-0.592
17424;45.39;-0.625
17425;45.599;-0.915
17426;45.793;-0.356
17427;45.84;-0.191
17428;45.831;-0.282
17429;45.91;-1.002
17430;45.354;-0.519
17431;45.78;-0.793
17432;45.294;-0.437
17433;45.307;-0.328
17434;46.104;-0.754
17435;45.902;-0.622
17436;45.845;-0.636
17437;45.544;-0.902
17438;45.558;-0.625
17439;46.317;-0.832
17440;45.947;-0.561
17441;45.632;-0.656
17442;45.616;-0.792
17443;46.077;-1.004
17444;45.676;-0.652
17445;45.676;-0.789
17446;45.825;-0.316
17447;46.087;-0.937
17448;45.975;-0.711
17449;45.963;-0.874
17450;45.961;-0.638
17451;45.908;-0.266
17452;45.76;-1.191
17453;45.882;-0.904
17454;45.355;-0.408
17455;45.891;-0.846
17457;46.053;-0.754
17458;45.359;-0.299
17459;45.923;-0.427
17460;45.7;-0.743
17461;45.645;-1.058
17462;45.788;-0.549
17463;45.974;-0.986
17464;46.07;-0.515
17465;45.971;-0.567
17466;46.197;-0.973
17467;45.97;-0.445
17468;45.351;-0.34
17469;45.604;-0.629
17470;45.797;-0.436
17471;46.065;-0.323
17472;46.243;-1.073
17473;45.994;-0.308
17474;46.095;-0.49
17476;45.379;-0.44
17477;45.984;-0.152
17478;46.034;-0.212
17479;45.538;-0.729
17480;46.139;-0.885
17481;45.947;-0.602
17482;46.152;-0.797
17483;46.039;-1.034
17484;45.942;-1.072
17485;45.862;-1.243
17486;46.008;-1.351
18001;47.283;2.459
18002;46.664;2.544
18003;47.193;2.562
18004;47.234;2.307
18005;47.178;2.241
18006;46.969;2.543
18007;46.911;3.019
18008;46.962;2.336
18009;46.676;2.426
18010;46.645;2.352
18011;47.563;2.43
18012;47.141;2.992
18013;46.792;2.568
18014;47.431;2.75
18015;47.486;2.421
18016;47.219;2.586
18017;46.783;2.857
18018;47.032;2.666
18019;47.192;2.71
18020;47.383;2.873
18021;46.807;2.728
18022;47.494;2.623
18023;47.071;2.716
18024;46.608;2.21
18025;47.093;3.001
18026;47.502;2.846
18027;47.0;2.732
18028;47.131;2.296
18029;46.748;2.775
18030;47.535;2.542
18031;46.882;2.731
18032;47.432;2.885
18033;47.075;2.404
18034;46.705;2.47
18035;47.13;2.63
18036;47.164;2.112
18037;47.568;2.226
18038;46.776;2.429
18039;47.31;2.794
18040;46.897;2.621
18041;46.638;2.523
18042;46.771;2.459
18043;46.789;2.177
18044;47.111;2.106
18045;46.86;2.702
18046;46.778;2.334
18047;47.371;2.44
18048;46.896;2.954
18049;47.178;2.986
18050;47.058;2.319
18051;47.334;2.599
18052;46.743;2.653
18053;47.142;2.87
18054;46.902;2.763
18055;46.991;2.128
18056;47.044;2.833
18057;46.555;2.207
18058;46.866;2.34
18059;46.628;2.293
18060;46.842;2.75
18061;47.143;2.78
18062;46.985;2.964
18063;46.864;2.402
18064;47.116;2.026
18065;46.832;2.111
18066;46.974;2.185
18067;47.563;2.331
18068;46.851;2.644
18069;46.7;2.557
18070;47.492;2.57
18071;46.858;2.496
18072;46.956;2.733
18073;46.892;2.298
18074;47.284;2.927
18075;47.022;3.038
18076;46.684;2.599
18077;47.109;2.828
18078;46.814;2.343
18079;47.304;2.748
18080;46.93;2.829
18081;47.008;2.568
18082;46.969;3.038
18083;46.546;2.356
18084;47.456;2.574
18085;47.183;1.941
18086;46.698;2.523
18087;46.892;2.561
18088;47.423;2.41
18089;46.571;2.556
18090;47.16;2.716
18091;46.758;2.411
18092;47.066;2.641
18093;46.637;2.46
18094;47.229;2.867
18095;46.962;2.8
18096;47.18;2.155
18097;47.141;2.426
18098;47.26;2.824
18099;47.088;2.883
18100;47.191;1.885
18101;46.915;2.882
18102;46.833;2.808
18103;47.141;1.857
18104;47.206;2.812
18105;47.116;2.737
18106;46.872;2.936
18107;46.69;2.513
18108;46.952;2.945
18109;47.298;2.536
18110;47.228;2.942
18111;47.262;2.648
18112;46.714;2.258
18113;46.958;2.864
18114;46.769;2.276
18115;47.355;2.51
18116;47.229;2.778
18117;47.391;2.667
18118;47.046;3.003
18119;46.991;2.646
18120;47.121;2.943
18121;46.905;2.662
18122;46.921;2.296
18124;47.067;2.077
18125;47.466;2.873
18126;46.93;2.392
18127;46.762;2.205
18128;47.077;2.125
18129;46.974;2.387
18130;46.633;2.402
18132;47.178;2.828
18133;46.938;2.258
18134;47.135;2.064
18135;46.648;2.22
18136;46.696;2.353
18137;46.879;2.163
18138;47.089;2.271
18139;47.07;2.994
18140;47.155;1.986
18141;47.136;2.22
18142;46.781;2.507
18143;47.042;2.936
18144;47.348;2.752
18145;47.242;2.49
18146;47.318;2.867
18147;47.449;2.289
18148;47.179;2.052
18149;47.309;2.379
18150;47.248;1.994
18151;47.228;2.688
18152;46.807;2.247
18153;46.727;2.317
18154;47.054;2.865
18155;46.816;3.011
18156;47.257;2.596
18157;47.044;2.272
18158;47.094;2.528
18159;47.367;2.176
18160;47.004;2.838
18161;46.802;2.783
18162;47.306;2.656
18163;47.281;2.689
18164;46.86;3.02
18165;47.322;2.271
18166;47.09;2.581
18167;47.134;1.912
18168;47.364;2.666
18169;46.735;2.421
18170;47.453;2.513
18171;46.71;2.414
18172;46.722;2.467
18173;46.939;2.658
18174;47.063;2.506
18175;46.921;2.79
18176;47.242;2.538
18177;46.851;2.556
18178;46.633;2.574
18179;47.164;2.444
18180;47.008;2.436
18181;47.032;2.148
18182;47.032;2.089
18183;46.8;2.638
18184;47.09;2.929
18185;47.387;2.323
18186;47.095;2.164
18187;46.453;2.253
18188;46.907;2.213
18189;47.224;2.445
18190;47.13;2.156
18191;46.972;2.69
18192;46.59;2.342
18193;46.672;2.175
18194;47.185;2.62
18195;46.86;2.829
18196;46.755;2.822
18197;46.726;2.52
18198;46.936;2.124
18199;46.851;2.205
18200;47.271;2.892
18201;46.971;2.299
18202;47.219;2.636
18203;46.583;2.389
18204;46.933;2.519
18205;47.111;2.357
18206;47.169;2.331
18207;46.991;2.254
18208;47.4;2.821
18209;46.683;2.481
18210;47.22;1.95
18211;47.186;2.421
18212;46.889;2.451
18213;47.108;2.479
18214;47.201;2.003
18215;47.024;2.902
18216;46.738;2.13
18217;46.596;2.242
18218;46.988;2.502
18219;47.242;2.185
18220;47.115;2.999
18221;46.826;2.382
18223;47.21;2.382
18224;47.173;2.935
18225;46.569;2.288
18226;47.143;2.481
18227;47.502;2.322
18228;47.14;1.811
18229;47.249;2.411
18230;46.672;2.283
18231;46.734;2.594
18232;46.449;2.184
18233;47.346;2.854
18234;46.506;2.24
18235;47.142;2.551
18236;46.807;2.304
18237;47.078;2.207
18238;46.539;2.529
18240;47.163;2.9
18241;47.326;2.822
18242;46.825;2.914
18243;47.503;2.759
18244;46.968;2.113
18245;46.602;2.492
18246;47.444;2.798
18247;47.046;2.568
18248;46.952;2.44
18249;47.334;2.689
18250;46.882;2.38
18251;47.138;2.823
18252;46.512;2.315
18253;47.18;2.515
18254;47.031;2.488
18255;47.018;2.31
18256;47.396;2.752
18257;47.483;2.845
18258;47.372;2.804
18259;47.46;2.711
18260;46.98;2.82
18261;46.822;2.67
18262;47.301;2.873
18263;47.262;1.939
18264;47.422;2.672
18265;47.01;2.984
18266;46.715;2.21
18267;47.02;2.366
18268;46.824;2.457
18269;47.456;2.651
18270;46.773;2.378
18271;47.161;2.386
18272;47.266;2.756
18273;46.847;2.282
18274;47.349;2.811
18275;46.874;2.877
18276;46.767;2.709
18277;46.821;2.601
18278;46.553;2.439
18279;47.237;2.079
18280;47.184;2.47
18281;47.208;2.18
18282;47.102;2.679
18283;46.821;2.195
18284;47.418;2.599
18285;47.028;2.223
18286;47.078;2.791
18287;47.282;2.832
18288;46.94;2.473
18289;46.966;2.595
18290;47.272;2.216
19001;45.508;1.768
19002;45.613;2.392
19003;45.147;1.677
19004;45.141;1.814
19005;45.256;1.469
19006;45.564;2.218
19007;44.98;1.869
19008;45.532;2.085
19009;45.31;1.804
19010;45.101;1.934
19011;45.411;1.362
19012;44.952;1.83
19013;45.186;1.686
19014;45.2;2.139
19015;45.254;1.324
19016;45.342;1.815
19017;45.025;1.869
19018;45.2;2.067
19019;44.981;1.828
19020;45.424;1.791
19021;45.649;2.222
19022;45.523;1.468
19023;45.132;1.73
19024;45.368;1.419
19025;45.402;1.304
19026;44.942;1.777
19027;45.526;1.986
19028;45.393;2.492
19029;45.008;1.708
19030;45.177;1.333
19031;45.144;1.519
19033;45.59;1.93
19034;44.993;1.995
19035;45.314;1.342
19036;45.602;1.72
19037;45.427;1.709
19038;45.248;1.706
19039;45.307;1.998
19040;45.189;1.938
19041;45.27;1.817
19042;45.312;1.623
19043;45.144;1.627
19044;44.983;1.719
19045;45.049;1.948
19046;45.358;2.052
19047;45.058;1.434
19048;45.175;1.733
19049;45.083;1.468
19050;45.019;1.671
19051;45.455;1.88
19052;45.619;2.099
19053;45.566;2.252
19054;45.061;1.824
19055;45.453;2.308
19056;45.276;1.957
19057;45.066;1.653
19058;45.469;2.165
19059;45.36;1.338
19060;45.482;1.599
19061;45.214;1.697
19062;45.366;1.871
19063;45.131;1.586
19064;45.672;2.345
19065;45.646;2.344
19066;45.156;1.306
19067;45.004;1.755
19068;45.164;1.638
19069;45.174;2.081
19070;45.424;2.113
19071;45.491;2.076
19072;45.231;1.526
19073;45.422;2.036
19074;45.658;1.796
19075;45.241;1.899
19076;45.399;1.595
19077;45.031;1.459
19078;45.319;1.495
19079;45.469;1.645
19080;45.677;2.424
19081;45.327;1.943
19082;45.263;1.67
19083;45.684;2.479
19084;45.159;1.865
19085;45.304;1.842
19086;45.02;2.094
19087;45.547;1.9
19088;45.488;1.93
19089;45.215;2.003
19090;45.22;1.962
19091;45.092;1.992
19093;45.089;1.555
19094;45.323;1.292
19095;45.643;1.833
19096;45.23;1.825
19097;45.293;2.077
19098;45.186;1.818
19099;45.084;1.696
19100;45.355;1.624
19101;45.24;1.787
19102;45.373;2.172
19103;45.675;2.386
19104;45.541;1.58
19105;45.118;1.64
19106;45.297;2.159
19107;45.114;1.42
19108;45.707;2.499
19109;45.34;1.372
19110;45.308;2.24
19111;45.254;2.142
19112;45.541;1.864
19113;45.405;2.323
19114;45.614;2.302
19115;45.049;1.618
19116;44.938;1.808
19117;45.11;1.46
19118;45.47;1.731
19119;45.068;1.775
19120;45.217;1.271
19121;45.454;1.4
19122;45.468;1.797
19123;45.176;1.584
19124;45.16;1.382
19125;45.253;2.034
19126;45.033;1.738
19128;45.456;2.416
19129;45.542;1.52
19130;45.47;2.127
19131;45.547;1.636
19132;45.106;1.793
19133;45.012;1.952
19134;45.625;2.458
19135;45.493;2.318
19136;45.554;2.14
19137;45.404;1.86
19138;45.05;1.684
19139;45.646;2.089
19140;45.072;1.889
19141;45.65;2.489
19142;45.496;2.49
19143;45.346;2.016
19144;45.509;1.421
19145;45.379;2.101
19146;45.315;1.751
19147;45.056;1.502
19148;45.371;2.259
19149;45.11;1.844
19150;45.083;1.617
19151;45.099;1.518
19152;45.02;1.809
19153;45.263;1.413
19154;45.341;1.462
19155;45.375;1.805
19156;45.164;1.698
19157;45.434;2.207
19158;45.221;1.859
19159;45.472;2.025
19160;45.575;2.004
19161;45.214;1.327
19162;45.337;1.553
19163;45.083;1.76
19164;45.71;2.037
19165;45.506;1.694
19166;45.428;1.65
19167;45.536;2.498
19168;45.511;1.91
19169;45.026;1.772
19170;44.964;1.768
19171;45.02;1.904
19172;45.527;1.691
19173;45.173;2.19
19174;45.199;1.964
19175;45.428;2.38
19176;45.388;2.011
19177;45.287;1.308
19178;45.274;1.55
19179;45.04;1.641
19180;45.494;2.232
19181;45.433;1.833
19182;45.236;1.388
19184;45.054;1.724
19186;45.158;1.917
19187;45.293;1.359
19188;45.3;1.526
19189;45.055;2.052
19190;45.507;2.426
19191;45.092;1.412
19192;45.127;1.899
19193;45.089;2.1
19194;45.331;1.687
19195;45.251;1.356
19196;45.279;1.384
19198;45.455;1.278
19199;45.566;2.45
19200;45.451;2.349
19201;45.511;2.37
19202;45.227;1.589
19203;45.207;1.763
19204;45.556;2.378
19205;45.082;2.059
19206;45.608;2.214
19207;45.267;1.621
19208;45.324;2.115
19209;45.598;1.821
19210;45.346;2.208
19211;45.21;1.642
19212;45.083;1.833
19213;45.393;1.649
19214;45.124;2.146
19215;45.002;2.064
19216;45.458;1.321
19217;45.034;1.709
19219;45.433;2.346
19220;45.272;1.886
19221;45.127;1.969
19222;45.171;1.995
19223;45.443;1.482
19225;45.248;2.096
19226;45.623;2.032
19227;45.29;1.676
19228;45.32;2.202
19229;45.147;1.432
19230;45.443;1.455
19231;45.249;1.969
19232;45.613;2.331
19233;45.602;2.272
19234;45.3;1.582
19235;45.206;1.898
19236;45.309;1.894
19237;45.137;2.077
19238;45.654;2.274
19239;45.254;1.295
19240;45.391;1.766
19241;45.697;2.117
19242;45.306;1.404
19243;45.374;1.371
19244;45.613;2.142
19245;45.181;1.888
19246;45.21;1.464
19247;45.466;2.386
19248;45.449;1.519
19249;45.455;1.97
19250;45.502;1.534
19251;45.412;1.931
19252;45.431;2.468
19253;45.277;1.262
19254;45.428;1.304
19255;45.367;1.723
19256;45.351;2.325
19257;45.098;1.733
19258;45.14;2.022
19259;45.048;2.017
19260;44.978;1.8
19261;45.669;2.18
19262;45.546;1.727
19263;45.446;2.064
19264;45.262;2.204
19265;45.673;1.956
19266;45.507;2.458
19268;45.645;1.93
19269;45.552;1.801
19270;45.397;1.448
19271;45.05;1.784
19272;45.273;1.763
19273;45.061;1.571
19274;45.19;1.513
19275;45.55;2.304
19276;45.424;1.565
19277;45.475;2.282
19278;45.189;1.434
19279;45.261;1.373
19280;44.982;1.751
19281;45.501;1.838
19283;45.489;2.396
19284;45.618;1.887
19285;45.379;1.519
19286;45.328;1.401
19287;45.373;1.933
19288;45.293;1.44
19289;45.204;1.384
21001;47.125;4.986
21002;47.287;4.763
21003;47.371;5.021
21004;47.672;4.751
21005;47.173;5.169
21006;47.748;4.578
21007;47.394;4.279
21008;47.536;4.488
21009;47.19;4.421
21010;47.068;4.861
21011;47.639;4.627
21012;47.81;4.503
21013;47.334;4.823
21014;47.176;4.749
21015;47.101;4.56
21016;47.376;5.196
21017;47.14;4.838
21018;47.275;4.824
21020;47.216;4.461
21021;47.338;5.2
21022;47.069;5.025
21023;47.128;4.48
21024;47.437;4.499
21025;47.69;4.328
21026;47.713;4.293
21027;47.387;5.045
21028;47.225;5.362
21029;47.562;4.258
21030;47.13;4.734
21031;47.128;5.165
21032;46.988;4.596
21033;47.301;4.643
21034;47.993;4.622
21035;47.059;5.108
21036;47.13;4.619
21037;46.985;4.731
21038;47.189;5.414
21039;47.587;5.031
21040;47.368;4.633
21041;47.617;5.008
21042;47.05;5.073
21043;47.601;4.652
21044;47.82;4.443
21045;47.252;4.74
21046;47.146;4.302
21047;47.528;4.225
21048;47.209;5.06
21049;47.616;4.962
21050;46.99;4.682
21051;47.348;4.794
21052;47.726;4.733
21053;47.462;5.348
21054;47.026;4.838
21055;47.681;4.716
21056;47.418;5.213
21057;47.238;5.261
21058;47.952;4.639
21059;47.38;5.064
21060;47.358;5.274
21061;47.695;4.645
21062;47.287;4.546
21063;47.693;4.936
21064;47.577;4.395
21065;47.087;4.742
21066;47.103;4.605
21067;47.145;5.148
21068;47.232;4.43
21069;47.356;4.496
21070;47.182;4.84
21071;47.466;5.279
21072;47.384;5.335
21074;47.142;5.42
21075;47.553;4.734
21076;47.325;5.269
21077;47.912;4.707
21078;47.843;4.426
21079;47.44;5.355
21080;47.369;4.735
21081;47.361;4.767
21082;47.303;4.46
21083;47.179;4.236
21084;47.489;4.697
21085;47.448;4.74
21086;46.983;4.83
21087;47.115;4.683
21088;47.138;4.998
21089;47.086;5.142
21090;47.93;4.833
21091;47.201;4.678
21092;47.135;4.771
21093;47.9;4.468
21094;47.509;5.292
21095;46.994;5.253
21096;47.626;5.206
21097;47.361;4.541
21098;47.473;4.644
21099;47.054;4.772
21100;47.463;4.505
21101;47.411;4.419
21102;47.172;4.276
21103;47.138;5.212
21104;47.73;4.609
21105;47.308;5.184
21106;47.236;5.103
21107;47.394;5.1
21108;47.412;4.374
21109;47.906;4.67
21110;47.239;4.956
21111;47.411;5.168
21112;47.086;5.104
21113;47.196;5.04
21114;47.657;4.275
21115;47.817;4.577
21116;47.732;4.911
21117;47.739;4.652
21118;47.663;4.98
21119;47.661;4.961
21120;47.227;4.7
21121;47.357;4.714
21122;47.576;4.523
21123;47.808;4.956
21124;47.198;4.336
21125;47.856;4.489
21126;47.283;5.229
21127;47.477;5.06
21128;47.273;4.477
21129;47.795;4.919
21130;47.283;5.272
21131;47.022;5.169
21132;47.228;4.903
21133;47.187;4.944
21134;47.783;4.541
21135;47.441;5.407
21136;47.462;4.768
21137;47.555;4.348
21138;47.182;5.3
21139;47.273;4.156
21140;47.051;4.568
21141;47.4;4.68
21142;47.525;4.74
21143;47.891;4.32
21144;47.42;4.67
21145;47.434;4.421
21146;47.372;5.35
21147;47.332;4.426
21148;47.099;5.154
21149;47.952;4.54
21150;46.932;4.727
21151;47.474;4.445
21152;47.219;4.652
21153;47.238;4.488
21154;47.858;4.592
21155;47.162;4.644
21156;47.179;4.643
21157;47.746;4.95
21158;47.581;5.362
21159;47.881;4.823
21160;47.632;4.574
21161;47.934;4.593
21162;47.127;4.907
21163;47.558;5.286
21164;47.183;4.582
21165;47.732;4.552
21166;47.293;5.005
21167;47.39;5.381
21168;47.391;4.654
21169;47.159;4.834
21170;46.969;4.982
21171;47.3;5.137
21172;46.968;5.091
21173;47.05;4.87
21175;47.303;5.31
21176;47.29;4.606
21177;47.387;4.422
21178;47.255;4.885
21179;47.414;5.114
21180;47.296;5.502
21181;47.192;4.487
21182;47.172;4.838
21183;47.225;5.292
21184;47.168;4.675
21185;46.992;4.903
21186;47.103;4.918
21187;47.25;4.653
21189;47.011;5.009
21190;46.945;4.797
21191;47.169;5.083
21192;47.304;4.942
21193;46.988;5.011
21194;47.082;4.935
21195;46.976;4.641
21196;46.927;4.76
21197;47.549;4.61
21198;47.518;4.203
21199;47.547;4.202
21200;47.262;4.961
21201;47.755;4.496
21202;47.916;4.739
21203;47.447;4.187
21204;47.592;4.392
21205;47.449;4.293
21207;47.646;5.008
21208;47.534;4.953
21209;47.33;5.15
21210;47.253;4.593
21211;47.57;5.141
21212;47.607;4.31
21214;47.182;4.681
21215;47.371;5.318
21216;47.147;4.569
21217;47.204;4.911
21218;47.461;4.929
21219;47.171;4.894
21220;47.638;5.084
21221;47.042;4.648
21222;47.164;4.585
21223;47.361;4.969
21224;47.439;4.559
21225;47.48;5.352
21226;47.547;4.567
21227;47.394;4.932
21228;47.175;4.788
21229;47.175;4.367
21230;47.522;5.06
21231;47.323;5.038
21232;47.4;4.232
21233;47.334;5.378
21234;47.344;4.696
21235;47.637;4.693
21236;46.929;4.78
21237;47.607;4.835
21238;47.281;4.68
21239;47.12;5.287
21240;47.547;5.16
21241;47.108;4.835
21242;47.178;5.2
21243;47.084;4.623
21244;47.301;4.5
21245;47.452;5.05
21246;47.174;5.037
21247;47.503;4.171
21248;47.589;4.467
21249;47.091;5.198
21250;47.758;4.794
21251;47.206;4.522
21252;47.701;4.44
21253;47.629;4.767
21254;47.183;4.876
21255;47.411;4.95
21256;47.324;5.322
21257;47.598;4.582
21258;47.889;4.52
21259;47.618;4.404
21260;47.584;4.211
21261;47.262;5.15
21262;47.827;4.867
21263;47.245;5.054
21264;47.18;4.508
21265;47.248;4.966
21266;47.434;5.135
21267;47.16;4.982
21268;47.131;5.394
21269;47.23;5.441
21270;47.278;4.918
21271;47.509;4.519
21272;47.441;4.337
21273;47.3;4.864
21274;47.125;4.552
21275;47.617;5.142
21276;47.649;4.535
21277;47.533;5.364
21278;47.348;5.025
21279;47.784;4.359
21280;47.346;4.372
21281;47.503;5.362
21282;47.471;4.207
21283;47.65;4.938
21284;47.459;4.88
21285;47.048;5.264
21286;47.521;4.891
21287;47.61;4.439
21288;47.529;4.648
21289;47.129;4.816
21290;47.477;5.14
21291;47.524;4.284
21292;47.241;5.221
21293;47.238;4.812
21294;47.102;5.023
21295;47.22;4.983
21296;47.99;4.751
21297;47.178;4.998
21298;47.322;4.486
21299;47.518;4.586
21300;47.261;4.783
21301;47.04;5.107
21302;47.957;4.484
21303;47.878;4.906
21304;47.674;5.024
21305;48.0;4.577
21306;47.269;4.712
21307;47.552;4.495
21308;47.559;4.406
21309;47.876;4.366
21310;47.319;4.6
21311;47.009;5.237
21312;47.852;4.938
21313;47.829;4.928
21314;47.488;4.571
21315;47.376;4.981
21316;47.336;5.465
21317;47.526;5.102
21319;47.166;5.12
21320;47.281;5.196
21321;47.463;4.594
21322;46.984;5.173
21323;47.384;5.421
21324;47.532;4.255
21325;47.158;4.438
21326;47.625;4.604
21327;47.039;4.591
21328;47.361;4.272
21329;47.49;4.401
21330;47.258;5.248
21331;47.159;5.379
21332;46.996;5.088
21333;47.038;5.142
21334;47.075;4.556
21335;47.36;4.235
21336;47.826;4.368
21337;47.273;5.37
21338;47.52;4.837
21339;47.344;4.866
21340;46.999;5.204
21341;47.542;4.378
21342;47.106;5.346
21343;47.897;4.424
21344;47.053;5.142
21345;47.556;4.846
21346;47.814;4.819
21347;46.994;4.872
21348;47.487;5.373
21349;47.22;4.289
21350;47.902;4.888
21351;47.262;5.296
21352;47.222;5.25
21353;47.198;5.146
21354;47.16;4.551
21355;47.286;5.053
21356;47.078;5.276
21357;47.889;4.764
21358;47.622;4.5
21359;47.852;4.863
21360;47.083;4.683
21361;47.488;5.218
21362;47.226;4.578
21363;47.11;4.433
21364;47.679;4.587
21365;47.48;4.43
21366;47.112;5.169
21367;47.249;5.347
21368;47.094;4.874
21369;47.381;5.248
21370;47.274;5.173
21371;47.146;5.329
21372;47.845;4.676
21373;47.321;4.794
21374;47.084;4.505
21375;47.12;4.333
21376;47.345;5.341
21377;47.349;4.616
21378;47.861;4.405
21379;47.145;4.372
21380;47.391;4.384
21381;47.405;4.496
21382;47.249;4.402
21383;47.512;5.129
21384;47.122;4.862
21385;47.594;5.082
21386;47.455;4.453
21387;47.008;4.958
21388;47.216;5.178
21389;47.64;4.382
21390;47.279;4.984
21391;47.44;5.096
21392;47.307;4.546
21393;47.902;4.599
21394;47.516;4.406
21395;47.396;4.59
21396;47.71;4.704
21397;47.061;4.731
21398;47.331;5.42
21399;47.206;4.552
21400;47.594;4.943
21401;47.034;4.72
21402;47.779;4.902
21403;47.134;4.151
21404;47.56;4.46
21405;46.954;4.848
21406;47.312;4.744
21407;47.162;4.87
21408;47.419;5.001
21409;47.141;4.878
21410;47.692;4.702
21411;46.982;4.943
21412;46.97;4.772
21413;47.514;4.318
21414;47.152;4.495
21415;47.663;4.872
21416;47.402;5.322
21417;47.311;4.375
21418;47.682;4.808
21419;47.947;4.381
21420;47.011;4.58
21421;47.539;4.922
21422;47.336;4.207
21423;46.985;4.854
21424;47.022;5.251
21425;47.658;4.35
21426;47.461;4.158
21427;47.061;4.667
21428;47.0;4.761
21429;47.584;4.339
21430;47.42;4.262
21431;47.44;4.374
21432;47.954;4.756
21433;47.569;5.45
21434;47.331;4.268
21435;47.895;4.56
21436;47.028;5.059
21437;47.355;5.375
21438;47.73;4.794
21439;47.273;4.658
21440;47.152;5.244
21441;47.286;4.411
21442;47.2;4.962
21444;47.921;4.629
21445;47.317;4.327
21446;47.562;4.226
21447;47.165;4.523
21448;47.521;4.445
21449;47.381;4.359
21450;47.035;4.76
21451;47.778;4.427
21452;47.276;5.104
21454;47.866;4.294
21455;47.773;4.599
21456;47.604;4.37
21457;47.347;4.41
21458;47.188;5.085
21459;47.439;5.299
21460;47.939;4.47
21461;46.959;4.619
21462;47.407;5.07
21463;47.363;4.434
21464;47.146;4.939
21465;47.931;4.565
21466;47.583;4.725
21467;47.417;5.362
21468;47.61;5.435
21469;47.364;5.152
21470;47.713;4.632
21471;47.609;4.702
21472;47.561;5.217
21473;47.261;5.078
21474;47.058;5.169
21475;47.05;5.212
21476;47.149;4.625
21477;47.374;4.803
21478;47.377;4.852
21479;47.512;4.789
21480;47.08;4.849
21481;47.258;5.02
21482;47.305;5.464
21483;47.456;5.158
21484;47.737;4.375
21485;47.339;4.95
21487;47.198;5.264
21488;47.869;4.456
21489;47.577;4.794
21490;47.57;4.664
21491;47.578;4.982
21492;47.014;4.795
21493;47.236;5.385
21494;47.49;4.752
21495;47.179;5.325
21496;47.302;5.412
21497;47.469;4.358
21498;47.422;4.525
21499;47.917;4.497
21500;47.503;4.461
21501;47.263;4.556
21502;47.011;5.122
21503;47.54;5.452
21504;47.31;4.775
21505;47.402;4.317
21506;47.105;4.943
21508;47.375;4.906
21510;47.88;4.643
21511;47.727;4.467
21512;46.947;4.759
21514;47.656;4.659
21515;47.32;5.116
21516;47.617;4.271
21517;47.107;4.972
21518;47.618;4.24
21519;47.78;4.863
21520;47.29;4.729
21521;47.307;5.231
21522;47.411;5.408
21523;47.188;4.897
21524;47.988;4.681
21525;47.382;4.172
21526;47.741;4.706
21527;46.958;4.676
21528;47.471;4.529
21529;47.417;4.341
21530;47.67;4.257
21531;47.418;4.112
21532;47.239;5.138
21533;47.206;4.59
21534;47.022;4.923
21535;47.368;5.085
21536;47.584;5.321
21537;47.366;4.581
21538;47.396;4.093
21539;47.321;4.644
21540;47.336;5.093
21541;46.95;4.711
21542;47.16;5.024
21543;47.701;4.842
21544;47.427;4.462
21545;47.861;4.528
21546;47.317;4.173
21547;47.467;4.392
21548;47.372;4.124
21549;47.756;4.663
21550;47.598;4.281
21552;47.389;4.688
21553;47.211;4.764
21554;47.102;5.266
21555;47.396;5.142
21556;47.317;5.355
21557;47.7;4.6
21558;46.974;4.892
21559;47.289;4.804
21560;47.237;4.229
21561;47.415;4.812
21562;47.579;5.398
21563;47.346;4.655
21564;47.129;5.085
21565;47.203;5.013
21566;47.057;4.529
21567;47.113;4.504
21568;47.651;4.301
21569;47.012;4.703
21570;47.188;4.622
21571;47.358;5.406
21572;47.116;5.377
21573;47.441;4.782
21574;47.517;5.433
21575;47.091;5.318
21576;47.378;4.466
21577;47.109;5.25
21578;47.232;4.749
21579;47.605;4.901
21580;47.455;4.676
21581;47.09;5.366
21582;46.917;4.693
21583;47.007;4.634
21584;47.284;4.232
21585;47.211;5.094
21586;47.226;5.05
21587;47.55;5.022
21588;47.064;4.61
21589;47.462;4.982
21590;47.081;4.803
21591;47.434;5.042
21592;47.332;4.754
21593;47.122;4.278
21594;47.736;4.4
21595;47.378;5.276
21596;47.181;5.058
21597;47.161;4.893
21598;47.577;4.439
21599;47.595;5.2
21600;47.268;4.626
21601;47.216;4.851
21602;47.713;4.572
21603;47.491;4.341
21604;47.583;4.267
21605;47.292;5.104
21606;47.063;4.912
21607;47.007;5.152
21608;47.434;4.131
21609;47.21;5.299
21610;47.25;5.462
21611;47.31;4.703
21612;47.488;4.421
21613;47.327;4.534
21614;47.446;5.187
21615;47.215;4.372
21616;46.966;4.817
21617;47.339;4.998
21618;47.366;5.461
21619;47.414;5.277
21620;47.519;4.98
21622;47.207;5.224
21623;47.196;5.205
21624;47.29;5.299
21625;47.2;4.833
21626;47.728;4.842
21627;47.496;4.62
21628;47.941;4.682
21629;47.261;4.332
21630;47.25;4.521
21631;47.088;4.587
21632;47.215;5.138
21633;47.33;4.45
21634;47.149;4.693
21635;47.436;4.227
21636;47.028;4.527
21637;47.013;5.289
21638;47.519;5.179
21639;47.189;5.351
21640;47.497;4.236
21641;47.659;4.437
21642;47.502;4.128
21643;47.192;5.288
21644;47.348;5.315
21645;47.153;5.271
21646;47.391;4.763
21647;46.972;5.146
21648;47.409;4.719
21649;47.344;4.575
21650;47.264;4.846
21651;47.427;4.909
21652;47.223;4.621
21653;47.916;4.571
21655;47.842;4.726
21656;47.235;5.191
21657;47.355;5.126
21659;47.475;4.823
21660;47.127;4.597
21661;47.319;4.91
21662;47.402;4.465
21663;47.538;4.44
21664;47.742;4.335
21665;47.653;5.15
21666;47.491;4.963
21667;47.536;5.238
21669;47.368;4.688
21670;47.438;4.674
21671;47.925;4.327
21672;47.376;4.529
21673;47.182;4.717
21674;47.939;4.812
21675;47.166;4.324
21676;47.471;4.263
21677;47.109;4.636
21678;47.367;4.318
21679;47.314;4.673
21680;47.268;5.452
21681;47.472;4.136
21682;47.436;5.24
21683;47.058;4.456
21684;47.026;4.887
21685;47.687;4.52
21686;47.554;4.308
21687;47.292;4.291
21688;47.15;4.901
21689;47.509;4.379
21690;47.436;4.601
21691;47.14;5.042
21692;47.499;5.019
21693;47.908;4.384
21694;47.45;4.529
21695;47.576;4.592
21696;47.436;4.4
21698;47.109;4.884
21699;47.21;5.347
21700;47.934;4.547
21701;47.156;5.407
21702;47.568;5.109
21703;47.143;4.26
21704;47.792;4.704
21705;47.43;4.713
21706;47.866;4.692
21707;47.414;4.629
21708;47.039;4.987
21709;47.563;4.284
21710;47.397;4.543
21711;47.907;4.537
21712;47.0;4.782
21713;47.29;5.396
21714;47.16;4.956
21715;47.094;4.38
21716;47.174;4.96
21717;47.831;4.777
22001;48.311;-2.867
22002;48.494;-2.551
22003;48.451;-2.127
22004;48.635;-3.292
22005;48.531;-3.382
22006;48.698;-3.309
22008;48.414;-2.097
22009;48.326;-2.922
22011;48.468;-2.985
22012;48.584;-2.442
22013;48.466;-3.2
22014;48.467;-2.265
22015;48.394;-2.589
22016;48.851;-3.001
22018;48.649;-3.228
22019;48.577;-3.006
22020;48.311;-2.241
22021;48.394;-2.117
22023;48.435;-3.333
22024;48.441;-3.476
22025;48.422;-3.416
22026;48.405;-2.026
22027;48.059;-2.621
22028;48.783;-3.316
22029;48.337;-3.096
22030;48.706;-3.368
22031;48.36;-3.532
22032;48.302;-2.161
22033;48.218;-3.039
22034;48.683;-3.353
22035;48.426;-1.978
22036;48.268;-2.129
22037;48.466;-3.441
22039;48.135;-2.663
22040;48.515;-3.179
22041;48.67;-3.256
22042;48.763;-3.326
22043;48.133;-2.544
22044;48.487;-2.592
22045;48.452;-2.947
22046;48.294;-2.522
22047;48.31;-3.038
22048;48.483;-2.166
22049;48.54;-2.191
22050;48.456;-2.048
22052;48.365;-3.436
22053;48.274;-2.344
22054;48.619;-2.459
22055;48.626;-2.841
22056;48.385;-1.98
22057;48.679;-3.073
22059;48.418;-2.914
22060;48.293;-2.761
22061;48.206;-3.388
22062;48.18;-2.492
22063;48.638;-3.048
22064;48.236;-3.195
22065;48.603;-3.023
22067;48.545;-3.182
22068;48.25;-2.794
22069;48.314;-2.081
22070;48.561;-3.153
22071;48.291;-2.103
22072;48.508;-3.289
22073;48.346;-2.969
22074;48.341;-3.032
22075;48.157;-2.85
22076;48.558;-2.382
22077;48.538;-2.448
22079;48.387;-2.683
22081;48.503;-2.646
22082;48.398;-2.083
22083;48.144;-2.336
22084;48.417;-2.325
22085;48.824;-3.182
22086;48.737;-3.031
22087;48.295;-3.325
22088;48.409;-3.23
22090;48.774;-3.372
22091;48.614;-3.203
22092;48.39;-3.137
22093;48.468;-2.495
22094;48.601;-2.147
22095;48.638;-3.205
22096;48.515;-2.337
22097;48.426;-2.183
22098;48.422;-2.542
22099;48.365;-2.912
22101;48.735;-3.298
22103;48.553;-2.014
22104;48.393;-2.206
22105;48.512;-2.133
22106;48.5;-2.71
22107;48.24;-3.137
22108;48.693;-3.045
22109;48.71;-2.969
22110;48.74;-3.356
22111;48.845;-3.099
22112;48.651;-3.009
22113;48.743;-3.462
22114;48.246;-2.296
22115;48.359;-3.215
22116;48.5;-3.043
22117;48.604;-2.899
22118;48.452;-2.01
22119;48.607;-3.528
22121;48.633;-2.99
22122;48.215;-2.518
22124;48.169;-3.207
22126;48.424;-2.965
22127;48.804;-3.109
22128;48.333;-3.411
22129;48.51;-3.41
22131;48.511;-3.491
22132;48.462;-3.527
22133;48.176;-2.251
22134;48.784;-3.412
22135;48.561;-3.341
22136;48.174;-2.751
22137;48.288;-3.411
22138;48.404;-3.29
22139;48.402;-3.177
22140;48.396;-2.494
22141;48.71;-3.292
22143;48.602;-2.29
22144;48.504;-2.847
22145;48.39;-2.267
22146;48.169;-3.29
22147;48.194;-2.396
22148;48.249;-2.391
22149;48.273;-2.911
22150;48.582;-3.075
22152;48.768;-3.258
22153;48.358;-2.632
22155;48.231;-2.705
22156;48.528;-3.235
22157;48.274;-3.492
22158;48.196;-2.984
22160;48.451;-2.463
22161;48.583;-3.143
22162;48.773;-3.055
22163;48.227;-3.461
22164;48.588;-3.277
22165;48.372;-2.494
22166;48.816;-3.302
22168;48.809;-3.468
22169;48.364;-3.283
22170;48.444;-2.859
22171;48.411;-2.81
22172;48.515;-2.219
22174;48.595;-2.334
22175;48.469;-2.372
22176;48.443;-2.745
22177;48.635;-2.948
22178;48.695;-3.006
22179;48.635;-2.362
22180;48.427;-2.224
22181;48.198;-3.203
22182;48.554;-2.927
22183;48.186;-2.586
22184;48.338;-2.676
22185;48.356;-2.416
22186;48.584;-2.53
22187;48.544;-2.77
22188;48.506;-2.88
22189;48.442;-3.126
22190;48.528;-2.071
22193;48.415;-2.441
22194;48.648;-3.62
22195;48.844;-3.133
22196;48.761;-3.154
22197;48.509;-1.942
22198;48.785;-3.517
22199;48.8;-3.152
22200;48.491;-2.321
22201;48.658;-2.32
22202;48.224;-3.516
22203;48.344;-2.766
22204;48.717;-3.18
22205;48.463;-2.301
22206;48.53;-2.99
22207;48.619;-3.483
22208;48.312;-2.009
22209;48.56;-2.128
22210;48.805;-3.045
22211;48.686;-3.448
22212;48.672;-3.188
22213;48.525;-2.007
22214;48.739;-2.979
22215;48.488;-2.808
22216;48.485;-3.375
22217;48.496;-3.565
22218;48.839;-3.242
22219;48.277;-2.71
22220;48.234;-3.247
22221;48.805;-3.246
22222;48.682;-2.932
22223;48.584;-3.192
22224;48.719;-3.502
22225;48.53;-3.11
22226;48.684;-3.514
22227;48.567;-3.548
22228;48.552;-3.444
22229;48.285;-3.241
22231;48.418;-3.552
22232;48.631;-2.882
22233;48.742;-3.093
22234;48.497;-2.926
22235;48.648;-3.537
22236;48.667;-2.987
22237;48.523;-2.281
22238;48.611;-3.573
22239;48.356;-2.115
22240;48.245;-2.231
22241;48.106;-2.592
22242;48.61;-2.4
22243;48.399;-3.484
22244;48.278;-3.066
22245;48.636;-3.371
22246;48.459;-2.622
22248;48.618;-3.103
22249;48.474;-3.285
22250;48.7;-3.159
22251;48.57;-2.825
22254;48.682;-3.298
22255;48.186;-2.648
22256;48.701;-3.108
22257;48.725;-3.337
22258;48.427;-2.657
22259;48.463;-2.086
22260;48.24;-2.898
22261;48.51;-2.422
22262;48.403;-2.912
22263;48.346;-1.998
22264;48.746;-3.258
22265;48.736;-3.386
22266;48.222;-3.312
22267;48.307;-2.369
22268;48.561;-2.335
22269;48.687;-3.227
22271;48.49;-3.133
22272;48.563;-3.101
22273;48.555;-2.509
22274;48.373;-2.014
22275;48.138;-2.702
22276;48.376;-2.967
22277;48.39;-2.864
22278;48.515;-2.762
22279;48.192;-2.868
22280;48.42;-2.055
22281;48.404;-2.75
22282;48.604;-2.249
22283;48.67;-3.137
22284;48.412;-3.076
22285;48.18;-2.926
22286;48.519;-2.384
22287;48.466;-2.887
22288;48.086;-2.644
22289;48.455;-3.052
22291;48.422;-3.007
22293;48.657;-3.091
22294;48.38;-3.087
22295;48.25;-2.97
22296;48.352;-2.522
22299;48.466;-1.959
22300;48.274;-2.812
22302;48.588;-2.193
22304;48.553;-3.034
22305;48.266;-2.178
22306;48.362;-1.954
22307;48.448;-2.817
22308;48.362;-2.055
22309;48.232;-2.354
22310;48.615;-3.242
22311;48.552;-2.235
22312;48.337;-2.069
22313;48.306;-2.965
22314;48.111;-2.768
22315;48.455;-2.183
22316;48.265;-3.016
22317;48.442;-2.257
22318;48.463;-2.222
22319;48.674;-3.557
22320;48.354;-3.339
22321;48.323;-3.164
22322;48.482;-3.091
22323;48.557;-2.293
22324;48.782;-3.449
22325;48.654;-2.844
22326;48.443;-2.422
22327;48.492;-2.018
22328;48.387;-3.374
22330;48.246;-2.841
22331;48.267;-3.169
22332;48.393;-2.541
22333;48.243;-2.457
22334;48.278;-3.115
22335;48.435;-3.064
22337;48.332;-2.32
22338;48.638;-3.167
22339;48.488;-2.054
22340;48.675;-3.4
22341;48.4;-2.389
22342;48.406;-2.163
22343;48.771;-3.558
22344;48.31;-3.482
22345;48.346;-2.558
22346;48.347;-2.606
22347;48.791;-3.202
22348;48.365;-2.223
22349;48.708;-3.564
22350;48.654;-3.566
22351;48.298;-3.527
22352;48.337;-2.024
22353;48.817;-3.506
22354;48.557;-3.255
22356;48.568;-2.883
22358;48.614;-3.163
22359;48.595;-3.403
22360;48.48;-2.745
22361;48.6;-2.943
22362;48.785;-3.232
22363;48.802;-3.37
22364;48.43;-2.106
22365;48.33;-3.267
22366;48.605;-3.618
22368;48.561;-2.064
22369;48.351;-2.268
22370;48.671;-3.032
22371;48.191;-2.302
22372;48.525;-2.848
22373;48.187;-3.53
22375;48.61;-2.975
22376;48.216;-2.807
22377;48.66;-2.874
22378;48.66;-3.055
22379;48.812;-3.345
22380;48.389;-2.068
22381;48.755;-3.36
22383;48.761;-3.225
22384;48.281;-2.848
22385;48.488;-1.983
22386;48.391;-3.004
22387;48.614;-3.438
22388;48.436;-2.152
22389;48.468;-2.681
22390;48.715;-3.046
22391;48.349;-2.171
23001;46.086;2.024
23002;46.211;1.996
23003;45.988;2.154
23004;46.254;1.85
23005;46.06;2.435
23006;46.072;1.567
23007;45.999;2.084
23008;45.951;2.166
23009;46.237;2.333
23010;46.08;1.728
23011;46.092;1.696
23012;45.871;1.634
23013;46.026;2.507
23014;46.087;1.769
23015;46.352;1.475
23016;45.937;1.998
23017;45.858;2.412
23018;46.35;1.532
23019;45.765;2.284
23020;45.982;2.293
23021;46.118;1.629
23022;46.362;2.07
23023;46.23;2.085
23024;45.964;2.112
23025;46.323;1.914
23026;46.252;2.287
23027;46.002;1.754
23028;46.004;2.251
23029;46.301;1.841
23030;45.949;1.749
23031;46.348;2.223
23032;46.368;2.216
23033;46.164;1.789
23034;45.972;2.453
23035;46.221;2.475
23036;46.256;1.76
23037;46.014;2.42
23038;46.402;2.155
23039;46.312;1.782
23040;46.219;2.209
23041;46.401;2.01
23042;46.059;1.665
23043;46.05;2.044
23044;46.353;1.77
23045;46.193;2.419
23046;46.161;2.542
23047;46.157;1.573
23048;46.02;2.287
23049;46.281;1.889
23050;46.359;1.569
23051;46.025;1.922
23052;46.114;1.834
23053;45.95;2.49
23054;46.038;2.564
23055;45.964;2.467
23056;46.007;1.626
23057;46.297;2.033
23058;46.11;2.329
23059;45.988;2.249
23060;45.952;1.966
23061;46.113;2.172
23062;46.351;1.828
23063;45.776;2.177
23064;46.299;2.12
23065;46.288;1.617
23066;46.004;2.453
23067;45.73;2.244
23068;46.134;2.093
23069;45.85;2.365
23070;46.382;1.613
23071;45.824;2.168
23072;46.249;2.147
23073;45.979;2.547
23074;46.035;1.985
23075;46.303;1.662
23076;46.169;2.499
23077;45.743;1.935
23078;45.922;1.78
23079;45.89;2.183
23080;45.744;2.126
23081;45.779;2.386
23082;46.232;1.683
23083;46.107;2.519
23084;46.427;1.906
23086;46.029;2.04
23087;46.378;1.699
23088;46.152;1.726
23089;46.345;1.994
23090;45.785;2.009
23091;45.801;2.114
23092;46.23;1.941
23093;46.187;2.231
23095;46.16;1.655
23096;46.163;1.871
23097;46.066;2.164
23098;46.295;2.082
23099;46.048;1.775
23100;46.19;2.08
23101;46.268;1.938
23102;46.249;2.05
23103;46.338;1.606
23104;46.305;2.272
23105;46.074;2.094
23106;46.231;2.384
23107;46.059;1.937
23108;46.358;2.294
23109;46.367;1.876
23110;45.941;2.445
23111;46.209;1.572
23112;46.4;1.828
23113;45.99;2.358
23114;46.186;2.332
23115;45.795;2.269
23116;46.048;2.386
23117;46.347;1.67
23118;46.061;1.903
23119;45.762;2.323
23120;46.342;2.151
23122;45.965;1.796
23123;45.995;2.492
23124;46.1;1.584
23125;45.734;2.186
23127;45.936;2.385
23128;46.138;1.987
23129;45.89;2.444
23130;46.423;1.78
23131;45.908;2.494
23132;46.118;1.733
23133;45.948;1.68
23134;45.91;1.945
23136;46.396;1.908
23137;46.079;1.638
23138;46.1;2.063
23139;46.384;1.95
23140;45.918;2.198
23141;46.259;1.65
23142;45.916;2.264
23143;46.242;1.583
23144;45.839;2.07
23145;46.287;2.392
23146;46.389;2.111
23147;46.383;1.74
23148;46.424;1.962
23149;46.197;2.14
23150;46.101;1.916
23151;46.08;2.252
23152;46.152;2.233
23154;46.17;2.026
23155;45.996;1.846
23156;45.862;2.275
23157;45.974;1.94
23158;45.816;2.221
23159;46.036;2.214
23160;46.107;2.468
23162;46.281;1.99
23164;46.058;2.496
23165;45.838;1.902
23166;46.313;1.624
23167;46.123;2.415
23168;46.046;1.859
23169;46.128;1.941
23170;46.109;1.886
23171;45.97;2.415
23172;46.056;2.335
23173;45.963;1.839
23174;46.304;2.331
23175;46.058;1.979
23176;46.237;1.476
23177;46.281;1.506
23178;45.806;2.338
23179;45.962;2.242
23180;45.977;2.207
23181;45.918;1.669
23182;45.92;2.299
23183;45.993;2.048
23184;45.913;2.408
23185;46.125;2.207
23186;46.097;1.861
23187;46.142;2.15
23188;46.323;2.047
23189;46.027;1.705
23190;46.051;2.295
23191;46.078;1.817
23192;46.127;1.532
23193;46.157;1.913
23194;45.895;2.232
23195;46.213;1.895
23196;45.864;2.223
23197;45.997;1.963
23198;45.836;2.273
23199;46.316;1.557
23200;46.031;1.561
23201;46.116;1.985
23202;45.994;1.898
23203;46.142;2.475
23204;46.118;2.27
23205;45.885;1.744
23206;46.161;1.96
23207;46.281;1.578
23208;46.151;1.815
23209;46.146;2.281
23210;45.999;2.199
23211;45.919;2.111
23212;45.843;1.991
23213;46.413;2.216
23214;46.05;2.091
23215;45.69;2.308
23216;45.85;1.812
23217;45.943;1.561
23218;45.858;2.315
23219;46.211;1.426
23220;46.022;2.146
23221;45.734;2.431
23222;45.954;2.05
23223;45.86;1.694
23224;45.729;2.325
23225;45.889;2.376
23226;45.882;2.326
23227;45.905;1.829
23228;45.936;2.228
23229;46.092;2.125
23230;45.96;1.614
23232;45.908;1.896
23233;46.396;2.262
23234;46.094;2.356
23235;46.198;1.536
23236;46.204;1.632
23237;45.895;1.676
23238;45.879;2.146
23239;46.393;1.53
23240;46.332;2.218
23241;45.966;2.307
23242;46.141;1.761
23243;46.26;2.188
23244;46.298;1.726
23245;46.202;1.828
23246;45.988;2.02
23247;46.2;1.749
23248;46.118;1.798
23249;45.876;2.003
23250;46.094;1.957
23251;46.142;2.355
23252;46.404;2.055
23253;46.002;1.803
23254;46.291;2.217
23255;46.243;2.236
23257;45.907;2.039
23258;46.305;1.456
23259;46.264;2.341
23260;45.955;1.898
23261;46.263;2.445
23262;46.16;2.073
23263;46.33;1.699
23264;45.733;1.892
23265;45.897;2.416
23266;45.924;2.338
24001;45.582;0.76
24002;45.282;0.745
24004;45.161;1.028
24005;44.861;0.875
24006;44.828;1.074
24007;45.288;0.305
24008;45.43;1.151
24009;45.322;1.121
24010;45.183;0.595
24011;45.23;0.832
24012;45.016;1.292
24014;45.079;1.198
24015;44.883;0.948
24016;45.584;0.702
24018;45.113;1.127
24019;45.16;1.106
24020;45.134;1.164
24021;45.229;1.204
24022;44.839;0.801
24023;44.853;0.693
24024;44.741;0.686
24025;45.095;1.051
24026;45.179;0.821
24027;44.805;0.723
24028;44.774;0.754
24029;44.996;0.285
24030;45.156;1.229
24031;44.994;0.633
24032;45.1;0.363
24034;44.987;0.491
24035;44.746;0.98
24036;44.84;1.045
24037;44.854;0.486
24038;45.309;0.354
24039;44.665;1.113
24040;44.857;1.132
24042;45.287;0.639
24043;44.623;0.874
24045;44.716;0.656
24046;45.281;1.178
24048;44.884;0.081
24050;44.975;1.391
24051;44.952;0.362
24052;44.765;0.92
24053;45.174;0.769
24054;44.757;0.528
24055;45.319;0.581
24056;45.579;0.636
24057;45.337;0.434
24058;45.267;0.263
24059;45.017;0.398
24060;44.808;0.77
24061;45.048;0.604
24062;45.348;0.289
24063;44.721;1.217
24064;45.36;0.656
24066;45.205;0.997
24067;44.926;0.925
24068;44.821;0.89
24069;45.267;0.603
24070;45.672;0.646
24071;45.645;0.602
24073;44.863;0.815
24074;44.861;1.322
24075;44.695;1.175
24076;44.898;0.978
24077;44.942;0.568
24080;44.679;0.945
24081;44.887;1.36
24082;44.85;1.274
24083;44.94;0.095
24084;44.786;1.061
24085;45.057;1.306
24086;44.802;1.131
24087;44.87;1.08
24088;44.873;0.673
24090;45.292;0.412
24091;44.787;1.204
24094;45.093;0.681
24095;45.503;0.94
24096;45.4;0.695
24097;45.429;0.336
24098;45.221;0.725
24100;45.672;0.721
24101;45.54;0.772
24102;45.21;0.655
24104;45.168;0.438
24105;45.343;0.467
24106;45.01;1.189
24107;45.374;0.762
24108;45.23;0.619
24109;45.39;0.339
24110;45.395;0.458
24111;45.45;0.644
24113;45.195;1.164
24114;45.254;0.25
24115;45.258;0.686
24116;45.187;1.195
24117;45.087;1.37
24119;45.388;0.385
24120;45.288;1.111
24121;45.234;1.054
24122;44.809;1.074
24123;44.949;0.648
24124;45.365;1.047
24126;44.782;0.518
24128;45.277;0.28
24129;45.367;0.716
24130;45.106;1.229
24131;45.515;0.53
24132;44.782;0.553
24133;45.544;0.966
24134;45.373;0.945
24135;45.246;0.779
24136;45.242;1.254
24137;45.3;0.974
24138;45.165;0.688
24139;45.127;0.643
24140;44.836;0.558
24141;45.328;0.396
24142;44.848;0.968
24143;44.826;0.722
24144;45.313;0.55
24145;44.864;0.549
24146;45.071;0.668
24147;45.225;0.939
24148;44.78;0.374
24150;44.748;1.187
24151;44.722;1.086
24152;44.804;1.244
24153;45.074;1.343
24154;45.232;0.446
24155;45.002;0.595
24156;45.068;0.862
24157;45.09;0.408
24158;45.396;1.073
24159;45.129;0.223
24160;45.089;0.733
24161;44.981;0.428
24162;45.208;0.852
24163;45.609;0.616
24164;45.329;1.062
24165;45.079;0.121
24167;44.674;0.395
24168;44.698;0.556
24171;45.387;0.902
24172;44.935;1.04
24174;45.069;1.093
24175;45.115;1.193
24176;44.703;0.687
24177;44.786;0.646
24179;45.116;1.398
24180;45.592;0.942
24182;44.881;0.263
24183;44.997;1.005
24184;44.708;1.239
24186;44.705;0.41
24188;45.119;0.988
24189;44.868;0.189
24190;44.976;0.674
24191;44.934;0.303
24192;45.206;1.032
24193;44.804;0.358
24194;44.831;0.331
24195;44.666;0.879
24196;45.331;1.164
24197;44.904;0.438
24199;45.416;0.406
24200;45.3;0.486
24202;45.211;1.116
24205;45.085;0.54
24206;44.763;1.078
24207;44.81;1.293
24208;45.046;0.642
24209;45.536;0.508
24210;45.259;1.135
24211;45.015;0.452
24212;44.728;0.606
24213;45.055;0.557
24214;45.561;0.55
24215;45.03;1.352
24216;45.16;0.263
24217;44.966;0.886
24218;45.505;1.081
24220;45.049;0.831
24221;45.49;0.533
24222;44.879;0.36
24223;44.856;0.742
24224;44.902;0.588
24225;44.834;0.388
24226;44.853;0.017
24227;45.378;1.132
24228;44.814;0.669
24229;45.136;1.232
24230;44.739;1.0
24231;44.694;0.86
24232;44.625;1.025
24234;44.981;0.387
24236;45.187;0.553
24237;44.892;0.522
24238;45.355;0.824
24240;44.897;0.896
24241;45.165;0.977
24242;44.896;0.642
24243;45.271;0.557
24244;44.71;0.846
24245;44.605;1.074
24246;44.925;0.399
24247;45.325;0.316
24248;45.521;0.58
24251;45.084;0.59
24252;44.956;1.2
24253;45.441;0.448
24254;44.83;1.029
24255;44.941;1.128
24256;45.182;0.652
24257;44.7;0.891
24259;44.927;0.482
24260;44.882;0.78
24261;44.991;0.929
24262;45.279;0.952
24263;44.673;1.008
24264;45.004;0.105
24266;45.221;0.559
24267;44.741;0.426
24268;44.908;1.07
24269;45.569;0.898
24271;45.473;0.792
24272;44.962;0.03
24273;44.812;0.825
24274;44.795;0.481
24276;44.777;0.315
24277;44.915;0.256
24278;44.768;0.618
24279;44.705;0.611
24280;44.681;0.894
24281;44.78;0.692
24282;44.739;0.572
24284;45.188;0.954
24285;44.978;0.543
24286;45.272;0.486
24287;44.75;0.646
24288;44.903;0.131
24289;44.862;0.066
24290;44.758;0.875
24291;45.063;1.154
24292;44.915;0.063
24293;44.793;0.995
24294;45.02;0.156
24295;45.131;0.581
24296;44.86;0.617
24297;45.0;0.058
24299;45.03;0.365
24300;44.765;1.291
24301;45.032;1.4
24302;45.224;1.155
24303;45.38;0.288
24304;45.426;0.956
24305;45.408;0.985
24306;44.872;0.15
24307;44.75;0.719
24308;45.34;0.879
24309;45.089;0.466
24311;45.53;0.684
24312;45.127;0.713
24313;44.713;1.062
24316;45.192;0.036
24317;44.995;1.334
24318;44.903;0.854
24319;45.346;0.54
24320;45.422;1.227
24321;45.124;1.375
24322;45.192;0.712
24323;45.27;0.227
24324;45.159;1.196
24325;44.891;1.408
24326;44.982;1.08
24327;44.91;0.805
24328;45.632;0.7
24329;45.037;0.072
24330;45.044;1.038
24331;44.795;0.413
24334;44.827;0.772
24335;44.862;0.209
24336;44.892;1.309
24337;44.685;1.067
24338;44.894;0.728
24339;45.342;1.107
24340;44.869;0.41
24341;44.931;1.244
24345;44.915;0.532
24346;45.436;0.701
24347;44.703;0.801
24348;44.698;0.457
24349;44.814;0.29
24350;45.161;0.616
24351;44.758;0.486
24352;45.246;0.335
24353;45.466;0.383
24354;45.136;0.055
24355;44.818;1.199
24356;45.051;0.966
24357;44.779;0.444
24359;44.73;0.49
24360;44.785;1.023
24361;44.835;0.624
24362;44.947;0.81
24364;45.052;1.246
24365;44.994;0.696
24366;44.891;1.148
24367;45.141;0.325
24370;44.841;0.145
24371;45.191;0.489
24372;45.148;0.52
24373;44.686;0.492
24374;44.797;0.602
24375;44.732;1.284
24376;45.182;0.136
24377;44.945;0.862
24378;44.74;0.907
24379;44.775;0.824
24380;45.08;0.193
24381;45.642;0.747
24382;44.846;0.655
24383;44.711;0.51
24384;44.68;0.845
24385;44.763;0.585
24386;44.654;1.046
24388;44.873;0.921
24390;45.118;0.896
24392;44.957;1.276
24393;44.733;0.828
24394;45.466;0.423
24395;44.78;1.159
24396;44.883;1.025
24397;45.372;1.291
24398;45.61;0.658
24399;45.093;0.324
24401;45.249;1.022
24403;45.407;0.566
24404;45.015;0.892
24405;44.932;0.677
24406;44.731;1.033
24407;44.929;0.756
24408;45.325;0.79
24409;45.06;0.36
24410;45.465;0.72
24411;45.478;0.627
24412;44.995;1.244
24413;44.918;0.356
24414;44.933;0.611
24415;44.948;0.239
24416;44.806;1.036
24417;45.346;1.0
24418;45.128;0.438
24419;44.829;0.591
24420;44.976;0.326
24421;45.075;0.907
24422;45.014;0.505
24423;44.725;0.394
24424;45.134;0.394
24425;45.414;0.835
24426;45.038;0.505
24428;45.489;0.897
24429;45.342;0.947
24432;44.862;1.382
24434;45.335;0.498
24436;45.044;0.253
24437;44.824;0.446
24438;44.752;1.116
24441;44.721;0.699
24442;45.117;0.5
24443;45.018;1.08
24444;45.062;0.389
24445;44.916;0.704
24446;44.723;0.928
24448;45.321;1.037
24449;45.002;0.217
24450;44.747;1.248
24451;45.512;0.634
24452;45.361;0.336
24453;45.453;0.842
24454;44.961;0.116
24455;45.22;0.362
24456;44.965;0.621
24457;45.059;0.323
24458;45.553;0.626
24459;45.019;0.655
24460;45.251;0.41
24461;44.911;0.178
24462;45.022;0.332
24463;45.347;1.086
24464;45.347;1.236
24465;45.091;0.275
24466;44.879;0.025
24468;44.992;0.732
24470;44.835;1.347
24471;44.914;1.281
24472;44.806;0.55
24473;45.206;1.073
24474;45.424;0.665
24476;45.312;1.012
24477;45.223;0.419
24478;44.77;0.961
24479;45.503;0.748
24480;45.081;0.634
24481;45.483;0.989
24482;45.317;0.283
24483;44.737;0.53
24484;45.111;0.863
24485;45.381;0.808
24486;45.584;1.006
24487;44.874;0.322
24488;44.715;1.136
24489;45.541;1.024
24490;45.219;0.192
24491;45.175;1.146
24492;44.684;0.678
24493;45.304;1.073
24494;44.956;0.18
24495;44.72;0.882
24496;45.424;0.872
24498;45.536;0.84
24499;44.874;0.584
24500;44.977;0.253
24501;44.832;0.068
24502;45.051;0.474
24504;45.2;0.396
24505;45.396;1.017
24507;45.293;1.212
24508;45.263;0.443
24509;45.166;0.392
24510;44.839;1.11
24511;45.184;0.194
24512;44.883;1.275
24513;45.242;0.9
24514;44.894;0.103
24515;45.316;1.212
24516;44.945;1.36
24517;44.716;0.999
24518;45.028;0.775
24519;45.45;1.116
24520;44.898;1.207
24521;45.24;0.866
24522;45.438;1.035
24523;44.803;0.32
24524;44.964;0.947
24525;45.548;0.718
24526;45.382;1.199
24527;45.275;0.912
24528;45.484;0.674
24529;45.202;0.439
24531;44.999;1.116
24532;44.676;0.444
24533;45.133;0.165
24534;44.758;0.399
24535;44.915;1.339
24536;44.735;0.462
24537;45.184;0.346
24538;44.817;0.979
24540;45.292;0.85
24541;45.622;0.568
24542;44.641;0.915
24543;45.049;0.415
24544;44.977;1.15
24545;45.259;1.22
24546;45.231;1.097
24547;45.118;1.299
24548;45.591;0.58
24549;44.746;0.355
24550;45.132;1.064
24551;45.429;0.912
24552;45.037;1.106
24553;45.237;0.497
24554;45.367;0.427
24555;45.273;1.056
24557;45.21;0.778
24558;44.875;0.834
24559;44.972;1.042
24560;44.799;0.941
24562;45.072;0.5
24563;45.017;1.148
24564;45.212;0.29
24565;45.611;0.53
24566;44.834;0.668
24567;45.37;0.868
24568;44.857;0.112
24569;45.412;0.289
24570;44.814;0.63
24571;45.041;0.71
24572;44.636;0.85
24573;45.35;0.376
24574;44.823;1.326
24575;44.8;1.106
24576;44.99;0.773
24577;44.841;1.173
24580;45.184;1.248
24581;45.027;0.558
24582;45.422;0.766
24584;44.956;0.059
24585;44.633;1.108
24586;45.273;0.359
24587;44.84;1.224
25001;47.134;5.873
25002;47.127;5.886
25003;47.496;6.451
25004;47.427;6.922
25005;47.491;6.534
25006;47.305;6.369
25007;47.162;6.39
25008;47.552;6.698
25009;47.27;6.327
25011;47.536;6.893
25012;46.949;6.448
25013;47.522;6.751
25014;47.305;6.148
25015;47.031;6.076
25016;47.023;6.196
25017;47.072;6.035
25018;47.376;6.576
25019;47.451;6.569
25020;47.488;6.808
25021;47.035;5.77
25022;47.52;6.652
25024;46.966;6.379
25025;47.052;6.4
25026;46.915;6.006
25029;47.037;6.343
25030;47.258;5.869
25031;47.481;6.855
25032;47.381;6.385
25033;47.389;6.81
25035;47.304;5.968
25036;47.201;5.956
25038;47.429;6.269
25039;47.138;6.433
25040;47.501;6.939
25041;46.899;6.237
25042;47.122;6.726
25043;47.492;6.768
25044;47.037;5.926
25045;47.405;6.272
25046;47.242;6.715
25047;47.354;6.344
25048;47.484;6.725
25049;47.259;6.904
25050;47.122;6.632
25051;47.264;6.652
25052;47.219;6.362
25053;47.32;6.617
25054;47.466;6.747
25055;47.201;5.78
25056;47.255;6.02
25057;47.541;6.8
25058;47.206;6.005
25059;47.475;6.636
25060;46.964;6.273
25061;47.322;6.775
25062;47.136;6.673
25063;47.39;6.856
25065;47.412;6.178
25066;47.435;6.618
25067;47.414;6.61
25070;47.006;6.115
25071;47.434;6.845
25072;47.507;6.365
25073;47.329;6.045
25074;47.18;6.739
25075;46.809;6.197
25077;47.144;6.649
25078;47.241;6.233
25079;46.884;6.079
25082;47.413;6.774
25083;47.488;6.496
25084;47.152;5.901
25085;46.841;6.211
25086;47.312;6.087
25087;47.38;6.48
25088;47.342;6.271
25089;47.232;6.397
25090;47.058;5.864
25091;47.275;6.802
25092;47.378;6.277
25093;47.487;6.635
25094;47.309;6.304
25095;47.216;6.617
25096;46.747;6.242
25097;47.528;6.865
25098;47.033;5.828
25099;46.998;6.357
25100;46.906;6.202
25101;47.262;5.782
25102;47.332;7.021
25103;47.168;5.954
25104;47.012;5.899
25105;47.113;5.847
25106;47.095;6.028
25107;47.399;6.246
25108;47.251;6.834
25109;47.113;5.923
25110;46.917;6.256
25111;47.261;6.095
25112;47.257;6.066
25113;47.237;6.632
25114;47.346;6.844
25115;47.255;5.892
25116;47.288;6.244
25117;47.341;6.136
25119;47.257;5.908
25120;47.048;6.164
25121;46.607;6.108
25122;46.934;6.166
25124;47.231;6.917
25125;47.24;6.668
25126;47.128;5.95
25127;47.202;6.843
25129;47.084;6.111
25130;47.058;6.2
25131;46.665;6.106
25132;47.328;6.168
25133;47.306;6.001
25136;47.284;5.895
25138;47.317;6.729
25139;47.019;6.415
25141;47.236;6.35
25142;46.656;6.152
25143;47.034;5.862
25145;47.328;6.539
25147;47.218;5.893
25148;47.108;6.687
25149;47.138;5.975
25150;47.293;5.846
25151;47.165;6.368
25152;47.22;6.157
25153;47.331;6.0
25154;47.123;5.909
25155;47.082;6.071
25156;47.399;6.503
25157;46.868;6.393
25159;47.447;6.69
25160;47.047;6.537
25161;47.155;6.603
25162;47.227;5.804
25163;47.362;6.183
25164;47.226;5.828
25166;47.252;6.311
25170;47.495;6.786
25171;47.101;5.959
25172;47.258;5.752
25173;47.264;6.71
25174;47.322;6.912
25175;47.26;6.426
25176;46.864;6.099
25177;47.347;6.527
25178;47.343;6.485
25179;46.707;6.132
25180;46.957;6.012
25181;47.504;6.403
25182;47.498;6.424
25183;47.323;6.439
25184;47.483;6.388
25185;47.062;5.958
25186;47.328;5.94
25187;47.369;6.668
25188;47.544;6.872
25189;47.293;6.28
25190;47.508;6.916
25191;47.467;6.732
25192;47.339;6.748
25193;47.238;6.874
25194;47.389;6.9
25195;47.206;5.865
25196;47.482;6.897
25197;47.297;6.193
25198;47.539;6.672
25199;46.999;6.073
25200;47.324;6.017
25201;46.929;6.31
25202;46.887;6.164
25203;47.198;6.479
25204;46.931;6.36
25207;47.506;6.745
25208;47.107;6.224
25209;47.047;5.95
25210;47.527;6.693
25211;47.071;6.237
25212;47.274;5.989
25213;47.204;6.797
25214;47.423;6.732
25215;47.344;6.253
25216;47.403;6.805
25217;47.304;5.869
25218;47.213;6.398
25219;47.134;6.385
25220;47.127;6.02
25221;47.333;6.324
25222;47.162;6.262
25223;47.016;6.002
25224;47.456;6.721
25225;47.232;5.737
25226;47.473;6.58
25227;47.124;6.335
25228;47.506;6.874
25229;46.996;6.222
25230;47.501;6.835
25231;47.203;6.431
25232;47.484;6.616
25233;47.138;6.293
25234;47.268;6.89
25235;47.209;5.803
25236;47.055;6.065
25237;47.52;6.901
25238;47.281;6.92
25239;47.351;6.735
25240;47.078;6.629
25241;47.048;6.112
25242;47.414;6.22
25243;47.121;6.472
25244;47.301;6.777
25245;47.192;6.039
25246;47.421;6.469
25247;47.448;6.411
25248;47.192;6.754
25249;47.376;6.314
25251;47.336;6.306
25252;46.764;6.313
25253;47.095;5.803
25254;46.84;6.416
25255;47.166;6.825
25256;47.2;6.777
25257;47.259;5.813
25258;47.225;5.925
25259;46.852;6.146
25261;47.3;6.693
25262;47.128;6.591
25263;46.727;6.237
25264;47.535;6.592
25265;47.32;5.971
25266;47.483;6.566
25267;47.248;6.131
25268;47.225;6.484
25269;47.414;6.2
25270;46.964;6.049
25271;47.054;6.488
25273;47.266;6.287
25274;47.404;6.894
25275;47.348;6.984
25276;47.444;6.457
25277;47.465;6.383
25278;47.226;6.297
25279;47.454;6.358
25280;47.266;6.94
25281;47.398;6.678
25283;47.078;5.933
25284;47.534;6.823
25285;47.016;6.56
25286;47.136;6.78
25287;47.199;5.9
25288;47.102;6.559
25289;47.184;6.456
25290;47.284;6.671
25293;46.878;6.32
25295;46.832;6.315
25296;46.987;6.54
25297;47.181;6.132
25298;47.346;6.305
25299;47.316;6.394
25300;47.129;6.244
25301;47.167;6.583
25303;46.967;6.457
25304;47.436;6.885
25305;47.18;6.212
25306;47.4;6.456
25307;46.785;6.391
25308;46.803;6.392
25309;46.912;6.3
25310;47.432;6.342
25311;47.381;6.639
25312;47.361;6.434
25313;47.374;6.433
25314;47.312;6.969
25315;47.424;6.589
25316;47.527;6.732
25317;47.257;5.719
25318;46.764;6.404
25320;46.779;6.277
25321;47.07;6.689
25322;47.55;6.735
25323;47.301;6.228
25324;47.292;6.448
25325;47.26;6.489
25326;47.231;5.773
25327;47.392;6.625
25328;47.179;5.973
25329;47.18;6.622
25330;47.087;5.897
25331;47.08;6.259
25332;47.244;5.819
25333;47.255;6.559
25334;46.957;6.118
25335;47.331;6.784
25336;47.066;5.813
25338;47.055;5.993
25339;47.05;6.256
25340;47.081;5.85
25341;47.338;6.438
25342;47.166;6.437
25343;47.082;6.457
25344;47.223;6.656
25345;47.46;6.65
25346;47.029;6.229
25347;47.018;6.467
25348;46.745;6.331
25349;47.16;6.497
25350;47.472;6.684
25351;47.17;6.678
25354;47.38;6.348
25355;47.235;6.329
25356;47.24;6.799
25357;46.98;6.414
25359;47.044;6.029
25360;47.124;6.089
25361;46.799;6.312
25362;46.827;6.288
25364;47.198;6.162
25365;47.463;6.542
25366;47.258;6.774
25367;47.433;6.81
25368;47.322;6.122
25369;47.522;6.594
25370;47.442;6.77
25371;47.244;5.865
25372;47.463;6.603
25373;47.16;6.688
25374;47.212;5.752
25375;47.164;6.064
25376;47.333;6.064
25377;47.43;6.38
25378;47.418;6.893
25379;47.058;5.85
25380;46.765;6.353
25381;47.288;5.974
25382;47.362;6.136
25383;47.303;5.903
25384;47.448;6.312
25385;47.467;6.304
25386;47.356;7.031
25387;47.299;6.835
25388;47.516;6.792
25389;47.181;6.671
25390;46.984;6.465
25391;47.162;6.636
25392;47.242;6.74
25393;47.349;6.798
25394;47.493;6.658
25395;47.242;6.087
25397;47.186;5.919
25398;46.994;6.436
25400;47.088;6.193
25401;47.311;6.422
25402;47.346;6.897
25403;47.023;6.621
25404;46.983;6.034
25405;46.82;6.344
25406;47.146;6.043
25408;47.436;6.291
25410;47.22;6.071
25411;47.063;6.583
25413;46.682;6.206
25414;47.244;5.732
25415;47.034;6.275
25416;47.01;5.94
25417;47.208;6.235
25418;47.25;6.178
25419;47.476;6.41
25420;46.977;5.993
25421;47.13;6.694
25422;47.375;6.73
25424;47.089;6.35
25425;47.104;6.659
25426;47.347;6.764
25427;47.273;5.871
25428;47.54;6.847
25429;47.288;6.13
25430;47.42;6.245
25431;47.5;6.604
25432;47.111;6.514
25433;47.266;6.754
25434;47.098;6.15
25435;47.25;6.381
25436;47.338;6.56
25437;47.272;6.212
25438;47.148;5.864
25439;47.32;6.275
25440;47.001;6.302
25441;47.276;6.49
25442;46.852;6.338
25443;47.1;5.942
25444;47.366;6.092
25445;47.035;5.884
25446;47.278;6.395
25447;47.094;6.422
25448;47.278;5.924
25449;47.319;6.686
25450;47.073;5.886
25451;46.679;6.163
25452;47.371;6.825
25453;47.219;6.55
25454;47.261;5.966
25455;47.258;5.85
25456;47.195;6.649
25457;47.184;6.547
25458;47.304;6.898
25459;46.842;6.273
25460;47.066;5.912
25461;47.424;6.526
25462;46.912;6.389
25463;47.385;6.763
25464;46.721;6.163
25465;47.326;6.366
25466;47.206;5.843
25467;47.26;5.936
25468;47.335;6.201
25469;47.501;6.727
25470;47.447;6.61
25471;47.29;6.643
25472;47.434;6.324
25473;47.172;5.994
25474;47.346;6.23
25475;47.102;5.881
25476;47.327;6.582
25477;47.186;5.945
25478;47.307;6.527
25479;47.423;6.563
25481;47.537;6.721
25482;47.275;5.834
25483;46.711;6.149
25485;47.38;6.71
25486;46.759;6.217
25487;47.015;6.276
25488;47.015;5.858
25489;47.01;6.153
25490;47.388;6.182
25491;47.384;6.2
25492;47.414;6.367
25493;46.874;6.215
25494;46.726;6.305
25495;47.282;6.108
25496;47.364;6.47
25497;47.411;6.854
25498;47.419;6.308
25499;47.444;6.38
25500;47.043;5.904
25501;46.733;6.182
25502;47.154;5.833
25503;47.315;6.66
25504;47.214;6.684
25505;47.48;6.348
25506;47.39;6.262
25507;47.082;5.966
25508;47.318;6.235
25510;47.283;5.804
25511;47.096;5.998
25512;47.155;6.734
25513;46.951;5.984
25514;46.782;6.334
25515;46.874;6.276
25516;47.404;6.549
25517;47.017;6.336
25518;47.335;6.245
25519;47.312;6.812
25520;47.289;6.344
25521;47.519;6.706
25522;47.217;6.73
25523;47.502;6.696
25524;47.432;6.65
25525;46.81;6.296
25526;47.508;6.768
25527;47.185;5.82
25528;47.053;5.879
25529;47.29;6.563
25532;47.214;6.113
25533;46.992;5.975
25534;46.704;6.235
25535;47.125;6.201
25536;47.322;5.912
25537;47.109;6.079
25538;47.34;6.286
25539;47.457;6.864
25540;47.54;6.693
25541;46.976;6.178
25542;47.239;5.935
25544;47.305;6.472
25545;47.032;6.137
25546;47.322;6.331
25547;47.515;6.83
25548;47.345;6.707
25550;47.192;6.51
25551;47.328;6.868
25552;47.41;6.641
25553;47.452;6.504
25554;47.273;6.612
25555;47.495;6.854
25556;47.411;6.287
25557;47.306;6.02
25558;47.166;6.105
25559;47.271;6.843
25560;47.286;6.082
25561;47.17;5.91
25562;47.429;6.86
25563;47.375;6.136
25564;47.172;5.88
25565;46.794;6.353
25566;47.383;6.225
25567;47.4;6.312
25569;47.169;6.17
25570;47.498;6.336
25571;47.284;6.874
25572;47.42;6.348
25573;47.257;6.923
25574;47.466;6.442
25575;47.275;6.153
25578;47.163;6.332
25579;47.36;6.268
25580;47.465;6.826
25582;47.386;6.125
25583;47.342;6.668
25584;47.294;6.741
25586;47.459;6.907
25588;47.248;6.691
25589;47.277;6.734
25590;47.284;6.428
25591;47.341;6.931
25592;46.799;6.234
25594;47.189;5.87
25595;47.348;6.59
25596;47.246;6.443
25597;47.307;6.503
25598;47.35;6.114
25599;47.33;6.233
25600;47.158;6.541
25601;47.189;6.382
25602;47.409;6.391
25604;47.397;6.352
25605;47.11;6.295
25607;47.322;6.64
25608;47.567;6.671
25609;46.886;6.447
25611;47.197;6.073
25612;47.337;6.085
25613;47.421;6.422
25614;47.524;6.844
25615;47.368;6.871
25616;47.125;5.822
25617;47.362;6.751
25618;47.419;6.698
25619;46.714;6.266
25620;47.0;6.498
25621;46.939;6.042
25622;47.229;5.852
25623;47.224;6.438
25624;47.362;6.235
25625;47.241;6.473
25626;47.342;6.404
25627;46.902;6.046
25629;47.391;6.418
25630;47.1;6.257
25631;47.153;5.93
25632;47.473;6.783
25633;47.064;6.221
25634;46.953;6.333
25635;47.348;6.626
26001;44.702;5.383
26002;45.239;4.862
26003;44.499;4.946
26004;44.982;5.017
26005;44.494;4.798
26006;44.767;4.915
26007;44.792;4.909
26008;44.58;4.72
26009;45.246;4.812
26010;45.272;4.892
26011;44.707;5.057
26012;44.494;5.312
26013;44.371;5.274
26014;45.141;5.061
26015;44.678;5.145
26016;44.389;5.154
26017;44.617;5.354
26018;44.23;5.422
26019;44.693;5.298
26020;44.662;4.994
26021;44.683;4.973
26022;44.252;5.644
26023;44.941;5.162
26024;44.867;5.055
26025;44.657;5.367
26026;44.175;5.516
26027;44.726;5.304
26028;45.183;4.998
26030;44.515;5.63
26031;44.558;4.867
26032;44.83;5.048
26033;44.328;4.869
26034;45.062;5.22
26035;44.778;5.149
26036;44.564;5.47
26037;44.874;4.947
26038;45.033;4.922
26039;45.006;5.177
26040;44.56;5.554
26041;45.212;4.841
26042;44.856;4.905
26043;44.301;5.213
26045;44.552;4.931
26046;44.357;5.356
26047;44.537;5.434
26048;44.311;5.188
26049;44.966;5.088
26050;44.32;5.321
26051;44.612;5.176
26052;44.588;4.868
26054;44.298;4.885
26055;44.638;5.584
26056;44.579;5.151
26057;45.017;5.051
26058;44.965;4.894
26059;44.935;5.304
26060;44.521;5.222
26061;45.143;4.942
26062;44.592;5.326
26063;44.276;5.271
26064;44.908;5.007
26065;44.714;4.961
26066;44.873;5.178
26067;44.528;5.34
26068;45.155;5.089
26069;44.812;5.386
26070;44.395;4.876
26071;45.057;4.918
26072;45.123;4.889
26073;44.405;4.835
26074;44.972;5.412
26075;44.467;5.445
26076;44.542;5.508
26077;45.157;5.015
26078;44.59;4.954
26079;44.943;5.08
26080;44.659;5.209
26081;44.9;5.09
26082;44.337;5.171
26083;45.236;4.959
26084;45.009;4.953
26085;44.504;4.725
26086;44.702;5.486
26087;45.096;5.134
26088;45.011;5.097
26089;44.475;5.239
26090;44.631;5.225
26091;44.322;5.535
26092;45.104;4.924
26093;44.378;4.806
26094;45.173;4.934
26095;44.61;4.932
26096;45.08;4.955
26097;44.722;4.833
26098;44.756;5.072
26099;44.385;4.9
26100;44.858;5.108
26101;44.552;5.105
26102;44.639;4.828
26103;44.415;5.179
26104;44.44;5.404
26105;44.455;5.36
26106;44.642;4.786
26107;45.175;5.069
26108;44.734;5.022
26110;45.098;4.844
26111;44.554;5.181
26112;44.388;5.234
26113;44.748;5.376
26114;44.531;5.065
26115;44.699;5.01
26116;44.432;4.709
26117;45.024;5.386
26118;45.312;4.938
26119;45.127;4.836
26121;44.521;4.822
26122;44.685;5.235
26123;44.502;5.44
26124;44.831;4.875
26125;44.758;4.976
26126;44.221;5.594
26127;44.24;5.285
26128;44.798;5.21
26129;45.066;5.182
26130;44.417;5.241
26131;44.561;5.004
26133;45.22;4.908
26134;44.586;5.055
26135;44.139;5.49
26136;44.592;5.587
26137;44.617;5.072
26138;44.391;4.75
26139;45.082;5.09
26140;45.124;5.092
26141;44.811;5.114
26142;44.699;5.613
26143;45.263;5.102
26144;44.721;4.897
26145;44.428;4.757
26146;44.437;4.902
26147;44.507;5.268
26148;45.253;5.039
26149;45.032;5.203
26150;44.263;5.602
26152;44.565;5.402
26153;44.288;5.592
26154;44.216;5.652
26155;45.328;4.989
26156;45.099;4.863
26157;44.608;4.851
26159;44.736;5.452
26160;45.204;4.82
26161;44.353;5.413
26162;45.296;5.041
26163;44.924;5.205
26164;44.594;5.517
26165;44.787;4.839
26166;44.75;4.805
26167;44.611;5.459
26168;44.683;5.723
26169;44.474;4.745
26170;44.901;4.959
26171;44.602;4.98
26172;45.308;5.003
26173;44.979;5.115
26174;45.132;5.031
26175;44.81;5.334
26176;44.64;4.883
26177;45.121;4.932
26178;44.658;5.473
26179;45.072;4.889
26180;44.272;5.168
26181;44.235;5.479
26182;44.315;5.102
26183;44.714;5.123
26185;44.689;4.845
26186;44.624;5.514
26188;44.234;5.195
26189;44.277;5.518
26190;44.358;5.218
26191;44.554;4.815
26192;44.434;5.023
26193;44.188;5.434
26194;45.192;5.04
26195;44.748;5.158
26196;44.856;4.928
26197;44.943;5.021
26198;44.554;4.749
26199;44.342;5.45
26200;44.171;5.645
26201;44.302;5.472
26202;44.489;5.103
26203;44.483;4.878
26204;44.627;5.416
26205;44.678;5.365
26206;44.836;4.984
26207;45.154;5.16
26208;44.798;4.93
26209;44.401;5.307
26210;45.226;5.143
26211;44.368;4.857
26212;44.866;5.012
26213;45.285;5.0
26214;44.621;5.133
26215;44.495;5.385
26216;45.199;4.901
26217;45.045;5.271
26218;45.071;5.059
26220;44.356;5.129
26221;44.864;5.231
26222;44.548;5.138
26223;44.99;5.251
26224;44.806;5.047
26225;45.113;5.159
26226;44.444;5.069
26227;44.382;5.381
26228;44.637;5.32
26229;44.25;5.232
26231;45.1;5.046
26232;44.907;5.122
26233;44.299;5.124
26234;44.685;5.098
26235;44.361;4.687
26236;44.25;5.214
26238;44.378;5.199
26239;44.225;5.337
26240;44.825;5.166
26241;44.598;5.101
26242;44.248;5.394
26243;44.526;5.002
26244;44.363;5.319
26245;44.437;5.465
26246;44.779;5.314
26247;45.157;4.842
26248;44.753;5.257
26249;44.594;5.004
26250;45.015;4.882
26251;44.522;4.914
26252;44.876;4.884
26253;44.598;5.418
26254;44.621;5.281
26255;44.534;5.576
26256;44.277;5.209
26257;44.54;4.853
26258;44.624;4.972
26259;45.175;4.971
26261;44.452;4.839
26262;44.652;5.404
26263;44.171;5.405
26264;44.404;5.356
26266;44.663;5.313
26267;44.27;5.461
26268;44.575;5.031
26269;44.326;5.237
26270;45.027;5.243
26271;45.019;4.857
26272;44.512;4.858
26273;44.975;5.166
26274;44.605;5.242
26275;44.256;4.837
26276;44.48;5.043
26277;44.675;4.94
26278;44.263;5.341
26279;44.261;5.422
26281;45.055;5.038
26282;44.792;5.437
26283;44.478;5.417
26284;44.443;4.787
26285;44.423;5.067
26286;44.332;5.479
26287;44.648;4.934
26288;44.406;5.272
26289;44.695;5.188
26290;44.897;5.442
26291;44.808;5.263
26292;44.297;5.43
26293;45.199;4.965
26294;45.083;4.984
26295;45.162;4.876
26296;44.655;5.265
26298;45.217;5.071
26299;44.772;5.287
26300;44.511;5.487
26301;45.126;4.985
26302;45.045;5.342
26303;44.301;5.391
26304;44.442;5.224
26305;44.584;4.898
26306;44.334;5.279
26307;45.007;5.299
26308;44.853;5.298
26309;45.057;5.446
26310;45.178;5.111
26311;45.01;5.347
26312;44.601;4.804
26313;44.972;4.951
26314;45.222;4.987
26315;45.016;5.449
26316;44.985;5.28
26317;44.303;5.006
26318;44.425;5.329
26319;45.146;5.122
26320;45.057;5.244
26321;44.56;5.271
26322;44.395;5.043
26323;45.059;5.127
26324;44.348;4.757
26325;45.289;4.831
26326;44.327;4.796
26327;44.689;5.427
26328;44.674;5.166
26329;44.33;5.376
26330;45.278;4.958
26331;45.049;5.292
26332;45.19;4.868
26333;45.18;4.82
26334;44.566;4.969
26335;44.471;4.94
26336;44.647;5.111
26337;44.704;4.791
26338;44.59;4.825
26339;44.607;4.778
26340;44.198;5.554
26341;45.142;4.831
26342;44.348;4.826
26343;44.539;4.968
26344;44.638;5.025
26345;44.293;4.844
26346;44.758;5.106
26347;45.071;4.851
26348;44.459;4.978
26349;45.216;5.016
26350;44.457;5.143
26351;44.586;5.21
26352;44.518;4.886
26353;44.665;4.803
26355;45.095;5.112
26356;44.577;5.084
26357;44.284;4.938
26358;44.799;4.98
26359;44.786;5.25
26360;44.421;4.811
26361;44.498;5.567
26362;44.923;4.914
26363;44.46;5.191
26364;44.88;5.374
26365;44.778;5.032
26367;44.398;5.098
26368;44.715;5.248
26369;44.395;5.407
26370;44.294;5.351
26371;44.736;5.207
26372;44.236;5.551
26373;44.51;5.158
26374;44.32;5.598
26375;44.215;5.508
26376;44.456;5.3
26377;44.336;5.051
26378;44.568;5.35
26379;45.048;4.975
26380;45.108;4.832
26381;45.029;5.17
26382;44.932;5.13
27001;49.166;0.698
27002;48.77;1.105
27003;49.165;1.177
27004;49.006;1.426
27005;49.158;1.244
27006;49.431;0.626
27008;49.322;1.178
27009;48.84;0.74
27010;49.377;1.733
27011;49.213;0.925
27012;49.313;1.322
27013;49.303;1.266
27014;49.157;1.146
27015;49.228;1.245
27016;49.246;1.428
27017;48.989;1.157
27018;49.322;0.651
27019;48.68;0.805
27020;48.99;1.104
27021;49.205;0.402
27022;49.175;1.333
27023;48.994;1.055
27025;49.1;1.295
27026;49.22;1.633
27027;48.898;1.234
27028;49.226;0.697
27031;49.057;1.12
27032;48.928;1.146
27033;49.091;1.046
27034;49.322;1.367
27035;49.197;0.431
27036;48.748;0.978
27037;49.08;0.825
27038;48.725;0.819
27039;49.385;0.854
27040;49.04;0.855
27042;49.158;0.485
27043;48.866;0.802
27044;48.967;1.107
27045;49.326;1.758
27046;49.17;0.55
27047;48.91;0.901
27048;49.404;1.525
27049;49.009;0.696
27050;49.096;0.781
27051;49.059;0.755
27052;49.225;0.726
27053;49.239;0.976
27054;48.843;0.848
27055;49.113;1.058
27056;49.093;0.59
27057;49.074;1.029
27059;49.29;1.674
27061;49.171;0.623
27062;49.295;0.828
27063;49.026;0.893
27064;49.431;0.358
27065;49.338;0.343
27066;49.396;1.624
27067;49.305;1.683
27068;48.926;0.692
27069;48.816;0.748
27070;49.292;1.49
27071;49.276;0.391
27072;49.103;1.548
27073;48.861;1.341
27074;49.156;0.65
27075;48.901;0.694
27076;48.966;1.333
27077;49.272;0.781
27078;48.951;1.369
27079;49.157;0.578
27081;49.02;1.297
27082;48.998;1.035
27083;49.26;0.752
27085;49.317;0.807
27089;49.299;0.772
27090;49.293;0.922
27091;49.354;0.846
27094;49.413;1.589
27095;49.22;0.766
27096;48.871;0.676
27097;49.201;1.387
27098;49.398;1.712
27099;49.076;1.187
27100;49.37;0.393
27101;49.4;0.492
27102;49.361;0.77
27103;49.345;0.809
27104;49.384;1.304
27105;49.3;0.876
27106;49.123;0.501
27107;49.392;0.62
27108;48.763;0.806
27109;49.104;0.836
27110;49.343;0.681
27111;48.947;1.341
27112;48.852;0.9
27113;49.215;0.662
27114;48.965;1.44
27115;48.767;1.072
27116;49.188;0.712
27117;49.003;0.526
27118;49.11;1.113
27119;48.934;1.444
27120;48.992;0.944
27123;49.003;1.316
27124;49.119;1.218
27125;49.19;0.756
27126;49.318;0.562
27127;49.157;1.089
27129;49.078;0.548
27130;49.049;0.472
27132;49.025;1.043
27133;49.367;0.908
27134;49.355;0.647
27135;49.18;0.976
27136;49.014;1.452
27137;48.756;0.771
27138;48.992;0.563
27139;48.883;0.621
27140;49.08;1.319
27141;48.959;1.008
27142;49.107;1.328
27144;48.87;1.301
27146;49.281;0.406
27147;49.108;1.172
27148;48.985;0.464
27149;49.111;0.417
27151;49.38;1.39
27152;49.2;1.659
27153;49.281;1.645
27154;48.88;1.196
27155;48.684;0.774
27156;48.792;0.761
27157;48.891;0.936
27158;49.002;1.266
27161;49.049;1.019
27162;48.994;0.863
27163;49.35;0.624
27164;49.096;0.886
27165;48.955;0.932
27167;49.308;0.608
27168;49.26;1.276
27169;49.418;0.391
27170;49.252;0.385
27171;48.985;1.297
27173;49.06;0.703
27174;49.341;0.598
27176;49.343;1.497
27177;48.863;1.236
27179;49.129;0.566
27180;49.185;1.366
27181;48.802;1.277
27182;48.738;1.0
27183;48.902;1.396
27184;49.205;1.072
27185;49.204;0.97
27187;49.199;0.998
27188;49.293;1.102
27189;48.99;0.976
27190;49.026;1.342
27191;49.118;1.248
27192;49.152;0.932
27193;48.851;1.368
27194;49.282;1.37
27196;49.294;1.172
27198;48.864;1.08
27199;49.261;1.688
27200;49.084;1.207
27201;49.189;1.029
27202;49.261;1.311
27203;49.044;1.431
27204;49.323;1.589
27205;49.333;1.308
27206;48.798;1.126
27207;49.116;0.459
27208;49.143;0.5
27209;49.289;0.717
27210;49.124;0.835
27212;49.126;0.992
27213;49.152;1.598
27214;49.307;1.43
27215;49.17;1.013
27216;49.102;1.157
27217;49.059;0.907
27218;49.273;0.454
27219;49.182;0.875
27220;48.935;1.396
27222;49.205;0.538
27224;49.13;0.876
27226;49.312;1.616
27227;49.38;0.655
27228;49.369;0.689
27229;49.02;1.142
27230;48.871;1.413
27231;48.997;1.385
27232;49.292;1.528
27233;49.413;0.332
27234;49.024;1.199
27235;49.021;0.927
27237;49.183;0.526
27238;49.02;0.988
27239;49.028;0.57
27240;48.978;0.787
27241;49.132;1.034
27242;48.944;0.802
27243;49.399;0.317
27245;49.427;1.556
27246;49.364;1.352
27247;49.313;1.284
27248;49.158;0.525
27249;49.18;1.253
27251;49.088;0.688
27252;49.158;0.446
27254;49.064;1.281
27256;48.928;1.24
27258;49.329;0.402
27259;48.928;1.32
27260;49.394;0.422
27261;49.222;0.964
27263;49.378;0.574
27266;49.173;0.686
27267;49.246;0.672
27269;49.201;0.469
27271;48.947;1.307
27273;48.984;1.403
27275;49.159;1.347
27276;49.266;1.616
27277;48.95;1.257
27278;48.909;1.434
27279;49.102;1.6
27280;49.036;1.247
27281;48.96;1.03
27282;49.049;1.084
27284;49.279;1.769
27285;49.082;1.533
27286;49.191;0.568
27287;48.987;1.003
27288;49.272;0.685
27289;48.948;0.432
27290;49.122;0.766
27291;48.716;0.769
27294;49.345;1.368
27295;49.044;0.534
27298;49.095;0.966
27299;49.052;1.161
27300;49.045;0.806
27301;48.94;1.186
27302;49.228;0.84
27304;49.225;1.68
27306;48.98;1.179
27307;49.214;1.478
27309;48.875;1.348
27310;49.282;1.558
27311;49.166;0.776
27312;49.042;1.316
27313;49.231;1.001
27315;49.249;1.5
27316;49.397;0.767
27317;49.394;0.693
27318;49.188;0.778
27319;49.403;0.728
27320;49.238;0.875
27321;49.196;1.134
27322;49.237;1.066
27323;48.911;0.594
27324;49.357;1.722
27325;49.173;0.664
27326;48.988;1.429
27327;49.193;0.944
27329;49.191;1.456
27330;49.244;1.274
27331;49.13;1.565
27332;49.193;1.237
27333;49.334;1.663
27334;49.193;0.503
27335;49.132;1.189
27336;49.065;1.413
27337;49.287;1.321
27338;49.42;1.408
27339;49.145;1.116
27340;49.378;0.816
27341;48.79;1.031
27342;49.129;1.09
27343;49.064;1.361
27345;48.998;0.8
27346;49.3;1.358
27347;49.037;1.208
27348;49.323;1.151
27349;49.319;0.709
27350;48.825;1.26
27351;49.252;1.152
27353;49.098;1.2
27354;49.177;0.926
27355;48.886;1.447
27358;49.05;1.292
27359;48.847;0.644
27360;48.917;1.212
27361;49.298;0.336
27363;49.407;0.804
27364;49.108;0.737
27365;49.288;1.195
27366;49.422;1.327
27367;49.233;0.501
27368;48.845;1.273
27369;49.403;1.567
27370;49.358;1.473
27371;49.229;0.655
27372;49.358;1.621
27373;49.421;1.505
27374;48.991;0.916
27375;49.221;1.153
27376;48.797;1.319
27377;49.394;1.474
27378;48.79;1.218
27379;49.375;1.687
27380;49.242;0.746
27381;49.128;0.529
27382;49.216;1.013
27383;48.753;0.851
27384;49.369;0.328
27385;49.361;0.546
27386;49.318;1.199
27388;49.438;0.464
27389;49.154;0.963
27390;48.827;1.188
27391;48.821;1.333
27392;49.396;1.658
27393;49.303;0.386
27394;49.278;1.071
27395;48.912;0.502
27396;49.357;1.407
27397;49.039;1.37
27398;49.102;0.622
27399;49.083;1.399
27400;48.959;1.393
27401;49.073;1.114
27403;49.182;1.128
27404;48.894;0.557
27405;49.385;1.668
27406;48.777;1.29
27407;49.323;1.465
27408;49.176;1.503
27410;49.02;1.261
27411;48.848;1.166
27412;49.23;1.098
27413;49.294;0.671
27414;48.94;0.468
27415;49.223;0.444
27417;49.378;1.578
27418;49.18;0.598
27419;48.889;1.368
27420;49.244;1.555
27421;48.907;1.338
27422;49.227;1.286
27423;48.778;1.326
27424;48.925;0.941
27425;49.134;0.739
27426;49.277;1.726
27427;48.874;0.744
27428;49.148;0.897
27429;48.93;1.417
27430;49.36;1.558
27431;48.902;0.736
27432;49.194;0.816
27433;49.205;0.629
27434;49.21;0.51
27435;49.271;0.52
27436;48.92;1.005
27437;49.329;1.556
27438;48.777;1.179
27439;49.072;1.162
27440;49.156;1.448
27441;49.195;0.598
27442;48.892;0.51
27444;49.006;0.762
27445;49.246;1.674
27446;49.056;0.956
27447;48.941;1.021
27448;49.022;1.4
27451;49.032;1.092
27453;49.408;1.363
27454;49.432;1.362
27455;49.172;0.408
27456;49.192;1.192
27457;48.772;0.966
27458;49.331;1.218
27459;49.153;0.417
27460;49.079;0.5
27462;49.094;0.427
27463;49.138;0.625
27464;48.944;1.133
27465;48.982;1.363
27466;49.07;0.856
27467;49.346;0.534
27468;49.242;0.702
27469;49.291;1.144
27470;49.343;1.288
27471;49.252;1.251
27472;49.025;0.948
27473;49.174;1.41
27474;49.3;1.241
27475;49.252;0.522
27476;49.328;0.48
27477;49.131;1.465
27478;48.958;1.219
27480;49.354;1.526
27481;48.728;0.864
27482;49.2;0.897
27483;49.184;1.081
27485;49.47;0.502
27486;49.107;1.005
27487;49.353;1.324
27488;49.396;1.326
27489;49.073;1.226
27490;49.258;1.538
27492;49.013;0.838
27493;49.334;1.254
27495;49.259;1.343
27496;49.375;1.428
27497;49.358;0.725
27498;49.146;0.833
27500;49.385;0.726
27501;49.067;1.34
27502;48.816;0.691
27504;49.081;1.074
27505;48.95;0.532
27507;48.903;1.278
27508;48.83;0.663
27511;49.143;0.987
27512;49.177;0.473
27514;49.015;0.494
27516;49.059;0.612
27517;49.133;1.336
27518;49.449;0.525
27520;49.226;0.618
27521;48.699;0.805
27522;49.285;0.601
27524;49.107;0.936
27525;49.095;1.341
27527;49.186;0.653
27528;49.261;1.199
27529;49.25;1.019
27530;48.915;0.472
27531;49.256;0.807
27533;49.322;1.718
27534;49.242;1.038
27535;48.984;0.961
27536;49.236;0.803
27537;49.242;1.215
27538;49.266;0.558
27539;49.116;1.405
27540;49.082;1.57
27541;49.211;0.567
27542;49.242;0.58
27543;48.792;1.36
27544;48.958;1.287
27545;49.242;1.002
27546;49.088;1.138
27547;49.052;0.413
27548;48.773;1.263
27550;49.245;0.626
27552;49.015;0.459
27553;49.14;1.287
27554;49.106;1.433
27555;48.846;1.319
27556;48.892;0.461
27557;49.113;0.662
27558;49.283;0.752
27560;48.974;1.233
27561;49.362;0.414
27562;49.092;1.439
27563;49.377;0.509
27564;49.081;0.455
27565;48.911;0.846
27567;49.272;1.582
27568;48.958;0.881
27569;49.106;0.527
27570;49.065;1.077
27571;49.294;0.56
27572;49.216;0.879
27576;49.168;0.84
27577;49.425;0.534
27578;48.796;0.944
27579;49.235;0.95
27580;49.349;0.896
27582;49.301;0.945
27584;49.218;0.795
27586;49.258;0.784
27587;49.277;0.647
27589;49.126;1.384
27590;48.931;0.52
27591;49.238;0.365
27592;49.205;0.667
27593;49.249;0.963
27594;49.266;0.608
27595;49.26;0.89
27597;49.391;0.366
27598;49.224;1.218
27599;49.148;1.391
27601;49.426;0.425
27602;49.013;1.074
27603;49.284;0.517
27604;49.375;0.449
27605;49.247;0.421
27606;49.31;0.456
27608;49.063;0.514
27609;49.212;0.599
27610;48.696;0.851
27611;49.075;1.26
27612;49.06;1.394
27613;49.101;0.49
27614;49.354;1.676
27615;49.05;1.223
27616;49.254;0.986
27617;49.319;1.508
27618;48.976;0.831
27620;49.301;0.489
27621;48.934;1.358
27622;49.115;0.708
27623;49.198;1.054
27624;49.201;1.102
27625;49.27;1.514
27627;49.152;0.534
27629;49.132;0.441
27630;49.141;0.804
27631;49.263;0.717
27632;49.307;1.555
27633;49.236;1.605
27635;49.26;1.367
27638;49.257;0.939
27640;49.006;0.891
27641;49.081;0.931
27643;48.761;1.028
27644;49.142;1.529
27645;49.409;0.613
27646;49.337;0.381
27649;49.344;1.436
27650;49.074;0.988
27652;49.095;1.106
27654;49.225;0.899
27655;49.321;0.517
27656;49.357;0.459
27658;49.121;0.915
27659;48.987;1.237
27660;48.967;0.511
27661;49.365;0.878
27662;49.33;0.437
27663;49.193;0.917
27664;49.438;1.454
27665;49.42;0.58
27666;49.124;1.137
27667;49.118;0.617
27668;48.979;1.263
27669;49.367;0.612
27670;49.383;1.352
27671;49.303;0.428
27672;49.446;1.386
27673;49.28;1.285
27674;49.036;1.334
27676;49.201;1.296
27677;49.173;1.052
27678;48.956;1.066
27679;48.738;0.925
27680;48.91;0.425
27681;49.088;1.485
27682;49.243;1.642
27683;49.222;1.399
27684;49.004;1.213
27685;48.922;0.75
27686;49.427;0.608
27689;48.998;1.464
27690;49.25;1.59
27691;49.191;1.32
27692;49.154;1.046
27693;48.903;1.103
27694;49.108;1.365
27695;49.147;0.86
27696;48.958;1.481
27697;49.206;1.22
27698;49.168;0.887
27699;49.28;0.767
27700;49.218;1.036
27701;49.261;1.212
28001;48.795;1.42
28003;48.721;1.295
28004;48.332;1.652
28005;48.229;1.364
28006;48.442;1.407
28007;48.853;1.443
28008;48.546;1.179
28009;48.355;1.913
28010;48.276;0.969
28012;48.112;1.086
28013;48.443;1.814
28014;48.658;1.304
28015;48.469;1.773
28016;48.176;0.999
28018;48.202;0.886
28019;48.128;1.821
28021;48.359;1.323
28022;48.488;1.397
28023;48.527;1.647
28024;48.407;1.472
28025;48.259;1.955
28026;48.326;1.89
28027;48.14;0.971
28028;48.095;1.572
28029;48.16;1.82
28030;48.678;0.98
28031;48.24;0.952
28032;48.301;1.654
28033;48.506;1.05
28034;48.535;1.468
28035;48.374;1.556
28036;48.844;1.553
28037;48.741;1.073
28038;48.231;0.9
28039;48.44;1.703
28040;48.494;1.213
28041;48.315;1.292
28045;48.729;1.252
28046;48.681;0.902
28047;48.332;1.7
28048;48.317;1.43
28049;48.308;1.517
28050;48.846;1.464
28051;48.181;1.385
28052;48.561;1.51
28053;48.632;1.327
28054;48.654;1.406
28055;48.635;1.433
28056;48.734;1.57
28057;48.262;1.378
28058;48.673;1.521
28059;48.689;1.064
28060;48.516;1.389
28061;48.217;1.157
28062;48.752;1.524
28064;48.802;1.493
28065;48.17;1.507
28067;48.385;1.23
28068;48.556;1.428
28070;48.467;1.511
28071;48.396;1.075
28072;48.308;0.888
28073;48.491;1.646
28074;48.416;1.798
28075;48.042;1.318
28076;48.728;1.491
28077;48.648;0.863
28078;48.119;0.893
28079;48.153;1.044
28080;48.19;0.944
28081;48.283;1.31
28082;48.696;1.432
28084;48.543;1.546
28085;48.447;1.506
28086;48.292;1.068
28087;48.693;1.234
28088;48.076;1.326
28089;48.589;1.238
28090;48.66;1.018
28091;48.346;1.21
28092;48.355;1.884
28094;48.654;1.494
28095;48.394;1.337
28096;48.889;1.488
28098;48.757;1.435
28099;48.437;1.189
28100;48.446;1.366
28102;48.551;1.384
28103;47.994;1.222
28104;48.492;1.597
28105;48.337;1.06
28106;48.114;1.442
28107;48.367;1.515
28108;48.132;1.606
28109;48.365;1.148
28110;48.419;1.503
28111;48.238;0.857
28113;48.656;1.553
28114;48.149;1.608
28116;48.452;1.249
28117;48.68;1.283
28118;48.691;1.499
28119;48.281;1.042
28120;48.669;1.107
28121;48.116;1.872
28122;48.338;1.497
28123;48.224;1.109
28124;48.758;1.143
28126;48.153;1.462
28127;48.197;1.276
28128;48.51;1.35
28129;48.393;1.8
28130;48.529;1.135
28132;48.1;1.37
28134;48.748;1.359
28135;48.602;1.701
28136;48.708;1.422
28137;48.554;1.734
28139;48.313;1.333
28140;48.594;1.685
28141;48.336;1.381
28142;48.292;1.348
28143;48.72;1.215
28144;48.245;0.816
28146;48.681;1.584
28147;48.532;1.229
28148;48.46;1.111
28149;48.6;0.883
28151;48.704;1.035
28153;48.151;1.333
28154;48.476;1.298
28155;48.655;1.248
28156;48.509;0.992
28157;48.166;1.682
28158;48.406;1.422
28159;48.597;1.016
28160;48.402;1.662
28161;48.26;1.099
28162;48.304;1.478
28163;48.513;1.418
28164;48.258;1.814
28166;48.43;1.122
28167;48.406;1.198
28168;48.534;1.689
28169;48.433;1.915
28170;48.703;1.282
28171;48.7;1.337
28172;48.564;1.668
28173;48.473;1.555
28175;48.298;0.952
28176;48.246;1.483
28177;48.416;1.535
28178;48.745;1.478
28180;48.909;1.518
28182;48.165;1.224
28183;48.343;1.953
28184;48.342;1.844
28185;48.783;1.56
28187;48.922;1.483
28188;48.491;1.708
28189;48.222;1.802
28190;48.094;1.643
28191;48.597;1.648
28192;48.33;1.105
28193;48.788;1.534
28194;48.444;1.639
28195;48.57;1.621
28196;48.303;1.227
28197;48.298;1.936
28198;48.077;1.386
28199;48.201;1.89
28200;48.574;1.123
28201;48.516;1.546
28202;48.626;0.916
28203;48.463;1.192
28206;48.698;1.186
28207;48.377;1.862
28208;48.493;1.748
28209;48.48;1.469
28210;48.303;1.831
28211;48.141;1.254
28212;48.127;1.723
28213;48.639;1.543
28214;48.473;1.022
28215;48.326;1.795
28216;48.735;1.283
28217;48.616;1.066
28218;48.435;1.453
28219;48.237;1.028
28220;48.423;1.469
28221;48.107;1.778
28222;48.299;1.384
28223;48.716;1.399
28225;48.344;1.27
28226;48.632;1.15
28227;48.584;1.584
28229;48.462;1.446
28230;48.404;1.845
28231;48.643;0.985
28232;48.536;0.963
28233;48.12;1.308
28234;48.364;1.243
28235;48.775;1.514
28236;48.337;0.851
28237;48.366;0.943
28239;48.675;1.379
28240;48.484;0.985
28242;48.294;1.185
28243;48.303;1.901
28245;48.371;1.39
28246;48.278;1.482
28247;48.89;1.535
28248;48.59;1.09
28249;48.553;1.599
28251;48.726;1.442
28252;48.249;0.998
28253;48.361;1.424
28254;48.5;1.313
28255;48.376;1.7
28256;48.112;1.402
28257;48.363;1.824
28259;48.23;1.41
28260;48.177;1.325
28261;48.291;1.13
28263;48.72;1.012
28264;48.415;1.035
28265;48.388;1.025
28267;48.773;1.38
28268;48.38;1.834
28269;48.397;1.503
28270;48.221;1.44
28271;48.649;0.947
28272;48.252;1.169
28273;48.213;1.012
28274;48.296;1.764
28275;48.596;1.503
28276;48.276;1.874
28277;48.203;1.536
28278;48.452;1.578
28279;48.63;1.524
28280;48.318;0.804
28281;48.39;1.376
28282;48.34;1.146
28283;48.125;1.525
28284;48.236;1.924
28285;48.47;1.714
28286;48.386;1.297
28287;48.139;1.684
28289;48.624;1.472
28290;48.406;1.279
28291;48.362;1.77
28292;48.708;1.489
28293;48.867;1.489
28294;48.393;1.948
28296;48.059;1.582
28298;48.589;1.552
28299;48.705;1.574
28300;48.175;1.9
28301;48.506;1.461
28302;48.492;1.146
28303;48.1;1.833
28304;48.274;1.712
28305;48.188;1.461
28306;48.22;1.473
28308;48.721;1.134
28309;48.366;1.635
28310;48.613;0.97
28312;48.639;1.369
28313;48.338;1.74
28314;48.595;0.926
28315;48.722;1.077
28316;48.667;0.84
28317;48.443;1.757
28319;48.277;1.943
28321;48.832;1.481
28322;48.704;0.964
28323;48.65;1.214
28324;48.493;1.255
28325;48.463;1.345
28326;48.268;1.263
28327;48.195;0.829
28329;48.132;1.37
28330;48.046;1.47
28331;48.333;0.997
28332;48.736;1.412
28333;48.38;1.162
28334;48.061;1.272
28335;48.45;1.036
28336;48.324;1.2
28337;48.42;1.357
28339;48.424;1.255
28341;48.623;1.258
28342;48.292;0.83
28343;48.693;1.54
28344;48.414;1.75
28346;48.707;1.101
28347;48.818;1.56
28348;48.751;1.187
28349;48.639;1.623
28350;48.437;1.303
28351;48.593;1.19
28352;48.613;1.614
28353;48.152;1.418
28354;48.49;1.074
28355;48.857;1.53
28357;48.548;1.579
28358;48.492;1.514
28359;48.749;1.237
28360;48.605;1.286
28362;48.408;0.979
28363;48.415;1.882
28364;48.182;1.58
28365;48.346;1.349
28366;48.383;1.74
28367;48.149;1.88
28368;48.629;1.026
28369;48.665;1.266
28370;48.252;1.319
28371;48.851;1.41
28372;48.656;1.584
28373;48.56;1.019
28374;48.595;1.436
28375;48.77;1.487
28377;48.829;1.394
28378;48.271;0.835
28379;48.518;1.589
28380;48.414;1.596
28382;48.09;1.73
28383;48.333;1.592
28385;48.407;1.14
28386;48.555;1.262
28387;48.305;1.011
28388;48.382;1.449
28389;48.019;1.366
28390;48.159;1.764
28391;48.195;1.943
28392;48.238;1.862
28393;48.588;1.369
28394;48.675;1.325
28395;48.293;0.878
28396;48.2;1.332
28397;48.468;1.666
28398;48.189;1.072
28400;48.082;1.526
28401;48.46;0.97
28403;48.378;1.48
28404;48.72;1.351
28405;48.751;1.295
28406;48.216;1.693
28407;48.265;0.907
28408;48.384;1.9
28409;48.261;1.207
28410;48.04;1.511
28411;48.231;1.544
28414;48.39;1.199
28415;48.671;1.457
28417;48.621;1.572
28418;48.143;1.495
28419;48.276;1.424
28421;48.402;1.709
28422;48.27;1.631
28423;48.549;1.622
28424;48.191;1.191
28425;48.509;1.703
28426;48.25;1.751
29001;48.25;-4.299
29002;47.893;-3.443
29003;48.024;-4.544
29004;47.935;-3.695
29005;47.856;-3.613
29006;47.878;-4.077
29007;48.403;-3.765
29008;48.072;-4.507
29010;48.515;-4.121
29011;48.432;-4.522
29012;48.442;-3.595
29013;48.376;-3.923
29014;48.506;-3.629
29015;48.496;-4.5
29016;48.319;-3.95
29017;48.471;-4.686
29018;48.36;-3.85
29019;48.4;-4.503
29020;48.094;-4.021
29021;48.667;-4.334
29022;48.268;-4.588
29023;48.655;-3.913
29024;48.269;-3.566
29025;48.149;-4.119
29026;48.203;-4.074
29027;48.189;-3.821
29028;48.054;-4.657
29029;48.243;-3.664
29030;48.66;-4.124
29031;47.794;-3.567
29032;47.898;-4.083
29033;48.258;-3.896
29034;48.46;-3.792
29035;48.506;-4.54
29036;48.292;-3.772
29037;47.887;-4.164
29038;48.41;-3.97
29039;47.897;-3.907
29040;48.356;-4.762
29041;48.066;-3.855
29042;48.245;-4.492
29043;48.356;-4.263
29044;48.217;-4.167
29045;48.401;-4.269
29046;48.081;-4.328
29047;48.533;-4.381
29048;48.12;-3.96
29049;48.008;-3.903
29051;48.012;-4.008
29053;48.306;-4.142
29054;48.391;-3.852
29055;48.567;-4.352
29056;48.434;-4.315
29057;47.92;-3.969
29058;47.878;-4.018
29059;48.604;-3.767
29060;47.917;-4.111
29061;48.447;-4.463
29062;48.17;-3.972
29063;48.058;-4.593
29064;48.624;-4.296
29065;48.026;-4.27
29066;48.041;-4.196
29067;48.532;-3.588
29068;48.543;-3.98
29069;48.419;-4.562
29070;48.017;-4.361
29071;47.943;-3.426
29072;47.801;-4.286
29073;48.679;-3.706
29074;48.481;-3.997
29075;48.431;-4.396
29076;48.491;-4.57
29077;48.617;-4.411
29078;48.33;-4.139
29079;48.633;-3.93
29080;48.324;-4.239
29081;48.362;-3.758
29082;48.745;-4.014
29083;48.038;-4.858
29084;48.395;-4.96
29085;47.853;-4.162
29086;48.367;-4.202
29087;48.056;-4.266
29089;48.28;-3.646
29090;48.091;-4.263
29091;48.648;-4.379
29093;48.575;-4.411
29094;48.594;-4.345
29095;48.479;-4.363
29097;48.484;-4.041
29098;48.45;-4.765
29099;48.553;-4.647
29100;48.561;-4.383
29101;48.589;-4.577
29102;48.253;-3.733
29103;48.451;-4.264
29104;48.281;-4.312
29105;48.516;-4.061
29106;48.09;-4.076
29107;48.056;-3.977
29108;47.996;-4.328
29109;48.534;-4.729
29110;48.075;-3.916
29111;48.576;-4.204
29112;48.482;-4.734
29113;48.642;-3.722
29114;48.498;-3.665
29115;48.289;-3.902
29116;48.495;-4.202
29117;48.57;-4.524
29119;48.466;-4.635
29120;48.276;-4.444
29122;48.135;-3.84
29123;48.205;-3.903
29124;48.58;-4.313
29125;48.101;-3.778
29126;48.554;-4.407
29128;48.476;-4.093
29130;48.371;-4.65
29131;48.45;-4.058
29132;48.624;-3.864
29133;48.683;-3.668
29134;48.098;-4.213
29135;47.824;-4.187
29136;47.924;-3.486
29137;48.329;-4.289
29139;48.302;-4.034
29140;48.384;-4.314
29141;48.33;-3.859
29142;48.183;-4.026
29143;48.027;-4.419
29144;48.437;-4.17
29145;48.056;-4.435
29146;47.913;-3.842
29147;47.898;-3.588
29148;48.615;-4.033
29150;47.806;-3.646
29151;48.6;-3.82
29152;48.22;-3.562
29153;47.815;-3.776
29155;48.46;-5.085
29156;48.444;-4.221
29158;47.812;-4.34
29159;47.946;-4.296
29160;48.494;-4.419
29161;47.915;-4.046
29162;48.238;-3.975
29163;48.511;-3.872
29165;47.822;-4.228
29166;48.158;-4.213
29167;47.977;-4.264
29168;48.035;-4.681
29169;48.073;-4.159
29170;47.936;-4.15
29171;47.838;-4.294
29172;48.181;-4.218
29173;48.011;-4.209
29174;47.908;-4.265
29175;48.256;-3.823
29176;48.127;-4.239
29177;48.439;-4.721
29178;48.538;-4.67
29179;48.523;-4.314
29180;48.457;-4.129
29181;48.483;-4.252
29182;48.622;-3.67
29183;48.57;-3.617
29184;48.621;-3.982
29185;48.666;-4.18
29186;48.637;-3.816
29187;48.556;-4.129
29188;48.678;-3.812
29189;48.36;-4.383
29190;48.351;-4.718
29191;48.505;-3.727
29192;48.656;-4.042
29193;48.554;-4.074
29195;48.603;-4.49
29196;48.529;-4.592
29197;48.014;-4.485
29198;48.602;-4.294
29199;48.574;-3.704
29201;48.4;-4.715
29202;48.445;-3.881
29204;48.521;-4.209
29205;48.312;-3.574
29206;48.62;-4.199
29207;48.522;-3.801
29208;48.503;-4.684
29209;48.539;-4.465
29210;48.577;-4.022
29211;48.321;-3.734
29212;48.377;-4.599
29213;48.592;-4.096
29214;47.933;-4.36
29215;47.983;-4.41
29216;47.972;-4.187
29217;47.872;-3.766
29218;48.047;-4.496
29220;47.866;-4.22
29221;48.499;-4.754
29222;48.218;-4.083
29224;48.041;-4.326
29225;47.961;-4.364
29226;48.077;-4.397
29227;48.346;-3.63
29228;48.029;-4.606
29229;48.118;-4.144
29230;47.955;-3.548
29232;47.997;-4.091
29233;47.856;-3.556
29234;47.856;-3.487
29235;48.403;-4.402
29236;47.849;-3.691
29237;48.473;-4.194
29238;48.318;-4.559
29239;48.712;-3.99
29240;48.272;-4.199
29241;47.958;-3.802
29243;48.182;-4.067
29244;48.545;-4.186
29245;48.454;-4.331
29246;48.363;-4.116
29247;47.954;-4.01
29248;48.599;-4.374
29249;48.151;-3.766
29250;48.208;-3.611
29251;48.67;-3.763
29252;47.868;-4.31
29254;48.576;-3.856
29255;48.555;-4.26
29256;48.21;-4.281
29257;48.563;-4.62
29259;48.673;-3.989
29260;48.426;-4.624
29261;48.35;-3.988
29262;48.449;-4.0
29263;48.236;-4.077
29264;48.515;-4.159
29265;48.561;-3.889
29266;48.511;-3.938
29267;48.153;-3.906
29268;48.477;-4.322
29269;47.957;-3.62
29270;48.397;-4.222
29271;48.589;-4.146
29272;47.96;-3.939
29273;48.7;-4.03
29274;48.028;-3.731
29275;48.426;-3.669
29276;48.664;-4.072
29277;48.395;-4.045
29278;48.186;-3.691
29279;48.604;-3.899
29280;48.234;-4.357
29281;48.027;-3.824
29282;48.37;-4.733
29284;47.805;-4.26
29285;48.627;-4.1
29286;48.415;-4.176
29287;48.627;-4.257
29288;48.549;-4.29
29289;48.237;-4.232
29290;48.547;-4.548
29291;48.106;-3.871
29292;47.884;-4.339
29293;47.838;-3.841
29294;48.394;-4.129
29295;48.509;-4.256
29296;47.907;-4.22
29297;47.902;-3.525
29298;47.91;-4.34
29299;48.495;-4.603
29300;47.889;-3.657
29301;48.61;-4.084
29302;48.276;-4.107
;41.984;8.798
;41.935;8.701
;41.974;8.731
;41.86;8.878
;41.709;9.077
;42.088;8.774
;42.003;8.734
;41.671;8.989
;42.128;8.795
;41.816;9.032
;42.096;8.804
;41.807;9.093
;41.87;9.017
;42.113;8.931
;42.187;8.754
;41.988;9.049
;41.935;8.836
;41.617;8.823
;41.622;8.905
;42.089;9.071
;41.436;9.185
;42.028;8.738
;41.891;9.001
;42.048;8.817
;41.676;9.16
;42.03;8.936
;41.853;8.972
;42.154;8.627
;41.732;9.041
;42.07;8.76
;41.76;8.925
;41.904;8.894
;41.973;9.138
;42.112;8.735
;41.802;8.866
;41.753;9.33
;41.882;9.071
;41.769;8.753
;41.934;9.187
;42.243;8.855
;41.977;8.884
;41.923;8.894
;42.285;8.82
;41.516;9.121
;41.622;9.036
;41.848;9.016
;41.699;8.988
;41.92;9.039
;41.586;8.957
;41.64;9.012
;41.603;8.865
;41.884;8.874
;42.178;8.984
;41.828;8.928
;41.922;9.079
;41.666;9.319
;42.215;8.877
;41.652;9.116
;42.09;8.854
;41.699;9.031
;42.208;8.72
;41.684;9.092
;41.788;9.01
;41.525;9.012
;42.158;8.847
;41.95;8.91
;41.84;9.069
;41.712;8.905
;41.67;9.033
;42.199;8.957
;42.344;8.623
;42.255;8.733
;41.992;9.189
;42.319;8.69
;42.144;9.016
;42.004;8.912
;41.77;8.97
;42.226;8.628
;41.505;9.049
;41.828;8.814
;41.792;8.899
;42.163;8.898
;41.592;9.254
;41.65;8.894
;41.909;9.008
;41.808;9.201
;42.207;8.82
;42.124;8.952
;42.126;8.862
;42.104;8.902
;41.947;9.12
;41.813;9.352
;42.065;8.834
;42.001;8.834
;41.572;8.935
;41.741;8.812
;41.779;9.11
;42.307;8.732
;42.209;8.923
;41.742;8.88
;41.75;9.116
;41.556;9.182
;42.044;8.789
;41.681;9.233
;41.668;9.061
;41.725;9.009
;41.884;8.98
;41.951;9.093
;42.032;8.884
;42.07;9.016
;41.968;8.969
;42.047;8.982
;41.826;8.949
;42.024;8.82
;42.061;8.922
;42.151;8.73
;41.669;8.945
;41.964;8.67
;41.751;9.057
;41.886;9.045
;41.884;9.167
;41.835;8.984
;41.721;9.266
;41.722;9.072
;42.098;9.412
;42.404;9.229
;42.307;9.286
;42.312;8.924
;42.106;9.496
;42.605;8.857
;42.219;9.278
;42.313;9.315
;42.254;9.357
;42.156;9.384
;42.592;8.877
;42.435;8.997
;42.559;8.894
;42.684;9.368
;42.873;9.361
;42.686;9.425
;42.608;9.014
;42.531;9.302
;42.616;9.44
;42.486;9.319
;42.574;9.457
;42.779;9.45
;42.327;9.309
;42.872;9.444
;42.323;9.034
;42.478;8.804
;42.546;8.76
;42.369;9.302
;42.389;9.34
;42.269;9.424
;42.496;9.355
;42.526;9.325
;42.265;9.502
;42.843;9.346
;42.497;9.234
;42.355;9.36
;42.356;9.38
;42.348;9.304
;42.447;9.372
;42.435;9.424
;42.283;8.995
;42.262;9.152
;42.136;9.368
;42.471;9.501
;42.31;9.247
;42.471;9.298
;42.526;9.118
;42.409;9.114
;42.428;9.273
;42.368;9.126
;42.569;8.896
;42.967;9.364
;42.321;9.515
;42.288;9.489
;42.617;8.902
;42.369;9.056
;42.27;9.083
;42.576;8.999
;42.408;9.357
;42.474;9.352
;42.252;9.263
;42.376;9.267
;42.987;9.382
;42.73;9.365
;42.288;9.249
;42.346;9.425
;42.549;8.94
;42.421;9.378
;42.25;9.292
;42.652;9.417
;42.408;8.707
;42.423;9.26
;42.044;9.423
;42.091;9.21
;42.444;9.346
;42.192;9.384
;42.632;8.934
;42.016;9.264
;42.58;9.166
;42.379;9.236
;42.573;8.862
;42.531;9.263
;42.218;9.51
;42.476;9.425
;42.363;8.98
;42.541;9.473
;42.076;9.324
;42.58;8.826
;42.893;9.41
;42.371;8.819
;42.283;9.388
;42.495;8.964
;42.305;9.328
;42.92;9.437
;42.282;9.41
;42.474;9.123
;42.381;9.405
;42.503;8.82
;42.483;9.401
;42.544;8.856
;42.622;8.961
;42.448;9.255
;42.936;9.374
;42.168;9.19
;42.567;9.327
;42.546;8.917
;42.55;8.956
;42.395;9.349
;42.203;9.21
;42.788;9.354
;42.305;9.411
;42.597;9.104
;42.593;9.006
;42.822;9.354
;42.806;9.386
;42.642;9.333
;42.767;9.378
;42.612;9.364
;42.52;9.02
;42.502;9.414
;42.383;9.194
;42.311;9.435
;42.456;9.345
;42.63;9.057
;42.196;9.405
;42.367;9.419
;42.707;9.367
;42.464;9.372
;42.455;9.496
;42.314;9.389
;42.416;9.464
;42.297;9.356
;42.441;9.397
;42.32;9.406
;42.394;9.406
;42.214;9.323
;42.384;9.368
;42.446;9.181
;42.357;9.344
;42.374;9.339
;42.543;9.183
;42.845;9.438
;42.292;9.444
;42.234;9.355
;42.329;9.377
;42.126;9.301
;42.586;9.278
;42.599;8.9
;42.905;9.354
;42.34;9.368
;42.523;8.975
;42.052;9.292
;42.268;9.207
;42.657;9.358
;42.436;9.348
;42.401;9.512
;42.401;9.361
;42.437;9.135
;42.449;9.442
;42.424;9.358
;42.419;9.169
;42.51;9.406
;42.007;9.368
;42.424;9.448
;42.428;9.343
;42.375;9.384
;42.62;9.296
;42.248;9.202
;42.972;9.425
;42.194;9.238
;42.354;9.258
;42.583;9.382
;42.411;9.263
;42.422;9.405
;42.539;9.365
;42.316;9.266
;41.972;9.33
;42.453;9.418
;42.814;9.442
;41.88;9.321
;42.482;9.489
;42.578;9.244
;42.35;9.146
;42.574;8.97
;42.379;9.375
;42.277;9.285
;42.315;9.472
;42.584;8.908
;42.406;9.414
;42.687;9.283
;42.418;9.425
;42.653;9.152
;42.373;9.465
;42.288;9.529
;42.39;9.289
;42.732;9.432
;42.318;9.22
;42.384;9.511
;42.751;9.425
;42.35;9.509
;42.368;9.51
;42.672;9.204
;42.245;9.166
;42.601;8.932
;42.351;9.456
;42.435;9.497
;42.418;9.507
;42.184;9.466
;42.344;9.402
;42.944;9.446
;42.244;9.443
;42.341;9.193
;42.621;9.148
;42.6;9.337
;42.328;9.434
;42.335;9.515
;42.46;9.264
;42.362;9.402
;42.517;9.057
;42.391;9.452
;42.214;9.138
;41.941;9.363
;42.501;9.493
;42.394;9.373
;42.516;9.473
;42.157;9.292
;42.537;9.395
;42.583;8.99
;42.716;9.427
;42.152;9.121
;42.52;9.361
;42.254;9.382
;42.519;8.904
;42.265;9.341
;41.971;9.248
;41.921;9.266
30001;44.07;4.311
30002;43.961;4.118
30003;43.551;4.184
30004;43.735;4.191
30005;44.316;4.517
30006;43.672;4.204
30007;44.125;4.088
30008;44.198;4.253
30009;43.974;3.448
30010;44.051;3.975
30011;43.947;4.753
30012;43.904;4.683
30013;43.982;4.491
30014;44.0;4.364
30015;44.042;3.587
30016;43.958;3.519
30017;43.99;3.481
30018;43.807;4.039
30019;43.749;4.146
30020;43.751;4.317
30021;44.01;4.326
30022;44.355;4.019
30023;43.791;4.129
30024;43.999;3.587
30025;44.011;3.514
30026;43.976;3.599
30027;44.07;4.044
30028;44.162;4.625
30029;44.312;4.348
30030;44.056;4.275
30031;44.093;4.477
30032;43.78;4.594
30033;43.696;4.322
30034;43.752;4.496
30035;44.091;4.355
30036;43.771;4.283
30037;44.29;4.108
30038;43.979;3.534
30039;43.874;4.5
30040;43.921;3.507
30041;43.967;4.375
30042;44.048;4.027
30043;43.77;4.23
30044;44.372;4.036
30045;44.317;4.087
30046;43.994;4.179
30047;43.802;4.434
30048;44.154;4.292
30049;43.978;4.335
30050;43.919;4.045
30051;44.229;3.975
30052;44.03;3.557
30053;43.997;4.214
30054;43.863;3.984
30055;44.133;4.251
30056;44.103;4.402
30057;43.908;4.467
30058;43.963;3.807
30059;43.659;4.242
30060;43.792;4.396
30061;43.926;4.264
30062;43.788;4.189
30064;43.938;3.4
30065;43.979;4.048
30066;43.911;4.085
30067;44.047;4.532
30068;44.015;4.089
30069;43.828;3.991
30070;44.23;4.585
30071;44.019;4.127
30072;44.009;4.244
30073;43.978;4.556
30074;44.066;3.355
30075;43.834;4.268
30076;44.117;4.518
30077;44.151;4.036
30079;44.306;4.019
30080;44.3;3.962
30081;44.154;4.688
30082;43.837;4.225
30083;43.723;4.227
30084;44.127;4.701
30085;43.949;4.472
30086;44.016;4.287
30087;44.033;3.816
30088;43.858;4.121
30089;43.849;4.592
30090;44.374;3.946
30091;43.775;4.159
30092;44.077;4.599
30093;43.938;3.906
30094;44.075;3.954
30095;43.872;3.94
30096;44.219;4.495
30097;44.303;4.161
30098;43.884;4.112
30099;44.001;3.823
30100;44.012;4.193
30101;44.07;4.158
30102;43.926;4.292
30103;43.937;4.656
30104;43.973;4.166
30105;44.064;3.48
30106;43.985;3.954
30107;43.954;4.636
30108;44.097;3.788
30109;44.074;4.236
30110;44.013;4.511
30111;44.036;4.3
30112;43.907;4.18
30113;44.185;4.327
30114;43.832;4.093
30115;44.116;4.431
30116;43.933;4.604
30117;43.712;4.549
30119;43.996;3.921
30120;44.315;4.123
30121;43.847;4.029
30122;43.898;4.226
30123;43.717;4.172
30124;44.313;4.465
30125;43.772;4.438
30126;43.988;4.306
30127;44.076;4.571
30128;43.724;4.359
30129;44.08;3.992
30130;44.344;3.952
30131;44.209;4.439
30132;44.227;4.03
30133;43.507;4.166
30134;44.27;4.477
30135;43.828;4.558
30136;43.762;4.118
30137;44.197;3.962
30138;43.804;4.255
30139;44.127;3.376
30140;44.043;3.852
30141;44.103;4.664
30142;44.215;4.065
30143;44.3;4.504
30144;43.843;4.056
30145;43.909;4.515
30146;43.985;4.108
30147;44.013;4.051
30148;43.89;3.983
30149;44.03;4.682
30150;43.946;4.025
30151;44.167;4.376
30152;44.228;4.174
30153;44.423;4.019
30154;44.025;3.627
30155;43.806;4.488
30156;43.861;4.45
30158;44.041;4.178
30159;44.255;4.081
30160;44.006;4.136
30161;44.022;4.111
30162;44.016;4.022
30163;43.955;4.162
30164;44.231;4.364
30165;44.102;4.151
30166;43.877;4.554
30167;44.278;4.159
30168;44.125;3.938
30169;43.789;4.309
30170;43.971;3.572
30171;44.261;4.148
30172;43.996;3.879
30173;44.121;4.178
30174;44.045;4.383
30175;44.269;4.418
30176;43.934;3.579
30177;44.089;4.181
30178;44.078;4.743
30179;43.875;4.592
30180;43.932;4.207
30181;43.903;4.117
30182;43.854;4.159
30183;43.926;4.129
30184;43.978;4.235
30185;43.737;4.203
30186;43.787;4.233
30187;44.166;4.236
30188;44.024;4.158
30189;43.845;4.348
30191;44.135;4.665
30192;43.888;4.043
30193;43.87;4.214
30194;44.297;4.059
30195;44.105;3.829
30196;44.089;4.535
30197;44.14;4.212
30198;44.108;3.713
30199;43.948;3.616
30200;43.896;3.86
30201;44.398;3.967
30202;44.253;4.639
30203;44.263;4.039
30204;44.224;4.227
30205;44.091;4.509
30206;43.915;4.424
30207;44.039;4.581
30208;43.944;4.055
30209;43.999;4.765
30210;43.918;3.997
30211;43.834;4.513
30212;43.941;4.565
30213;44.091;3.302
30214;44.042;4.085
30215;44.214;4.288
30216;44.273;4.102
30217;43.981;4.682
30218;44.239;4.283
30219;43.879;3.562
30220;43.978;3.663
30221;44.042;4.757
30222;44.19;4.518
30223;44.197;4.152
30224;43.92;4.241
30225;44.15;4.551
30226;44.224;4.632
30227;44.252;4.194
30228;43.932;4.342
30229;44.028;3.676
30230;44.241;4.448
30231;44.148;3.686
30232;44.165;4.496
30233;43.922;4.192
30234;43.991;4.136
30235;43.927;4.539
30236;44.036;3.872
30237;44.283;4.198
30238;43.955;3.644
30239;44.261;3.984
30240;44.037;4.202
30241;43.968;4.275
30242;44.266;4.514
30243;44.084;4.077
30244;43.828;4.026
30245;43.831;4.188
30246;44.068;3.87
30247;44.238;4.249
30248;43.996;4.265
30249;43.805;4.223
30250;44.063;4.183
30251;44.179;4.7
30252;44.023;3.926
30253;44.237;4.107
30254;44.066;4.731
30255;43.946;4.213
30256;44.195;4.579
30257;43.874;4.47
30258;43.658;4.408
30259;44.092;4.124
30260;43.972;4.6
30261;44.072;4.202
30262;44.033;4.494
30263;43.954;3.853
30264;44.055;4.226
30265;43.966;3.999
30266;44.267;4.3
30267;43.99;4.076
30268;44.234;4.14
30269;44.107;3.878
30270;44.116;4.033
30271;44.213;4.204
30272;43.963;3.685
30273;44.283;4.569
30274;44.19;4.1
30275;44.1;4.236
30276;43.57;4.243
30277;44.226;4.532
30278;44.056;4.692
30279;44.112;4.461
30280;43.925;3.653
30281;43.883;4.173
30282;44.142;4.484
30283;44.038;3.744
30284;44.166;4.075
30285;44.035;4.243
30286;43.988;4.455
30287;44.206;4.551
30288;44.2;4.622
30289;43.98;4.016
30290;44.261;4.587
30291;44.154;3.97
30292;44.099;4.554
30293;44.276;4.356
30294;44.142;4.131
30295;44.057;4.439
30296;44.012;3.774
30297;44.104;3.475
30298;44.115;3.99
30299;44.015;4.469
30300;43.943;4.083
30301;44.043;4.484
30302;44.055;4.642
30303;44.254;4.231
30304;44.256;4.536
30305;44.165;4.161
30306;43.811;4.067
30307;44.195;4.018
30308;43.955;4.42
30309;43.867;4.035
30310;44.119;3.769
30311;43.937;3.955
30312;44.017;4.809
30313;43.962;4.217
30314;43.966;4.08
30315;43.945;4.698
30316;44.336;4.002
30317;43.912;4.561
30318;44.156;4.193
30319;44.038;4.343
30320;44.112;4.294
30321;43.776;4.082
30322;44.066;3.806
30323;44.172;4.0
30324;43.82;4.136
30325;43.989;3.732
30326;44.009;4.692
30327;44.242;4.323
30328;43.904;4.626
30329;44.065;3.921
30330;44.019;3.985
30331;44.117;4.593
30332;44.07;3.391
30333;43.759;4.265
30334;44.014;4.416
30335;44.027;3.886
30336;43.857;4.634
30337;44.066;4.484
30338;44.127;4.357
30339;44.088;3.62
30340;44.008;4.59
30341;43.626;4.306
30342;44.198;4.668
30343;44.166;4.449
30344;43.738;4.234
30345;44.284;4.008
30346;43.967;4.52
30347;43.736;4.264
30348;44.051;4.135
30349;43.868;4.077
30350;43.989;3.625
30351;43.977;4.795
30352;43.796;4.101
30353;43.896;3.453
30354;43.938;4.153
30355;44.076;4.617
30356;43.826;4.434
31001;43.372;0.885
31002;43.335;1.586
31003;43.569;1.584
31004;43.429;1.594
31005;43.22;0.928
31006;43.556;1.783
31007;43.368;0.937
31008;43.352;0.81
31009;42.97;0.677
31010;42.831;0.588
31011;42.993;0.906
31012;43.001;0.731
31013;43.067;0.644
31014;42.959;0.727
31015;42.892;0.716
31017;42.874;0.695
31018;43.146;0.899
31019;42.826;0.64
31020;43.011;0.806
31021;43.07;0.72
31022;43.671;1.424
31023;43.19;0.813
31024;43.391;1.509
31025;43.48;1.457
31026;43.519;1.824
31027;43.346;1.375
31028;43.214;0.872
31029;43.535;1.681
31030;43.154;1.031
31031;43.092;0.59
31032;43.684;1.329
31033;43.36;1.477
31034;43.174;0.894
31035;43.529;1.487
31036;43.54;1.568
31037;43.377;1.773
31038;43.72;1.674
31039;43.249;0.942
31040;42.898;0.605
31041;42.98;0.624
31042;42.736;0.627
31043;43.202;0.563
31044;43.612;1.505
31045;43.035;0.622
31046;42.868;0.635
31047;43.225;1.288
31048;43.462;1.628
31049;43.736;1.52
31050;43.114;0.87
31051;43.455;1.106
31052;43.38;1.356
31053;43.653;1.559
31054;43.349;1.733
31055;43.468;1.771
31056;43.668;1.374
31057;43.504;1.57
31058;43.437;1.557
31059;43.134;1.03
31060;43.44;1.832
31061;43.676;1.1
31062;43.787;1.101
31063;43.259;0.918
31064;42.82;0.542
31065;43.378;1.171
31066;43.797;1.586
31067;42.939;0.702
31068;42.816;0.528
31069;43.642;1.379
31070;43.254;0.648
31071;43.341;1.162
31072;43.407;0.826
31073;43.843;1.544
31074;43.676;1.623
31075;43.544;1.137
31076;43.124;0.635
31077;43.896;1.539
31078;43.187;0.517
31079;43.796;1.419
31080;43.29;0.651
31081;42.861;0.487
31082;43.606;1.699
31083;43.242;0.875
31084;43.176;0.96
31085;42.915;0.77
31086;43.191;0.883
31087;43.488;1.07
31088;43.616;1.232
31089;43.706;1.196
31090;43.769;0.998
31091;43.727;1.409
31092;42.884;0.636
31093;43.79;1.146
31094;43.769;1.614
31095;43.034;0.74
31096;43.792;1.02
31097;43.522;1.869
31098;43.726;1.047
31099;43.32;1.707
31100;43.284;1.626
31101;43.462;1.179
31102;43.491;1.79
31103;43.216;1.333
31104;43.335;1.26
31105;43.501;1.714
31106;43.529;1.753
31107;43.301;1.218
31108;43.196;0.676
31109;43.231;0.799
31110;43.124;0.991
31111;43.236;1.343
31112;43.052;0.977
31113;43.514;1.504
31114;43.036;0.927
31115;43.352;0.902
31116;43.697;1.436
31117;43.684;1.538
31118;43.794;1.362
31119;43.309;1.015
31120;43.671;1.145
31121;43.276;0.782
31122;43.328;0.993
31123;42.74;0.558
31124;43.137;0.851
31125;42.824;0.508
31126;43.713;1.074
31127;42.847;0.522
31128;43.295;1.458
31129;42.803;0.582
31130;43.179;0.542
31131;42.988;0.725
31132;42.872;0.597
31133;42.752;0.532
31134;43.182;0.862
31135;43.22;1.093
31136;43.746;1.437
31137;43.458;1.744
31138;43.235;0.693
31139;42.941;0.665
31140;43.005;0.875
31141;43.254;0.742
31142;42.855;0.587
31143;43.058;0.627
31144;42.913;0.635
31145;43.307;1.536
31146;42.852;0.509
31147;43.114;0.616
31148;43.458;1.443
31149;43.612;1.327
31150;43.649;1.322
31151;43.472;1.49
31152;43.347;0.878
31153;43.196;1.094
31155;43.049;0.817
31156;43.76;1.042
31157;43.545;1.343
31158;43.104;0.516
31159;43.147;0.612
31160;43.687;1.266
31161;43.482;1.533
31162;43.473;1.551
31163;43.592;1.603
31164;43.762;1.098
31165;43.428;1.359
31166;43.537;1.079
31167;43.053;0.746
31168;43.278;0.882
31169;43.521;1.552
31170;43.272;0.757
31171;43.451;1.487
31172;43.261;0.812
31173;43.299;1.401
31174;43.034;0.844
31175;43.109;0.781
31176;42.941;0.636
31177;42.926;0.684
31178;43.312;0.893
31179;43.565;1.826
31180;43.481;1.846
31181;43.398;1.294
31182;43.685;1.39
31183;43.086;0.905
31184;43.598;1.554
31185;43.406;1.795
31186;43.68;1.435
31187;43.532;1.239
31188;43.555;1.197
31189;43.431;1.043
31190;42.86;0.748
31191;42.982;0.936
31192;43.498;1.622
31193;43.286;1.065
31194;43.587;1.748
31195;43.008;0.997
31196;43.262;0.988
31197;43.131;0.534
31198;43.19;0.932
31199;42.954;0.662
31200;42.963;0.666
31201;43.399;0.913
31202;43.852;1.379
31203;43.521;1.313
31204;43.301;0.984
31205;43.708;1.364
31206;43.257;1.456
31207;42.993;0.634
31208;43.064;0.837
31209;43.689;1.092
31210;43.385;1.678
31211;43.759;1.459
31212;43.713;1.552
31213;42.807;0.498
31215;43.618;1.637
31216;43.739;1.596
31217;42.999;0.669
31218;43.259;0.604
31219;43.216;1.143
31220;43.303;1.676
31221;42.781;0.477
31222;42.851;0.642
31223;43.379;0.957
31224;43.069;0.576
31225;43.214;1.174
31226;43.179;1.182
31227;43.482;1.426
31228;43.683;1.582
31229;43.326;1.123
31230;43.72;1.434
31231;43.311;1.449
31232;43.764;1.28
31233;43.408;1.453
31234;43.719;1.1
31235;42.886;0.607
31236;42.972;0.886
31237;43.065;0.966
31238;43.069;0.6
31239;43.381;0.834
31240;43.423;1.503
31241;43.013;0.75
31242;42.829;0.475
31243;43.447;1.794
31244;42.803;0.63
31245;42.97;0.757
31246;43.108;0.832
31247;43.081;0.671
31248;43.458;1.401
31249;43.483;1.664
31250;43.35;1.106
31251;43.333;0.936
31252;43.736;1.466
31253;43.457;1.237
31254;43.539;1.521
31255;43.042;0.592
31256;43.405;1.472
31258;43.281;1.282
31259;43.501;1.424
31260;43.165;0.913
31261;43.303;1.162
31262;43.345;1.697
31263;43.415;1.393
31264;43.337;1.405
31265;43.789;1.073
31266;43.44;1.066
31267;43.142;1.186
31268;43.187;0.7
31269;43.484;1.248
31270;43.13;0.778
31271;43.562;1.668
31272;43.205;1.311
31273;43.702;1.51
31274;43.171;0.722
31275;43.742;1.024
31276;43.196;0.614
31277;43.636;1.191
31278;43.172;0.782
31279;43.202;1.282
31280;43.249;1.291
31281;43.75;1.171
31282;43.67;1.455
31283;43.379;1.063
31284;43.558;1.567
31285;43.639;1.592
31286;43.253;1.115
31287;43.391;1.246
31288;43.834;1.563
31289;43.155;0.493
31290;42.879;0.6
31291;43.592;1.229
31292;43.245;1.005
31293;43.716;1.383
31294;43.066;0.762
31295;43.23;0.667
31296;43.119;0.902
31297;43.659;1.204
31299;43.429;1.223
31300;43.15;0.774
31301;43.285;0.81
31302;43.166;0.658
31303;43.357;1.214
31304;43.574;1.783
31305;43.14;0.576
31306;42.985;0.659
31308;43.013;0.627
31309;43.296;0.952
31310;43.431;1.781
31311;43.814;1.535
31312;43.246;1.251
31313;43.007;0.7
31314;43.167;0.942
31315;43.08;0.945
31316;42.895;0.666
31317;43.305;1.107
31318;43.213;0.962
31319;43.224;1.472
31320;43.31;1.26
31321;43.106;0.994
31322;43.395;0.885
31323;43.083;0.645
31324;43.202;1.001
31325;43.559;1.754
31326;43.222;1.367
31327;43.185;1.023
31328;43.456;1.682
31329;43.466;1.798
31330;43.321;1.434
31331;43.53;1.714
31332;43.359;1.539
31333;43.384;0.921
31334;43.376;1.303
31335;42.848;0.54
31336;43.132;0.964
31337;42.867;0.809
31338;43.679;1.188
31339;43.621;1.168
31340;43.506;1.473
31341;43.722;1.296
31342;42.978;0.828
31343;43.406;0.863
31344;43.091;0.756
31345;43.377;1.417
31346;43.824;1.578
31347;43.4;0.779
31348;42.973;0.702
31349;43.241;1.042
31350;43.29;0.708
31351;43.663;1.281
31352;43.632;1.562
31353;43.418;1.033
31354;43.332;1.663
31355;43.611;1.574
31356;43.68;1.235
31357;43.038;0.902
31358;43.722;1.589
31359;43.362;1.019
31360;42.79;0.623
31361;43.346;1.311
31362;43.16;1.155
31363;43.304;0.768
31364;43.72;1.489
31365;43.12;1.249
31366;43.456;1.52
31367;43.171;1.029
31368;43.363;1.714
31369;42.993;0.647
31370;43.282;0.985
31371;43.478;1.931
31372;43.086;0.86
31373;43.339;0.767
31374;43.407;1.628
31375;43.192;1.218
31376;43.059;0.932
31377;43.428;1.703
31378;43.255;0.718
31379;43.305;1.303
31380;43.343;1.642
31381;43.455;1.57
31382;43.45;1.068
31383;43.779;1.527
31384;43.485;1.581
31385;43.227;0.636
31386;43.231;0.906
31387;43.28;1.011
31388;43.705;1.642
31389;43.642;1.529
31390;43.089;0.558
31391;43.11;0.932
31392;43.489;1.699
31393;43.424;1.82
31394;42.815;0.592
31395;43.449;1.308
31396;43.365;1.613
31397;43.353;0.709
31398;43.23;0.596
31399;43.36;1.27
31400;43.493;1.934
31401;43.415;1.526
31402;43.522;1.593
31403;43.786;1.304
31404;42.742;0.496
31405;42.974;0.646
31406;43.194;1.06
31407;43.754;1.555
31408;43.034;0.717
31409;43.502;1.51
31410;43.711;1.459
31411;43.525;1.457
31412;43.318;0.704
31413;43.741;1.119
31414;43.288;0.912
31415;43.208;0.832
31416;43.326;1.185
31417;43.627;1.261
31418;43.622;1.536
31419;43.397;1.021
31420;43.503;1.394
31421;43.482;1.391
31422;43.161;1.059
31423;43.412;1.064
31424;43.558;1.286
31425;43.167;1.122
31426;43.091;0.626
31427;43.084;0.797
31428;43.32;0.952
31429;43.494;1.521
31430;43.112;0.596
31431;42.942;0.856
31432;42.811;0.471
31433;43.529;1.402
31434;42.828;0.493
31435;43.423;1.167
31436;43.336;1.049
31437;43.434;1.534
31439;43.52;1.632
31440;43.158;0.868
31441;43.572;1.73
31442;43.332;1.423
31443;43.37;0.753
31444;43.752;1.066
31445;43.582;1.542
31446;43.544;1.478
31447;42.963;0.814
31448;43.49;1.478
31449;43.053;0.718
31450;43.379;1.721
31451;43.466;1.997
31452;43.076;0.752
31453;43.412;1.803
31454;43.412;1.114
31455;43.256;1.206
31456;43.351;0.919
31457;43.16;0.987
31458;43.507;1.355
31459;43.734;1.638
31460;43.495;1.374
31461;43.056;0.883
31462;43.664;1.525
31463;43.465;1.936
31464;43.469;1.057
31465;42.818;0.568
31466;43.523;1.142
31467;43.693;1.413
31468;43.274;0.847
31469;43.352;1.004
31470;42.759;0.577
31471;42.905;0.685
31472;43.024;0.552
31473;43.781;1.192
31474;43.192;1.128
31475;43.476;1.209
31476;43.282;1.138
31477;43.196;0.849
31478;43.451;1.902
31479;43.339;0.736
31480;43.551;1.603
31481;43.481;1.137
31482;43.331;0.85
31483;43.12;0.727
31484;43.685;1.48
31485;43.469;1.725
31486;43.421;1.269
31487;43.157;0.69
31488;43.663;1.501
31489;43.698;1.618
31490;43.739;1.356
31491;43.494;1.894
31492;43.25;1.147
31493;43.222;0.74
31494;43.325;0.8
31495;43.397;1.563
31496;43.649;1.112
31497;43.698;1.48
31498;43.242;0.573
31499;43.51;1.2
31500;42.772;0.63
31501;43.657;1.615
31502;43.197;0.746
31503;43.143;0.937
31504;43.128;0.829
31505;43.159;1.086
31506;43.559;1.535
31507;43.7;1.221
31508;42.838;0.556
31509;42.986;0.68
31510;43.267;0.694
31511;43.637;1.642
31512;43.568;1.627
31513;43.168;0.57
31514;43.415;1.674
31515;43.803;1.328
31516;43.751;1.396
31517;43.325;1.341
31518;43.515;1.089
31519;43.44;1.758
31520;43.375;1.025
31521;43.028;0.968
31522;43.307;0.825
31523;43.101;0.963
31524;42.833;0.607
31525;43.276;1.172
31526;43.576;1.266
31527;43.548;1.8
31528;43.239;0.722
31529;43.267;0.95
31530;43.227;1.011
31531;43.215;0.595
31532;43.212;0.662
31533;43.479;1.36
31534;43.591;1.724
31535;43.034;0.673
31536;43.149;0.705
31537;43.122;0.804
31538;43.373;1.1
31539;43.148;0.543
31540;43.491;1.747
31541;43.69;1.357
31542;43.053;0.577
31543;43.352;0.976
31544;42.955;0.784
31545;43.155;0.837
31546;43.364;1.664
31547;43.499;1.287
31548;42.91;0.618
31549;42.811;0.642
31550;43.051;0.782
31551;43.512;1.676
31552;43.239;0.972
31553;43.71;1.153
31554;43.084;0.982
31555;43.596;1.432
31556;43.112;0.55
31557;43.578;1.335
31558;43.475;1.746
31559;42.804;0.569
31560;43.449;1.721
31561;43.654;1.484
31562;43.0;0.956
31563;43.791;1.484
31564;43.03;0.586
31565;43.088;0.701
31566;43.426;1.754
31567;43.595;1.65
31568;43.476;1.692
31569;43.425;2.001
31570;43.461;1.828
31571;43.591;1.765
31572;43.434;1.467
31573;43.664;1.677
31574;43.428;1.421
31575;43.528;1.438
31576;43.407;1.659
31577;43.687;1.067
31578;43.508;1.448
31579;43.751;1.491
31580;43.468;1.382
31581;43.832;1.436
31582;43.407;1.72
31583;43.829;1.497
31584;43.864;1.49
31585;43.122;0.67
31586;43.134;0.485
31587;43.774;1.424
31588;43.527;1.346
31589;43.438;1.663
31590;42.905;0.608
31591;43.111;1.031
31592;43.734;1.224
31593;43.348;0.953
32001;43.694;0.087
32002;43.687;0.781
32003;43.73;0.444
32004;43.705;-0.173
32005;43.741;-0.062
32007;43.724;0.999
32008;43.522;0.097
32009;43.573;0.187
32010;43.36;0.583
32012;43.654;0.785
32013;43.653;0.575
32014;43.724;0.774
32015;43.376;0.502
32016;43.559;1.074
32017;43.62;-0.202
32018;43.565;0.829
32019;43.58;0.632
32020;43.441;0.263
32021;43.831;0.902
32022;43.756;0.066
32023;43.883;0.802
32024;43.832;0.419
32025;43.858;-0.026
32026;43.81;0.766
32027;43.693;-0.213
32028;43.374;0.398
32029;43.622;0.448
32030;43.511;0.302
32031;43.794;0.136
32032;43.575;0.251
32033;43.669;0.317
32034;43.451;0.342
32035;43.837;0.376
32036;43.586;0.107
32037;43.938;0.291
32038;43.645;1.013
32039;43.433;0.157
32040;43.574;0.792
32041;43.427;0.632
32042;43.457;0.437
32043;43.688;0.248
32044;43.924;0.407
32045;43.472;0.4
32046;43.67;-0.221
32047;44.011;0.549
32048;43.445;0.683
32049;43.718;0.025
32050;43.419;0.21
32051;43.536;0.881
32052;43.82;0.349
32053;43.388;0.608
32054;43.695;0.404
32055;43.83;0.806
32056;43.674;0.808
32057;43.926;0.485
32058;43.459;0.194
32059;43.779;0.405
32060;43.562;0.62
32061;43.551;0.765
32062;43.828;-0.008
32063;43.688;0.028
32064;43.89;0.136
32065;43.66;0.395
32066;43.842;0.723
32067;43.357;0.61
32068;43.83;0.768
32069;43.42;0.842
32070;43.637;-0.027
32071;43.706;0.338
32072;43.632;0.265
32073;43.861;0.008
32075;43.904;0.345
32076;43.581;0.724
32077;43.616;0.296
32078;43.884;0.691
32079;43.944;0.102
32080;43.964;0.472
32081;43.673;0.137
32082;43.989;0.612
32083;43.802;0.433
32084;43.903;0.869
32085;43.982;0.723
32086;43.382;0.312
32087;43.869;-0.166
32088;43.731;0.219
32089;43.716;0.541
32090;43.564;0.984
32091;43.694;0.536
32092;43.656;0.962
32093;43.692;-0.109
32094;43.784;-0.071
32095;43.947;0.442
32096;43.925;-0.029
32097;43.656;0.266
32098;43.545;0.978
32099;43.448;0.174
32100;43.89;0.164
32101;43.815;0.699
32102;43.803;0.497
32103;43.351;0.545
32104;43.477;0.524
32105;43.623;1.014
32106;43.718;0.975
32107;43.972;0.374
32108;43.654;-0.185
32109;43.635;0.114
32110;43.843;0.241
32111;43.574;0.154
32112;43.716;0.731
32113;43.774;0.03
32114;43.352;0.451
32115;43.762;0.167
32116;43.341;0.42
32117;43.673;0.562
32118;43.539;0.566
32119;43.861;0.106
32120;43.694;1.032
32121;43.544;1.022
32122;43.416;0.552
32123;43.646;0.912
32124;43.429;0.87
32125;43.778;0.095
32126;43.4;0.279
32127;43.872;-0.104
32128;43.549;0.387
32129;43.835;0.85
32130;43.506;0.691
32131;44.021;0.792
32132;43.84;0.642
32133;43.995;0.229
32134;43.577;0.955
32135;43.686;0.006
32136;43.612;0.014
32138;43.418;0.907
32139;43.885;0.845
32140;43.475;0.826
32141;43.402;0.727
32142;43.777;0.659
32143;44.013;0.464
32144;43.602;0.197
32145;43.676;-0.187
32146;44.037;0.72
32147;43.621;0.881
32148;43.606;0.934
32149;43.879;0.26
32150;43.81;0.733
32151;43.617;-0.022
32152;43.416;0.162
32153;43.556;0.667
32154;43.812;0.85
32155;43.77;-0.185
32156;43.515;0.464
32157;43.616;0.784
32158;43.924;0.735
32159;43.585;0.415
32160;43.614;1.081
32161;43.655;-0.018
32162;43.757;0.445
32163;43.576;0.014
32164;43.542;0.122
32165;43.607;0.826
32166;43.815;0.302
32167;43.472;0.301
32169;43.471;0.578
32170;43.628;-0.164
32171;43.522;0.977
32172;43.537;0.51
32173;43.763;0.881
32174;43.551;0.084
32175;43.536;0.06
32176;43.969;0.566
32177;43.409;0.5
32178;43.842;0.322
32180;43.89;0.201
32181;43.416;0.251
32182;43.563;0.899
32183;43.658;0.68
32184;43.805;0.676
32185;43.327;0.64
32186;43.487;0.683
32187;43.562;0.452
32188;43.868;0.57
32189;43.899;-0.211
32190;43.808;0.225
32191;43.742;-0.103
32192;43.645;-0.223
32193;43.906;-0.056
32194;43.937;0.316
32195;43.988;0.546
32196;43.83;0.469
32197;43.976;0.282
32198;43.534;0.71
32199;43.63;0.061
32200;43.604;0.527
32201;43.573;0.576
32202;43.803;-0.115
32203;43.924;0.257
32204;43.765;0.52
32205;43.527;0.214
32206;43.421;0.995
32207;43.671;0.661
32208;43.94;0.651
32209;43.707;-0.134
32210;43.568;1.133
32211;43.863;-0.062
32212;44.042;0.484
32213;43.467;0.902
32214;43.744;0.032
32215;43.501;0.512
32216;43.457;0.546
32217;43.6;0.156
32218;43.657;0.079
32219;43.688;0.187
32220;43.735;-0.144
32221;43.62;0.74
32222;43.763;-0.116
32223;43.893;0.724
32224;43.888;0.4
32225;43.432;0.193
32226;43.367;0.37
32227;43.818;0.059
32228;43.334;0.605
32229;43.744;0.811
32230;43.875;0.331
32231;43.779;0.324
32232;43.76;0.765
32233;43.521;0.156
32234;43.584;1.016
32235;43.725;0.118
32236;43.882;-0.039
32237;43.648;0.724
32238;43.489;0.313
32239;43.941;0.536
32240;43.552;0.223
32241;43.892;0.506
32242;43.432;0.587
32243;43.906;-0.154
32244;43.686;-0.086
32245;43.609;-0.092
32246;43.843;-0.13
32247;43.585;0.917
32248;43.907;0.824
32249;43.732;0.866
32250;43.422;0.677
32251;43.751;0.55
32252;43.429;0.31
32253;43.995;0.759
32254;43.546;0.467
32255;43.776;0.688
32256;43.519;0.411
32257;43.624;0.384
32258;43.744;0.67
32260;43.381;0.717
32261;43.464;0.993
32262;43.665;1.031
32263;43.45;0.475
32264;43.914;-0.101
32265;43.523;0.341
32266;43.452;0.65
32267;43.495;0.64
32268;43.613;0.981
32269;43.791;0.825
32270;43.502;0.811
32271;43.854;-0.189
32272;43.348;0.512
32273;43.496;0.217
32274;43.824;-0.147
32275;43.464;0.245
32276;43.436;0.904
32277;43.488;0.855
32278;43.4;0.422
32279;43.702;0.665
32280;43.332;0.578
32281;43.388;0.372
32282;43.642;0.669
32283;43.383;0.226
32284;43.438;0.96
32285;43.578;0.332
32286;43.794;0.628
32287;43.392;0.682
32288;43.588;0.857
32289;43.389;0.977
32290;43.951;0.2
32291;43.796;-0.151
32292;43.9;0.306
32293;43.557;0.422
32294;43.801;0.288
32295;43.496;0.988
32296;43.761;-0.031
32297;43.532;0.936
32298;43.69;0.718
32299;43.804;0.161
32300;43.546;0.616
32301;43.684;0.477
32302;43.513;0.597
32303;43.503;0.267
32304;43.385;0.568
32305;43.828;-0.076
32306;43.884;0.621
32307;43.606;0.59
32308;43.461;1.026
32309;43.479;0.791
32310;43.777;-0.14
32311;44.055;0.596
32312;43.609;0.665
32313;43.858;0.882
32314;43.996;0.81
32315;43.63;0.222
32316;43.739;0.557
32317;43.628;0.176
32318;43.787;0.709
32319;43.601;0.044
32320;43.953;0.743
32321;43.534;0.839
32322;43.516;1.004
32323;43.459;0.37
32324;43.35;0.479
32325;43.659;0.037
32326;43.544;0.302
32327;43.465;0.612
32328;44.038;0.521
32329;43.794;0.572
32330;43.602;0.001
32331;43.721;0.637
32332;43.728;0.269
32333;43.607;-0.233
32334;43.59;1.171
32335;43.747;0.747
32336;43.444;0.935
32337;43.773;0.591
32338;43.81;0.189
32339;43.645;0.986
32340;43.871;0.038
32341;43.814;0.55
32342;43.489;0.178
32343;43.654;0.338
32344;43.645;-0.078
32345;43.987;0.504
32346;43.709;0.295
32347;43.757;0.588
32348;43.724;0.593
32349;43.664;0.985
32350;43.908;0.468
32351;43.841;0.298
32352;43.802;0.36
32353;43.442;0.812
32354;43.71;0.052
32355;43.396;0.343
32356;43.559;0.858
32357;43.745;0.968
32358;44.04;0.828
32359;43.72;0.822
32360;43.624;0.347
32361;43.436;0.52
32362;43.573;0.057
32363;43.371;0.429
32364;43.983;0.66
32365;43.35;0.657
32366;43.783;0.769
32367;43.526;0.261
32368;43.757;0.632
32369;43.794;-0.005
32370;43.893;0.761
32371;43.917;0.793
32372;43.698;0.989
32373;43.416;0.365
32374;43.496;0.768
32375;43.428;0.473
32376;43.773;0.794
32377;43.735;0.93
32378;43.675;-0.147
32379;43.674;0.958
32380;43.724;-0.096
32381;43.574;0.515
32382;43.734;0.381
32383;43.483;0.149
32384;43.72;0.498
32385;43.858;0.77
32386;43.41;0.947
32387;43.44;1.006
32388;43.672;0.866
32389;43.508;0.374
32390;43.711;-0.064
32391;44.003;0.575
32392;43.52;0.81
32393;43.486;0.347
32394;43.484;0.462
32395;44.002;0.684
32396;44.034;0.569
32397;43.432;0.406
32398;43.644;-0.14
32399;43.713;0.916
32400;43.912;0.438
32401;43.376;0.465
32402;43.78;0.372
32403;43.649;0.162
32404;43.868;0.459
32405;43.842;0.586
32406;43.7;0.812
32407;43.508;0.861
32408;43.811;-0.043
32409;43.392;0.531
32410;43.494;0.935
32411;43.528;0.613
32412;43.524;0.76
32413;43.37;0.682
32414;43.684;-0.05
32415;43.365;0.34
32416;43.77;0.928
32417;43.849;0.534
32418;43.455;0.848
32419;43.41;0.457
32420;43.449;0.968
32421;43.486;1.01
32422;43.557;0.198
32423;43.751;0.114
32424;43.63;-0.261
32425;43.631;1.132
32426;43.498;0.572
32427;43.463;0.173
32428;43.504;0.735
32429;44.021;0.641
32430;43.405;0.646
32431;43.762;0.821
32432;43.512;1.046
32433;43.457;0.737
32434;43.738;0.007
32435;43.703;0.954
32436;43.803;0.887
32437;43.714;-0.016
32438;43.472;0.66
32439;43.668;-0.112
32440;43.638;0.011
32441;43.786;0.742
32442;43.902;0.555
32443;43.674;-0.014
32444;43.682;0.992
32445;43.552;0.032
32446;43.478;0.265
32447;43.546;0.794
32448;43.687;0.918
32449;43.822;-0.178
32450;43.547;0.16
32451;43.424;0.792
32452;43.862;0.828
32453;43.749;0.701
32454;43.531;0.65
32455;43.455;0.22
32456;43.682;0.287
32457;43.863;0.713
32458;43.738;-0.022
32459;43.868;0.364
32460;43.724;-0.188
32461;43.6;-0.2
32462;43.762;0.298
32463;43.6;-0.139
32464;43.4;0.201
32465;43.421;0.734
32466;43.395;0.47
32467;43.595;0.793
32468;43.375;0.641
33001;45.011;-0.13
33002;44.484;-0.066
33003;44.944;-0.501
33004;45.012;-0.548
33005;44.754;-1.081
33006;45.212;-0.638
33007;44.671;-0.403
33008;44.673;-0.255
33009;44.653;-1.174
33010;45.077;-0.71
33011;44.795;-1.079
33012;44.988;-0.701
33013;44.86;-0.49
33014;44.973;-0.14
33015;44.892;-0.277
33016;44.948;-0.426
33017;44.471;-0.244
33018;45.022;-0.405
33019;44.714;-0.944
33020;44.737;0.044
33021;44.508;-0.164
33022;45.005;-0.761
33023;44.702;-0.484
33024;44.619;-0.049
33025;44.724;-0.194
33026;44.486;-0.449
33027;44.571;-0.112
33028;44.824;-0.318
33029;44.627;-0.747
33030;44.602;-0.324
33031;44.56;-0.093
33032;44.908;-0.526
33033;44.728;-0.434
33034;45.068;-0.21
33035;45.043;-0.61
33036;44.442;-0.212
33037;44.703;-0.459
33038;45.367;-0.896
33039;44.802;-0.548
33040;44.649;-0.325
33042;44.486;-0.787
33043;44.738;-0.222
33044;44.768;-0.174
33045;44.878;-0.028
33046;44.363;-0.26
33047;45.117;-0.574
33048;44.483;-0.128
33049;44.872;-0.371
33050;44.538;-0.154
33051;44.661;-0.949
33052;44.962;-0.243
33053;44.412;-0.144
33054;44.551;-0.054
33055;45.323;-0.866
33056;44.923;-0.612
33057;44.75;-0.089
33058;45.128;-0.67
33059;44.777;-0.255
33060;44.553;-0.345
33061;44.819;-0.411
33062;45.007;-0.222
33063;44.857;-0.574
33064;44.792;-0.052
33065;44.816;-0.505
33066;44.559;0.006
33067;45.04;-0.547
33068;44.358;-0.472
33069;44.866;-0.602
33070;45.041;-0.948
33071;44.828;-0.18
33072;44.522;-0.152
33073;45.254;-0.646
33074;44.488;-0.178
33075;44.889;-0.6
33076;44.535;-0.4
33077;44.592;-0.55
33078;44.83;-0.161
33079;44.862;-0.284
33080;44.746;-0.529
33081;44.641;-0.305
33082;44.962;-0.373
33083;44.826;-0.369
33084;44.74;-0.462
33085;44.766;-0.476
33086;44.796;-0.292
33087;44.635;-0.068
33088;45.016;-0.035
33089;45.184;-0.56
33090;44.76;-0.657
33093;44.717;-0.328
33094;44.767;0.151
33095;44.254;-0.284
33096;44.902;-0.501
33097;45.085;-1.049
33098;44.682;-0.322
33099;44.81;-0.472
33100;45.128;-0.617
33101;45.191;-0.578
33102;44.589;-0.119
33103;44.68;-0.012
33104;45.008;-0.813
33105;44.667;-0.152
33106;44.556;-0.141
33108;44.862;-0.029
33109;44.686;-0.455
33111;44.585;-0.145
33112;44.696;-0.011
33113;44.417;-0.071
33114;45.096;-0.382
33115;44.33;-0.394
33116;44.473;-0.203
33117;44.715;0.011
33118;44.783;-0.457
33119;44.855;-0.521
33120;44.627;-0.34
33121;44.742;-0.185
33122;44.724;-0.727
33123;45.086;-0.431
33124;45.098;-0.09
33125;45.22;-0.849
33126;45.111;-0.461
33127;44.83;-0.078
33128;45.344;-0.916
33129;44.719;-0.038
33130;44.5;-0.213
33131;44.686;-0.172
33132;45.067;-0.594
33133;44.784;0.053
33134;45.344;-0.848
33135;44.755;-0.186
33136;44.652;0.127
33137;44.379;-0.007
33138;45.039;-0.105
33139;44.652;0.032
33140;44.77;-0.344
33141;44.821;-0.344
33142;45.073;-0.42
33143;44.97;-0.446
33144;44.378;-0.188
33145;44.796;-0.335
33146;45.12;-0.726
33147;44.796;-0.236
33148;44.784;-0.24
33149;44.71;-0.134
33150;44.678;0.104
33151;45.234;-0.445
33152;44.649;-0.257
33153;44.792;-0.001
33154;45.093;-0.033
33155;44.313;-0.208
33156;44.679;-0.276
33157;44.796;-0.265
33158;44.61;-0.065
33159;45.221;-0.582
33160;44.82;0.149
33161;45.194;-0.61
33162;44.88;-0.648
33163;44.764;-0.229
33164;44.535;-0.295
33165;44.82;-0.44
33166;45.055;-0.036
33167;44.834;-0.521
33168;44.832;0.024
33169;44.57;-0.063
33170;44.555;-0.028
33171;44.597;0.05
33172;45.175;-0.633
33173;44.943;-0.001
33174;44.922;-0.28
33175;44.73;-0.144
33176;44.616;-0.263
33177;45.313;-0.988
33178;44.436;-0.135
33179;44.99;-0.277
33180;44.454;-0.132
33181;44.895;-0.017
33182;45.064;-0.629
33183;45.046;-0.396
33184;45.174;-0.546
33185;44.86;-0.249
33186;44.795;0.084
33187;44.591;-0.088
33188;44.266;-0.163
33189;44.663;-0.184
33190;44.317;-0.121
33191;44.998;0.026
33192;44.771;-0.616
33193;45.435;-1.109
33194;44.817;-0.219
33195;44.41;-0.026
33196;44.804;-0.211
33197;44.552;-0.519
33198;45.043;-0.187
33199;44.594;-1.084
33200;44.869;-0.684
33201;44.736;-0.366
33202;44.485;-0.657
33203;45.181;-1.066
33204;44.537;-0.005
33205;44.607;-0.38
33206;44.727;-0.474
33207;44.922;-0.356
33208;45.415;-0.963
33209;44.779;-0.149
33210;44.814;0.054
33211;45.014;-0.64
33212;44.448;-0.083
33213;44.68;-0.537
33214;44.983;-1.108
33215;44.703;-0.247
33216;44.469;-0.136
33218;45.078;-0.161
33219;44.984;-0.38
33220;45.094;-0.711
33221;44.564;0.061
33222;44.957;-0.206
33223;44.742;0.161
33224;44.654;-0.021
33225;44.567;-0.443
33226;44.708;-0.374
33227;44.538;-0.242
33228;45.064;-0.535
33229;44.774;-0.977
33230;45.111;-0.286
33231;44.66;-0.306
33232;44.253;-0.091
33233;45.124;-0.344
33234;44.79;-0.501
33235;44.391;-0.116
33236;44.761;-1.193
33237;44.507;-0.356
33238;44.719;-0.615
33239;44.34;-0.152
33240;45.282;-0.935
33241;44.692;-0.38
33242;44.783;0.185
33243;44.913;-0.235
33244;44.433;-0.277
33245;44.795;-0.429
33246;44.792;0.263
33247;44.761;0.034
33248;45.068;-0.829
33249;44.877;-0.52
33250;44.626;-0.023
33251;44.513;-0.571
33252;44.81;-0.391
33253;44.628;-0.287
33254;44.541;-0.044
33255;44.294;-0.341
33256;44.98;-0.591
33257;44.813;-0.194
33258;44.756;-0.155
33259;44.952;-0.355
33260;44.469;-0.915
33261;44.967;-0.094
33262;45.005;-0.613
33263;44.758;-0.397
33264;45.073;-0.254
33266;45.06;-0.345
33268;45.047;-0.672
33269;44.766;0.256
33270;44.41;-0.258
33271;44.374;-0.089
33272;45.063;-0.376
33273;44.845;-0.796
33274;44.715;-0.557
33275;44.707;-0.168
33276;44.403;-0.059
33277;44.77;0.101
33278;44.746;-0.024
33279;44.504;-0.25
33280;45.169;-0.606
33281;44.832;-0.682
33282;44.785;-0.084
33283;44.644;-0.011
33284;44.618;-0.895
33285;45.078;-0.547
33287;44.572;0.026
33288;44.631;-0.255
33289;44.646;0.089
33290;44.932;-0.127
33291;44.581;0.005
33292;44.713;-0.218
33293;44.883;-0.429
33294;44.614;-0.098
33295;45.006;-0.348
33296;44.833;-0.022
33297;45.053;-0.784
33298;44.858;-0.221
33299;44.645;-0.212
33300;45.261;-1.056
33301;44.788;-0.184
33302;44.944;-0.178
33303;44.843;-0.285
33304;44.648;0.012
33305;44.47;-0.281
33306;44.517;-0.023
33307;44.48;-0.36
33308;44.656;-0.287
33309;45.307;-0.843
33310;44.504;-0.51
33311;44.686;-0.362
33312;44.954;-0.581
33314;45.199;-0.758
33315;45.065;-0.088
33316;44.738;0.095
33317;45.024;-0.317
33318;44.792;-0.676
33319;44.818;0.094
33320;44.981;-0.056
33321;45.048;-0.431
33322;44.956;-0.671
33323;44.582;-0.217
33324;44.824;0.233
33325;45.098;-0.651
33326;45.327;-0.582
33327;44.646;-0.359
33328;44.931;-0.205
33329;44.4;-0.299
33330;44.854;-0.432
33331;44.532;-0.08
33332;45.037;0.001
33333;44.867;-1.141
33334;44.681;-0.426
33335;44.804;-0.357
33336;44.387;-0.368
33337;44.57;-0.31
33339;45.026;-0.495
33341;45.084;-0.499
33342;44.933;-0.063
33343;44.571;-0.353
33344;44.806;-0.033
33345;44.66;0.06
33346;44.548;-0.069
33347;44.982;-0.002
33348;45.361;-1.001
33349;44.751;-0.491
33350;44.782;-0.131
33351;45.229;-0.517
33352;44.586;-0.042
33353;44.674;0.014
33354;44.751;0.203
33355;44.668;-0.336
33356;44.938;-0.316
33357;44.506;-0.285
33358;44.764;-0.204
33359;44.626;0.021
33360;44.785;0.232
33361;44.774;-0.033
33362;45.024;-0.183
33363;44.783;-0.39
33364;44.957;-0.271
33365;44.948;-0.297
33366;44.996;-0.436
33367;44.607;-0.187
33369;44.81;0.199
33370;45.202;-0.686
33372;44.762;0.009
33373;45.047;0.046
33374;45.259;-0.573
33375;44.811;-0.168
33376;44.933;-0.748
33377;44.812;0.12
33378;44.848;0.275
33379;44.694;-0.141
33380;45.288;-0.567
33381;44.754;-0.428
33382;45.144;-0.496
33383;45.357;-0.834
33384;44.897;-0.12
33385;45.084;0.023
33386;44.938;-0.023
33387;45.035;-0.289
33388;45.087;-0.602
33389;45.298;-0.648
33390;44.879;-0.064
33391;44.425;-0.174
33392;44.598;-0.272
33393;44.988;-0.184
33394;44.9;-0.17
33395;45.251;-0.782
33396;44.881;-0.094
33397;44.902;-0.479
33398;44.633;-0.1
33399;44.652;-0.105
33400;44.695;0.062
33401;44.817;-0.092
33402;44.841;0.218
33403;44.616;-0.142
33404;44.618;0.074
33405;45.161;-0.668
33406;44.9;-0.064
33407;45.027;-0.346
33408;44.754;-0.379
33409;44.7;-0.184
33411;44.623;-0.218
33412;45.255;-0.895
33413;44.852;-0.334
33414;44.944;-0.331
33415;45.017;-0.467
33416;45.147;-0.538
33417;44.973;-0.914
33418;44.603;0.005
33419;44.661;-0.074
33420;44.874;-0.121
33421;44.809;-0.132
33422;44.793;-0.819
33423;45.157;-0.737
33424;45.14;-0.862
33425;45.043;-0.466
33426;44.873;-0.138
33427;44.641;-0.138
33428;44.626;-0.117
33429;44.43;-0.441
33431;44.767;-0.276
33432;44.553;-0.169
33433;44.922;-0.431
33434;44.958;-0.533
33435;44.563;-0.232
33436;44.554;-0.658
33437;44.856;-0.074
33438;44.577;-0.246
33439;45.121;-0.405
33440;44.633;-0.178
33441;45.143;-0.643
33442;45.034;-0.232
33443;44.648;-0.044
33444;44.587;-0.165
33445;45.02;-0.259
33446;44.673;-0.035
33447;45.01;-0.07
33448;44.711;-0.509
33449;44.883;-0.784
33450;44.29;-0.087
33451;44.926;-0.303
33452;44.625;-0.442
33453;44.588;0.078
33454;44.642;-0.52
33456;45.31;-0.598
33457;44.552;-0.189
33458;45.15;-0.59
33459;44.855;-0.118
33460;44.817;-0.064
33461;44.916;-0.038
33462;44.824;0.254
33463;44.579;-0.193
33464;44.67;-0.22
33465;44.546;-0.213
33466;44.818;-0.281
33467;44.795;0.137
33468;44.803;0.024
33470;44.96;-0.41
33471;45.195;-0.819
33472;44.996;-0.032
33473;45.164;-0.441
33474;44.655;-0.473
33475;45.052;-0.582
33476;45.291;-0.802
33477;45.158;-0.627
33478;45.011;-0.001
33479;44.607;-0.024
33480;44.861;-0.188
33481;44.63;0.048
33482;44.676;-0.114
33483;44.901;-0.386
33484;44.423;-0.54
33485;44.834;-0.12
33486;45.09;-0.58
33487;44.974;-0.481
33488;44.799;-0.112
33489;45.104;-0.508
33490;45.445;-1.025
33491;44.616;0.117
33492;45.152;-0.405
33493;45.326;-0.814
33494;44.928;-0.846
33496;44.844;-0.393
33498;44.542;-0.884
33499;44.914;0.006
33500;45.071;-0.572
33501;44.651;-0.632
33502;45.185;-0.501
33503;44.912;-1.005
33504;44.531;-0.342
33505;44.763;-0.312
33506;44.7;-0.077
33507;44.4;-0.184
33508;44.515;-0.109
33509;44.987;-0.24
33510;44.613;-0.233
33511;44.427;-0.094
33512;44.455;-0.033
33513;44.369;-0.059
33514;45.493;-1.109
33515;44.697;-0.288
33516;44.736;0.011
33517;45.056;-0.698
33518;44.724;-0.411
33519;44.911;-0.681
33520;44.652;0.158
33521;45.476;-1.062
33522;44.806;-0.591
33523;44.734;-0.268
33524;44.976;-0.355
33525;45.054;-0.506
33526;44.96;-0.024
33527;44.578;-1.024
33528;44.864;-0.959
33529;44.556;-1.175
33530;45.096;-0.547
33531;44.825;-0.243
33532;45.07;-0.314
33533;44.564;-0.275
33534;44.717;-0.397
33535;44.842;-0.47
33536;44.449;-0.6
33537;44.433;-0.325
33538;45.391;-0.901
33539;44.891;-0.326
33540;45.34;-1.101
33541;45.399;-1.074
33542;44.994;-0.337
33543;44.592;-0.248
33544;45.539;-1.08
33545;45.254;-0.845
33546;44.85;-0.15
33547;44.45;-0.381
33548;44.973;-0.313
33549;44.69;-0.34
33550;44.773;-0.558
33551;45.081;-0.64
33552;44.652;-0.395
33553;45.026;-0.435
33554;44.88;-0.466
33555;44.703;-0.856
34001;43.458;3.299
34002;43.536;3.426
34003;43.309;3.484
34004;43.348;2.854
34005;43.901;3.726
34006;43.326;2.793
34007;43.348;2.825
34008;43.57;3.071
34009;43.469;3.339
34010;43.684;3.593
34011;43.721;3.474
34012;43.725;3.674
34013;43.567;3.448
34014;43.71;3.898
34015;43.4;2.887
34016;43.578;3.617
34017;43.464;3.47
34018;43.5;3.168
34019;43.748;3.105
34020;43.324;2.745
34021;43.438;2.893
34022;43.658;4.01
34023;43.447;3.691
34024;43.466;3.697
34025;43.408;3.254
34026;43.304;2.768
34027;43.73;4.021
34028;43.613;3.167
34029;43.554;3.5
34030;43.499;2.95
34031;43.357;3.417
34032;43.348;3.231
34033;43.752;4.076
34034;43.402;2.69
34035;43.654;3.644
34036;43.696;3.387
34037;43.38;3.263
34038;43.702;3.152
34039;43.445;3.657
34040;43.641;3.254
34041;43.622;3.471
34042;43.868;3.705
34043;43.772;3.995
34044;43.535;3.122
34045;43.578;3.348
34046;43.626;2.89
34047;43.541;3.492
34048;43.786;4.034
34049;43.69;3.112
34050;43.618;4.064
34051;43.598;3.483
34052;43.322;3.048
34053;43.63;3.22
34054;43.397;2.602
34055;43.674;2.955
34056;43.435;3.471
34057;43.638;3.913
34058;43.689;3.979
34059;43.367;2.787
34060;43.793;3.629
34061;43.468;3.091
34062;43.548;3.156
34063;43.504;3.368
34064;43.872;3.312
34065;43.423;3.028
34066;43.764;3.795
34067;43.918;3.691
34068;43.502;3.457
34069;43.398;3.1
34070;43.406;2.988
34071;43.809;3.092
34072;43.666;3.36
34073;43.33;3.317
34074;43.454;3.041
34075;43.331;2.704
34076;43.65;3.46
34077;43.662;3.887
34078;43.857;3.876
34079;43.634;3.413
34080;43.585;3.011
34081;43.315;3.144
34082;43.672;3.78
34083;43.602;3.048
34084;43.402;3.196
34085;43.451;3.275
34086;43.489;2.693
34087;43.54;3.703
34088;43.569;3.706
34089;43.377;3.0
34090;43.654;3.936
34091;43.88;3.363
34092;43.352;2.934
34093;43.669;3.221
34094;43.437;3.258
34095;43.534;3.772
34096;43.569;3.184
34097;43.354;2.582
34098;43.419;2.642
34099;43.868;3.8
34100;43.483;2.904
34101;43.386;3.464
34102;43.794;3.918
34103;43.542;3.39
34104;43.568;3.242
34105;43.506;3.237
34106;43.751;3.356
34107;43.593;2.797
34108;43.448;3.749
34109;43.518;3.264
34110;43.782;4.008
34111;43.946;3.705
34112;43.798;4.01
34113;43.494;3.724
34114;43.639;3.574
34115;43.884;3.625
34116;43.651;3.794
34117;43.686;3.085
34118;43.729;3.924
34119;43.592;3.118
34120;43.663;3.912
34121;43.766;3.183
34122;43.674;3.478
34123;43.624;3.796
34124;43.657;3.423
34125;43.675;3.532
34126;43.596;3.084
34127;43.636;4.083
34128;43.926;3.733
34129;43.564;3.902
34130;43.522;3.2
34131;43.831;3.882
34132;43.792;3.278
34133;43.693;3.271
34134;43.585;3.802
34135;43.274;3.17
34136;43.492;3.44
34137;43.64;3.36
34138;43.592;3.409
34139;43.412;3.231
34140;43.382;3.173
34141;43.337;2.633
34142;43.731;3.306
34143;43.449;3.626
34144;43.709;3.206
34145;43.682;4.136
34146;43.683;4.084
34147;43.481;3.217
34148;43.371;3.154
34149;43.486;3.304
34150;43.361;3.547
34151;43.627;4.148
34152;43.788;3.774
34153;43.728;3.807
34154;43.593;4.004
34155;43.352;3.102
34156;43.636;3.28
34157;43.429;3.578
34158;43.363;2.722
34159;43.517;3.803
34160;43.57;2.963
34161;43.328;3.114
34162;43.474;3.511
34163;43.647;3.7
34164;43.748;3.96
34165;43.533;3.672
34166;43.371;3.358
34167;43.29;3.026
34168;43.562;3.272
34169;43.669;3.864
34170;43.335;2.906
34171;43.919;3.802
34172;43.613;3.868
34173;43.711;3.502
34174;43.95;3.756
34175;43.616;3.351
34176;43.64;4.036
34177;43.702;3.757
34178;43.458;3.136
34179;43.61;3.739
34180;43.6;3.437
34181;43.539;3.334
34182;43.422;3.404
34183;43.281;3.112
34184;43.514;3.42
34185;43.832;3.757
34186;43.657;3.296
34187;43.54;2.918
34188;43.708;3.298
34189;43.281;2.737
34190;43.289;2.776
34191;43.437;3.185
34192;43.534;3.926
34193;43.445;2.837
34194;43.538;3.459
34195;43.805;3.576
34196;43.813;3.335
34197;43.575;3.398
34198;43.561;3.952
34199;43.463;3.416
34200;43.599;3.245
34201;43.441;2.964
34202;43.586;3.749
34203;43.409;3.512
34204;43.559;3.53
34205;43.756;3.266
34206;43.305;3.09
34207;43.397;3.515
34208;43.624;3.533
34209;43.302;3.348
34210;43.592;3.517
34211;43.583;3.054
34212;43.772;3.319
34213;43.494;3.661
34214;43.479;3.273
34215;43.62;3.509
34216;43.633;3.096
34217;43.707;3.865
34218;43.459;2.976
34219;43.54;2.823
34220;43.683;3.325
34221;43.725;3.606
34222;43.567;3.504
34223;43.438;3.208
34224;43.454;3.238
34225;43.377;3.046
34226;43.351;2.981
34227;43.724;4.041
34228;43.422;2.732
34229;43.502;2.798
34230;43.856;3.264
34231;43.818;3.239
34232;43.506;3.01
34233;43.796;3.208
34234;43.55;3.226
34235;43.628;2.992
34236;43.826;3.816
34237;43.511;3.309
34238;43.854;3.65
34239;43.65;3.503
34240;43.635;3.966
34241;43.61;3.559
34242;43.776;3.95
34243;43.901;3.759
34244;43.667;4.038
34245;43.421;2.931
34246;43.724;4.072
34247;43.686;3.843
34248;43.768;3.91
34249;43.728;3.978
34250;43.528;2.865
34251;43.784;3.385
34252;43.66;3.104
34253;43.839;3.314
34254;43.661;3.469
34255;43.69;3.81
34256;43.697;4.038
34257;43.688;3.003
34258;43.469;3.175
34259;43.617;3.774
34260;43.667;3.05
34261;43.757;3.545
34262;43.678;3.451
34263;43.753;4.019
34264;43.834;3.605
34265;43.745;4.003
34266;43.752;3.834
34267;43.694;3.546
34268;43.71;3.43
34269;43.4;2.819
34270;43.572;3.832
34271;43.585;2.902
34272;43.656;4.112
34273;43.58;2.985
34274;43.793;3.708
34276;43.769;3.87
34277;43.845;3.506
34278;43.841;3.406
34279;43.518;3.08
34280;43.635;4.117
34281;43.531;3.544
34282;43.615;3.679
34283;43.794;3.422
34284;43.479;2.748
34285;43.509;3.512
34286;43.751;3.432
34287;43.702;3.466
34288;43.736;4.105
34289;43.393;3.401
34290;43.711;3.877
34291;43.56;2.873
34292;43.622;3.312
34293;43.602;2.687
34294;43.714;4.117
34295;43.569;3.781
34296;43.759;4.05
34297;43.831;3.919
34298;43.291;3.254
34299;43.273;3.297
34300;43.414;3.306
34301;43.392;3.647
34302;43.33;2.663
34303;43.891;3.406
34304;43.78;3.352
34305;43.543;2.69
34306;43.726;3.35
34307;43.709;3.994
34308;43.633;3.076
34309;43.685;3.928
34310;43.413;3.158
34311;43.443;3.373
34312;43.656;3.151
34313;43.573;3.487
34314;43.737;3.857
34315;43.522;3.467
34316;43.728;3.399
34317;43.794;3.481
34318;43.829;3.951
34319;43.554;3.3
34320;43.664;3.728
34321;43.672;4.059
34322;43.802;3.862
34323;43.6;3.3
34324;43.248;3.289
34325;43.419;3.361
34326;43.39;2.745
34327;43.661;3.963
34328;43.579;3.562
34329;43.258;3.227
34331;43.449;2.679
34332;43.313;3.399
34333;43.486;3.803
34334;43.54;3.001
34335;43.619;3.121
34336;43.317;3.29
34337;43.525;3.858
34338;43.61;3.401
34339;43.382;2.911
34340;43.724;4.137
34341;43.5;3.594
34342;43.745;3.74
34343;43.737;3.692
34344;43.568;4.076
35001;48.146;-1.519
35002;48.0;-1.496
35003;48.298;-1.596
35004;48.462;-1.479
35005;47.927;-1.295
35006;48.048;-1.138
35007;48.299;-1.63
35008;47.958;-1.185
35009;48.505;-1.772
35010;48.55;-1.691
35012;47.83;-1.676
35013;47.712;-2.075
35014;48.011;-1.306
35015;48.178;-1.183
35016;47.995;-1.928
35017;48.313;-1.897
35018;48.444;-1.11
35019;48.441;-1.564
35021;48.347;-1.156
35022;48.296;-1.943
35023;48.187;-1.95
35024;48.181;-1.646
35025;48.294;-1.252
35026;48.116;-2.116
35027;48.166;-2.084
35028;47.976;-1.397
35029;48.471;-1.761
35030;47.868;-1.588
35031;48.174;-1.436
35032;47.989;-1.622
35033;47.921;-1.722
35034;48.517;-1.649
35035;47.956;-1.96
35037;48.045;-1.866
35038;48.092;-1.061
35039;48.111;-1.49
35040;48.138;-1.91
35041;47.951;-1.551
35042;48.011;-1.098
35044;48.476;-1.661
35045;47.814;-2.006
35046;47.891;-2.057
35047;48.026;-1.748
35049;48.684;-1.865
35050;48.285;-1.894
35051;48.12;-1.597
35052;48.139;-1.302
35054;47.954;-1.625
35055;48.082;-1.604
35056;48.382;-1.818
35057;47.937;-1.923
35058;48.266;-1.864
35059;48.177;-1.741
35060;48.222;-1.993
35061;48.14;-1.09
35062;48.335;-1.085
35063;48.31;-1.314
35064;47.697;-1.934
35065;48.125;-1.858
35066;48.045;-1.706
35067;48.235;-1.572
35068;48.12;-1.404
35069;48.044;-1.5
35070;48.558;-1.929
35071;48.426;-1.246
35072;48.229;-1.166
35075;48.377;-1.452
35076;48.056;-1.786
35077;47.855;-1.244
35078;48.595;-1.715
35079;48.225;-1.637
35080;48.109;-1.887
35081;48.179;-1.854
35082;47.872;-1.416
35084;47.872;-2.088
35085;48.408;-1.745
35086;48.266;-1.265
35087;48.082;-1.314
35088;47.982;-1.57
35089;47.894;-1.502
35090;47.93;-1.657
35091;48.21;-2.15
35092;48.441;-1.656
35093;48.624;-2.062
35094;48.347;-1.711
35095;48.536;-1.741
35096;48.068;-1.406
35097;47.999;-1.239
35098;47.763;-1.673
35099;48.067;-1.543
35101;48.193;-1.379
35102;47.902;-1.261
35103;47.824;-1.252
35104;48.5;-1.703
35105;48.109;-1.117
35106;47.818;-1.583
35107;48.254;-1.517
35108;47.948;-1.43
35109;48.07;-1.216
35110;48.328;-1.626
35111;48.486;-1.295
35114;47.862;-1.294
35115;48.352;-1.194
35116;48.587;-1.835
35117;48.118;-2.228
35118;48.288;-1.528
35119;47.998;-1.133
35120;48.213;-1.799
35121;48.25;-1.459
35122;48.603;-1.887
35123;48.009;-1.838
35124;47.734;-1.728
35125;47.944;-1.244
35126;47.965;-1.79
35127;47.924;-1.862
35128;48.292;-1.724
35130;48.302;-1.778
35131;48.122;-1.817
35132;48.595;-1.809
35133;48.114;-2.024
35134;48.294;-1.867
35135;48.246;-1.95
35136;47.943;-1.5
35137;48.317;-1.206
35138;48.38;-1.152
35139;47.967;-1.714
35140;47.856;-1.522
35141;48.161;-1.285
35142;48.413;-1.148
35143;48.248;-2.009
35144;48.236;-1.846
35145;47.734;-1.872
35146;48.255;-1.809
35148;48.391;-1.691
35149;47.972;-1.864
35150;48.36;-1.221
35151;47.852;-1.929
35152;48.204;-1.514
35153;48.571;-1.856
35154;48.227;-1.349
35155;47.873;-1.888
35156;48.309;-1.942
35157;48.395;-1.083
35159;48.441;-1.733
35160;47.937;-2.08
35161;48.052;-1.339
35162;48.487;-1.124
35163;48.293;-1.13
35164;48.374;-1.614
35165;47.958;-1.354
35166;48.147;-1.353
35167;47.828;-1.328
35168;47.897;-1.999
35169;47.979;-2.015
35170;48.241;-1.286
35171;48.261;-2.061
35172;48.421;-1.822
35173;48.219;-1.69
35174;48.485;-1.191
35175;47.898;-1.951
35176;47.805;-1.8
35177;48.213;-1.751
35178;48.297;-1.438
35179;48.525;-1.895
35180;48.281;-1.927
35181;48.576;-2.013
35183;48.084;-1.091
35184;48.203;-2.065
35185;48.204;-1.121
35186;48.571;-1.758
35187;48.06;-1.99
35188;48.126;-1.963
35189;48.154;-1.717
35190;48.512;-1.176
35191;48.448;-1.303
35192;48.251;-1.229
35193;48.244;-1.721
35194;48.151;-1.242
35195;48.305;-1.669
35196;48.086;-1.842
35197;48.218;-1.608
35198;48.009;-1.363
35199;47.918;-1.279
35200;47.976;-1.205
35201;48.12;-2.162
35202;47.795;-1.745
35203;48.166;-1.975
35204;48.03;-1.552
35205;48.417;-1.624
35206;48.052;-1.663
35207;48.091;-1.506
35208;47.985;-1.666
35210;48.152;-1.777
35211;48.03;-2.173
35212;47.889;-1.643
35214;48.271;-1.195
35215;48.426;-1.198
35216;48.188;-1.83
35217;48.034;-1.056
35218;47.928;-1.616
35219;47.812;-1.938
35220;48.011;-1.428
35221;47.875;-1.734
35222;48.531;-1.574
35223;47.997;-2.08
35224;48.528;-1.846
35225;48.418;-1.93
35226;48.404;-1.886
35227;48.183;-1.893
35228;48.583;-2.06
35229;48.115;-1.26
35230;48.466;-1.257
35231;47.899;-1.685
35232;48.237;-1.106
35233;48.356;-1.813
35234;48.238;-2.144
35235;47.901;-1.226
35236;47.661;-2.08
35237;47.728;-1.966
35238;48.112;-1.682
35239;47.906;-1.344
35240;48.097;-1.782
35241;48.61;-2.044
35242;48.388;-1.528
35243;48.344;-1.262
35244;48.38;-1.493
35245;48.222;-1.879
35246;48.546;-1.817
35247;48.596;-1.593
35248;48.556;-1.603
35249;47.734;-1.805
35250;48.013;-1.581
35251;48.262;-1.6
35252;48.1;-1.292
35253;48.258;-1.421
35255;48.614;-1.86
35256;48.616;-2.124
35257;48.413;-1.368
35258;48.303;-1.844
35259;48.58;-1.661
35260;48.226;-1.236
35261;48.342;-1.452
35262;47.896;-1.458
35263;48.677;-1.921
35264;48.093;-1.358
35265;48.36;-1.869
35266;48.019;-1.642
35268;47.769;-1.891
35270;48.579;-1.549
35271;48.513;-1.235
35272;48.005;-1.173
35273;48.397;-1.264
35274;48.251;-1.653
35275;48.152;-1.854
35276;48.268;-1.825
35277;48.113;-2.077
35278;48.159;-1.686
35279;48.579;-1.888
35280;48.338;-1.367
35281;48.076;-1.724
35282;48.277;-1.368
35283;48.121;-1.34
35284;48.604;-1.965
35285;47.764;-1.969
35286;48.388;-1.658
35287;48.62;-2.097
35288;48.64;-1.981
35289;47.868;-1.805
35290;48.094;-2.112
35291;48.585;-1.628
35292;48.375;-1.405
35294;47.694;-2.013
35295;48.137;-2.102
35296;48.273;-1.67
35297;48.193;-2.195
35299;48.639;-1.905
35300;48.172;-1.111
35302;48.17;-2.156
35304;48.327;-1.428
35305;48.057;-2.065
35306;48.584;-1.929
35307;48.281;-1.983
35308;48.455;-1.889
35309;48.376;-1.567
35310;48.347;-1.314
35311;47.851;-2.026
35312;47.91;-1.79
35314;48.57;-1.967
35315;48.212;-1.577
35316;47.777;-1.626
35317;48.281;-1.803
35318;48.336;-1.932
35319;48.034;-1.94
35320;48.167;-2.034
35321;47.92;-1.578
35322;47.898;-1.606
35324;48.321;-1.151
35325;47.943;-1.17
35326;48.337;-1.554
35327;48.121;-1.458
35328;47.775;-2.049
35329;48.503;-1.515
35330;48.185;-1.24
35331;48.091;-1.926
35332;47.808;-1.522
35333;47.918;-1.422
35334;48.157;-1.584
35335;47.849;-1.458
35336;48.35;-1.423
35337;48.323;-1.83
35338;48.061;-1.272
35339;48.488;-1.604
35340;48.031;-2.008
35342;48.439;-1.698
35343;47.881;-1.553
35345;48.371;-1.92
35346;48.344;-1.897
35347;48.19;-1.305
35350;48.036;-1.256
35351;48.066;-1.937
35352;48.052;-1.605
35353;48.117;-1.75
35354;48.501;-1.553
35355;48.334;-1.499
35356;48.257;-1.763
35357;48.456;-1.218
35358;48.549;-1.952
35359;47.96;-1.299
35360;48.114;-1.194
35361;48.598;-1.78
35362;48.493;-1.841
35363;48.011;-1.696
36001;46.456;1.84
36002;47.108;1.707
36003;46.784;1.95
36004;47.201;1.808
36005;46.736;1.824
36006;46.579;1.493
36007;46.941;1.462
36008;46.9;1.274
36009;46.693;1.711
36010;46.846;1.081
36011;47.168;1.756
36012;46.481;1.57
36013;47.052;1.573
36014;46.484;1.528
36015;46.386;1.298
36016;46.556;1.162
36017;46.697;2.057
36018;46.635;1.1
36019;46.78;2.004
36020;46.383;1.242
36021;46.985;1.964
36022;46.626;1.688
36023;47.032;1.665
36024;46.999;1.698
36025;46.55;2.024
36026;46.95;1.729
36027;46.857;1.926
36028;46.496;1.798
36029;47.127;1.695
36030;46.639;1.753
36031;46.888;1.412
36032;46.53;1.557
36033;46.532;1.512
36034;47.252;1.662
36035;46.426;1.292
36036;46.543;1.222
36037;46.939;1.793
36038;46.547;2.107
36040;46.833;1.452
36041;47.055;1.783
36042;46.657;1.494
36043;46.529;1.936
36044;46.803;1.694
36045;46.992;1.175
36046;46.574;1.991
36047;46.41;1.388
36048;46.562;1.612
36049;46.508;1.434
36050;46.894;1.563
36051;46.66;1.36
36052;46.921;2.053
36053;46.632;1.261
36054;46.943;1.102
36055;46.938;1.222
36056;46.535;1.743
36057;46.884;1.721
36058;46.594;1.016
36059;46.886;1.987
36060;46.469;1.937
36061;46.481;1.882
36062;46.472;1.617
36063;46.84;1.702
36064;46.83;1.811
36065;47.046;2.006
36066;46.704;1.118
36067;46.47;1.286
36068;47.219;1.747
36069;47.077;1.354
36070;46.434;1.569
36071;46.793;1.778
36073;46.512;2.1
36074;46.997;1.093
36075;47.054;1.742
36076;46.674;0.972
36077;47.202;1.534
36078;46.569;1.87
36079;46.946;1.558
36080;47.002;1.477
36081;46.505;1.621
36082;47.038;1.494
36083;47.065;1.907
36084;46.596;1.735
36085;47.085;1.735
36086;47.028;1.385
36087;46.593;0.964
36088;46.949;2.0
36089;46.682;1.795
36090;47.048;1.442
36091;46.591;2.036
36092;47.074;1.508
36093;46.973;1.63
36094;46.476;1.201
36095;46.501;2.164
36096;46.755;1.113
36097;47.014;1.756
36098;46.985;1.903
36099;46.417;1.726
36100;46.619;2.018
36101;46.728;1.562
36102;47.094;1.917
36103;47.115;1.427
36104;46.688;0.937
36105;46.746;1.038
36106;46.548;1.385
36107;47.221;1.474
36108;46.646;1.817
36109;46.557;1.959
36110;46.58;1.678
36111;46.569;1.646
36112;46.801;1.858
36113;46.8;1.04
36114;46.578;1.107
36115;47.224;1.637
36116;47.009;1.835
36117;46.558;1.574
36118;46.742;1.414
36119;46.631;0.933
36120;46.669;1.873
36121;46.84;1.974
36122;47.092;1.86
36123;46.812;1.257
36124;46.712;1.302
36125;47.016;2.053
36126;46.479;1.754
36127;46.596;1.966
36128;46.866;1.778
36129;46.657;1.914
36130;46.58;2.084
36131;46.626;1.625
36132;46.548;2.074
36133;46.563;1.78
36134;46.389;1.443
36135;47.009;1.561
36136;46.925;1.162
36137;46.735;0.917
36138;46.572;2.141
36139;46.762;1.478
36140;46.904;1.859
36141;46.592;1.813
36142;46.802;1.558
36143;46.64;1.957
36144;46.689;1.428
36145;46.907;1.063
36146;46.479;1.695
36147;47.143;1.776
36148;46.603;1.31
36149;46.95;1.307
36150;46.441;1.465
36152;47.035;1.92
36153;46.862;1.15
36154;46.585;1.57
36155;46.986;1.422
36156;46.475;2.145
36157;46.71;1.515
36158;46.532;1.602
36159;46.757;1.73
36160;46.522;1.654
36161;46.628;1.5
36162;47.15;1.645
36163;46.473;2.007
36164;46.515;2.006
36165;46.684;1.046
36166;47.03;1.306
36167;46.698;0.98
36168;46.525;1.299
36169;46.781;2.058
36170;47.108;1.812
36171;47.08;2.011
36172;46.614;1.379
36173;46.708;1.206
36174;46.462;1.377
36175;47.073;1.653
36176;46.624;1.184
36177;46.502;1.364
36178;46.633;1.006
36179;46.932;1.93
36180;46.726;1.963
36181;46.862;2.032
36182;46.448;1.399
36184;46.676;1.982
36185;47.188;1.712
36186;46.68;2.116
36187;46.494;1.404
36188;47.022;1.157
36189;46.527;1.845
36190;46.855;1.871
36191;47.099;1.779
36192;46.648;1.43
36193;46.86;1.333
36194;46.912;1.35
36195;46.986;2.065
36196;46.479;1.449
36197;46.557;1.067
36198;46.896;1.497
36199;47.011;1.995
36200;46.608;1.524
36202;46.789;1.623
36203;47.005;1.265
36204;46.788;1.174
36205;47.102;1.97
36207;46.432;1.648
36208;46.504;2.068
36209;46.962;1.851
36210;46.598;1.907
36211;46.755;1.89
36212;46.868;1.257
36213;46.654;0.986
36214;46.447;2.045
36215;46.885;2.096
36216;47.018;1.456
36217;47.218;1.694
36218;46.966;1.48
36219;46.652;1.566
36220;46.595;1.429
36221;46.634;2.07
36222;46.899;1.929
36223;46.405;1.211
36224;46.73;0.983
36225;46.973;1.247
36226;46.622;1.854
36227;46.529;2.146
36228;47.156;1.559
36229;47.205;1.592
36230;47.054;1.825
36231;46.7;1.637
36232;46.788;1.36
36233;47.243;1.564
36234;46.654;2.014
36235;47.133;1.51
36236;46.621;2.143
36237;47.1;1.558
36238;46.439;2.084
36239;46.517;1.474
36240;46.436;2.122
36241;46.845;1.516
36242;46.924;1.59
36243;46.974;1.356
36244;47.188;1.46
36246;46.884;1.199
36247;46.908;1.654
36248;46.82;1.913
37001;46.941;0.735
37002;47.452;0.447
37003;47.392;1.0
37004;47.132;0.308
37005;46.968;0.555
37006;47.276;0.595
37007;47.068;0.276
37008;47.315;0.902
37009;47.522;1.002
37010;47.554;0.937
37011;47.224;0.188
37012;47.183;0.46
37013;47.388;0.303
37014;47.273;0.47
37015;47.334;0.845
37016;47.204;0.943
37018;47.337;0.601
37019;46.882;0.775
37020;47.128;1.023
37021;47.569;0.673
37022;47.194;0.186
37023;47.18;1.204
37024;47.316;0.218
37025;47.36;0.525
37026;47.0;0.952
37027;47.308;0.987
37028;46.825;0.976
37029;47.113;0.733
37030;47.595;0.844
37031;47.31;0.174
37032;47.069;0.731
37033;46.848;0.892
37034;46.999;0.408
37035;46.982;0.329
37036;47.56;0.261
37037;47.56;0.408
37038;47.289;0.362
37039;47.037;1.079
37040;47.096;0.388
37041;47.63;0.552
37042;47.203;0.074
37043;47.489;1.06
37044;46.949;0.899
37045;47.021;0.616
37046;47.254;1.182
37047;47.503;0.685
37048;46.838;0.826
37049;47.172;0.969
37050;47.331;0.717
37051;47.057;0.328
37052;47.45;0.881
37053;47.141;0.94
37054;47.478;0.703
37055;47.478;0.253
37056;47.313;0.418
37057;47.084;0.785
37058;47.251;0.215
37059;47.469;0.595
37060;47.432;1.041
37061;46.916;0.991
37062;47.527;0.33
37063;47.592;0.91
37064;46.876;0.852
37065;47.024;0.352
37066;47.222;0.992
37067;47.24;0.423
37068;47.659;0.668
37069;47.154;1.159
37070;47.34;1.07
37071;47.067;0.44
37072;47.172;0.245
37073;47.349;1.096
37074;47.246;0.109
37075;47.266;0.943
37076;47.158;0.176
37077;47.354;0.453
37078;47.052;0.873
37079;47.34;1.041
37080;47.036;0.713
37081;47.446;0.379
37082;47.368;0.236
37083;47.259;0.846
37084;47.554;0.36
37085;47.25;0.884
37086;47.489;0.333
37087;47.03;0.4
37088;47.168;0.077
37089;47.169;0.342
37090;47.166;0.494
37091;47.349;0.992
37092;47.538;0.823
37093;47.131;0.469
37094;47.019;0.769
37095;47.55;1.047
37096;47.354;0.956
37097;47.165;0.89
37098;47.067;0.634
37099;47.297;0.534
37100;47.276;1.124
37101;47.676;0.618
37103;47.032;0.904
37104;47.293;0.791
37105;46.953;0.343
37106;47.624;0.756
37107;46.996;0.874
37108;47.145;1.048
37109;47.411;0.603
37110;47.31;1.078
37111;47.185;1.109
37112;47.39;0.188
37113;46.918;0.816
37114;46.894;0.725
37115;46.994;0.697
37116;47.669;0.76
37117;47.423;0.283
37118;47.227;0.255
37119;47.123;0.423
37121;46.955;0.422
37122;47.334;0.654
37123;47.35;0.368
37124;47.353;0.776
37125;47.094;0.335
37126;47.14;0.111
37127;47.229;1.109
37128;47.295;0.417
37129;47.109;0.272
37130;47.042;0.817
37131;47.455;1.031
37132;47.12;0.974
37133;47.084;1.204
37134;47.18;0.74
37136;47.156;0.762
37137;47.527;0.256
37138;47.39;0.92
37139;47.412;0.542
37140;47.015;0.469
37141;47.265;1.063
37142;47.052;0.587
37143;47.136;0.822
37144;47.083;0.21
37145;47.03;0.66
37146;47.548;0.225
37147;47.046;0.528
37148;46.977;0.481
37149;47.624;0.704
37150;47.391;0.43
37151;47.445;0.624
37152;47.454;0.66
37153;47.498;0.786
37154;47.284;0.707
37155;47.643;0.822
37156;47.382;0.841
37157;47.153;1.202
37158;47.488;0.952
37159;47.278;0.646
37160;47.564;1.008
37161;47.446;1.098
37162;47.104;0.9
37163;47.432;0.947
37165;47.184;0.529
37166;47.512;0.916
37167;47.55;0.55
37168;46.971;0.782
37169;47.615;0.917
37170;47.604;0.59
37171;47.417;0.897
37172;47.454;0.709
37173;47.133;1.311
37174;47.033;0.561
37175;47.537;0.74
37176;47.102;0.568
37177;47.215;1.257
37178;47.164;0.407
37179;47.452;0.743
37180;47.092;0.48
37181;46.981;0.827
37182;47.454;0.518
37183;47.093;1.008
37184;46.91;0.917
37185;47.444;0.987
37186;47.265;0.564
37187;47.014;0.538
37188;47.082;0.547
37189;46.85;0.931
37190;46.99;0.549
37191;46.975;0.395
37192;47.223;0.916
37193;47.287;0.236
37194;47.486;0.872
37195;47.381;0.638
37196;47.014;0.316
37197;47.251;0.305
37198;47.446;0.219
37199;47.056;0.499
37200;47.251;0.362
37201;47.145;0.266
37202;47.128;0.214
37203;47.43;0.761
37204;47.531;0.647
37205;47.237;0.538
37206;47.496;0.631
37207;47.618;0.397
37208;47.357;0.738
37210;47.213;0.322
37211;47.224;0.758
37212;47.157;0.677
37213;47.624;0.473
37214;47.419;0.658
37216;47.153;0.579
37217;47.393;0.499
37218;46.971;1.021
37219;47.372;0.589
37220;47.181;0.11
37221;47.058;1.133
37222;47.085;1.055
37223;47.513;0.272
37224;47.585;0.771
37225;47.361;0.91
37226;47.115;0.639
37228;47.296;0.13
37229;47.584;1.034
37230;47.479;1.002
37231;47.582;0.467
37232;47.291;0.301
37233;47.388;0.738
37234;47.209;1.037
37236;47.41;1.041
37237;47.446;0.574
37238;47.056;0.953
37240;47.599;0.959
37241;47.45;0.327
37242;47.211;0.13
37243;47.346;0.559
37244;47.126;0.35
37245;47.503;0.565
37246;47.113;1.106
37247;47.081;0.684
37248;47.127;0.161
37249;47.513;0.477
37250;47.231;0.687
37251;47.515;0.403
37252;47.398;1.084
37253;47.27;0.99
37254;47.208;0.83
37255;47.118;0.386
37256;47.1;0.434
37257;47.22;0.601
37258;47.164;0.142
37259;46.761;0.947
37260;47.062;0.396
37261;47.399;0.696
37262;47.111;0.511
37263;47.286;0.852
37264;47.307;0.474
37265;47.071;0.913
37266;47.289;0.73
37267;47.352;0.81
37268;47.042;0.457
37269;47.036;1.034
37270;47.436;0.84
37271;47.22;0.496
37272;47.331;0.5
37273;47.392;0.774
37274;47.637;0.523
37275;47.044;1.254
37276;47.551;0.87
37277;47.135;1.236
37278;47.197;0.638
37279;47.583;0.283
37280;47.094;0.847
37281;47.427;0.804
37282;46.79;0.876
38001;45.542;5.593
38002;45.259;5.992
38003;45.337;4.86
38004;45.219;5.458
38005;45.171;6.018
38006;45.38;6.114
38008;44.8;5.933
38009;45.349;4.883
38010;45.761;5.292
38011;45.785;5.154
38012;45.598;5.613
38013;45.397;5.496
38015;45.537;5.167
38017;45.41;4.877
38018;45.065;5.311
38019;45.426;4.819
38020;45.052;6.084
38022;45.643;5.57
38023;44.958;5.674
38026;45.842;5.32
38027;45.436;5.98
38029;45.576;5.541
38030;45.343;5.468
38031;44.787;5.959
38032;45.329;5.116
38033;45.191;5.397
38034;45.336;5.044
38035;45.52;5.08
38036;45.117;5.35
38037;45.378;4.951
38038;45.474;5.364
38039;45.265;5.864
38040;45.104;6.209
38041;45.205;5.264
38042;45.394;5.393
38043;45.446;5.551
38044;45.496;5.369
38045;45.243;5.798
38046;45.447;5.379
38047;45.48;5.447
38048;45.601;5.114
38049;45.418;5.148
38050;45.67;5.523
38051;45.32;4.892
38052;45.034;6.033
38053;45.602;5.274
38054;45.784;5.415
38055;45.696;5.537
38056;45.322;5.278
38057;45.134;5.751
38058;45.346;5.308
38059;45.123;5.779
38060;45.292;5.34
38061;45.331;5.624
38062;45.409;5.986
38063;45.433;5.448
38064;45.569;5.376
38065;45.448;5.426
38066;45.452;4.938
38067;45.688;5.167
38068;45.111;5.721
38069;45.458;5.292
38070;45.282;5.939
38071;45.069;5.728
38072;45.318;4.831
38073;44.986;5.976
38074;45.246;5.447
38075;45.462;5.958
38076;45.589;5.471
38077;45.394;4.916
38078;45.403;6.138
38080;45.52;5.579
38081;45.538;5.116
38082;45.428;5.518
38083;45.805;5.362
38084;45.342;5.527
38085;45.74;5.151
38086;45.261;5.342
38087;45.58;4.814
38089;45.501;5.513
38090;44.982;5.563
38091;45.514;5.33
38092;45.054;5.39
38093;45.33;5.229
38094;45.477;5.222
38095;45.14;5.28
38097;45.769;5.173
38098;45.508;5.48
38099;45.192;5.293
38100;45.381;5.999
38101;45.426;4.843
38102;45.561;5.217
38103;44.808;5.539
38104;45.573;5.59
38105;45.417;5.557
38106;45.01;5.8
38107;45.464;4.803
38108;45.071;5.394
38109;45.7;5.21
38110;45.576;4.878
38111;45.122;5.657
38112;45.118;6.162
38113;44.825;5.629
38114;45.415;4.792
38115;44.99;5.661
38116;44.881;5.776
38117;45.171;5.418
38118;45.394;5.449
38120;45.198;5.919
38124;45.602;5.553
38126;45.227;5.758
38127;44.835;5.704
38128;44.82;5.942
38129;45.012;5.518
38130;45.383;5.261
38131;45.457;4.879
38132;44.841;5.931
38133;45.357;5.618
38134;45.44;5.019
38135;45.736;5.392
38136;45.546;5.22
38137;45.272;5.439
38138;45.732;5.258
38139;45.744;5.465
38140;45.282;5.889
38141;45.524;5.246
38144;45.589;5.089
38146;45.713;5.288
38147;45.502;5.428
38148;45.615;5.487
38149;45.582;5.245
38150;45.204;5.838
38151;45.147;5.715
38152;45.492;5.303
38153;45.193;5.609
38154;44.89;5.964
38155;45.416;5.756
38156;45.538;5.292
38157;45.514;4.959
38158;45.152;5.748
38159;45.443;5.332
38160;45.478;4.998
38161;45.388;5.154
38162;45.594;5.514
38163;45.279;6.085
38166;45.4;5.962
38167;45.47;5.315
38169;45.193;5.678
38170;45.254;5.664
38171;45.294;5.408
38172;45.577;5.194
38173;45.078;6.122
38174;45.388;5.363
38175;45.265;5.926
38176;45.651;5.186
38177;45.068;6.056
38179;45.182;5.792
38180;45.386;5.298
38181;45.336;5.988
38182;45.396;5.419
38183;45.6;5.589
38184;45.662;5.077
38185;45.182;5.721
38186;44.886;5.526
38187;45.013;5.616
38188;45.144;5.797
38189;45.628;5.059
38190;45.8;5.294
38191;45.097;6.085
38192;45.287;5.968
38193;45.618;5.223
38194;45.344;5.43
38195;45.142;5.395
38197;45.751;5.114
38198;45.335;4.949
38199;45.493;4.911
38200;45.111;5.747
38203;45.03;5.782
38204;44.747;5.685
38205;45.121;5.591
38206;45.236;5.982
38207;44.992;5.903
38208;44.853;5.679
38209;45.297;5.104
38210;45.756;5.255
38211;45.458;5.179
38212;45.091;5.919
38213;45.423;5.36
38214;45.304;5.913
38215;45.59;4.957
38216;45.154;5.444
38217;44.918;5.696
38218;45.346;5.176
38219;45.31;5.088
38221;45.289;5.25
38222;45.437;5.6
38223;45.566;5.258
38224;44.886;5.711
38225;45.132;5.529
38226;44.815;5.752
38228;45.439;5.659
38229;45.212;5.784
38230;45.56;5.285
38231;45.516;5.199
38232;45.462;5.061
38235;44.973;5.61
38236;45.437;5.708
38237;45.044;6.182
38238;45.513;5.022
38239;45.319;5.562
38240;45.391;4.987
38241;44.769;5.925
38242;44.921;5.636
38243;44.784;5.649
38244;45.435;4.947
38245;45.143;5.2
38246;45.526;5.451
38247;45.812;5.403
38248;45.26;5.562
38249;45.222;5.816
38250;45.609;5.4
38252;45.093;5.761
38253;45.016;6.138
38254;44.98;5.702
38255;45.26;5.171
38256;45.474;5.578
38257;45.477;5.407
38258;45.279;5.684
38259;45.43;4.974
38260;45.687;5.261
38261;45.68;5.471
38263;45.285;5.451
38264;45.026;5.862
38265;44.954;5.741
38266;44.946;5.719
38267;45.423;5.309
38268;45.429;6.082
38269;44.91;5.788
38270;45.382;5.542
38271;45.188;5.826
38272;45.21;5.319
38273;44.928;5.828
38275;45.257;5.372
38276;45.562;5.307
38277;45.009;5.704
38278;45.238;5.415
38279;45.071;5.752
38280;44.991;5.741
38281;45.241;5.619
38282;45.752;5.34
38283;44.933;5.885
38284;45.405;5.213
38285;45.04;5.965
38286;45.074;5.963
38287;45.428;5.48
38288;45.565;5.031
38289;45.128;6.074
38290;45.354;4.988
38291;45.358;5.13
38292;45.482;5.553
38294;45.676;5.193
38295;45.845;5.355
38296;45.526;5.515
38297;45.692;5.429
38298;45.369;4.784
38299;44.782;5.88
38300;45.373;5.182
38301;44.789;5.626
38303;45.295;5.941
38304;44.957;5.774
38307;45.387;5.074
38308;45.317;5.392
38309;45.154;5.77
38310;45.25;5.48
38311;45.393;5.108
38313;44.889;5.798
38314;45.42;6.02
38315;45.532;5.662
38316;45.752;5.173
38317;45.126;5.702
38318;45.534;4.924
38319;45.061;5.346
38320;45.838;5.393
38321;44.778;5.711
38322;45.093;5.405
38323;45.527;5.632
38324;45.408;5.034
38325;45.287;5.715
38326;44.898;5.757
38328;45.257;5.73
38329;44.837;5.878
38330;45.278;5.386
38331;45.363;5.523
38332;45.332;5.494
38333;45.118;5.473
38334;45.168;5.91
38335;45.371;5.031
38336;45.48;4.844
38337;45.361;5.487
38338;45.224;5.514
38339;45.574;5.156
38340;45.454;4.764
38341;45.588;5.416
38342;44.884;5.636
38343;45.562;5.64
38344;45.378;4.818
38345;45.184;5.465
38346;45.505;5.101
38347;45.248;5.249
38348;45.59;5.344
38349;45.321;4.785
38350;45.21;5.96
38351;45.539;5.239
38352;45.587;5.225
38353;45.418;4.756
38354;45.502;5.698
38355;44.95;5.517
38356;45.083;5.337
38357;45.547;5.532
38358;45.5;5.232
38359;45.172;5.216
38360;45.184;5.26
38361;44.882;5.742
38362;45.406;5.662
38363;45.341;5.08
38364;45.039;5.822
38365;45.786;5.338
38366;44.783;5.778
38368;45.38;5.513
38369;45.545;5.435
38370;45.122;5.228
38372;45.474;5.681
38373;45.361;5.551
38374;45.641;5.362
38375;44.929;6.244
38376;45.41;5.793
38377;45.571;5.488
38378;45.435;4.773
38379;45.273;5.148
38380;45.461;5.345
38381;45.548;5.487
38382;45.233;5.684
38383;45.38;5.637
38384;45.346;5.348
38386;45.461;5.636
38387;45.313;5.354
38388;45.036;5.719
38389;45.56;5.08
38390;45.19;5.498
38391;44.945;5.591
38392;45.676;5.291
38393;45.389;5.33
38394;45.091;5.25
38395;45.313;5.878
38396;44.958;5.82
38397;45.252;5.829
38398;45.508;5.667
38399;45.498;5.148
38400;45.337;5.588
38401;45.585;5.436
38402;45.017;5.752
38403;44.855;5.753
38404;45.208;5.878
38405;45.365;5.691
38406;45.431;5.086
38407;45.347;5.667
38408;45.587;5.004
38409;45.077;5.28
38410;45.093;5.185
38412;45.38;5.735
38413;44.885;5.846
38414;44.85;5.905
38415;45.648;5.24
38416;45.153;5.317
38417;45.385;5.976
38418;45.406;5.93
38419;44.847;5.602
38420;45.493;5.681
38421;45.176;5.765
38422;45.153;5.857
38423;45.219;5.715
38424;44.76;5.653
38425;45.392;4.777
38426;45.426;6.05
38427;45.3;5.359
38428;44.869;5.913
38429;44.865;5.59
38430;45.206;5.933
38431;45.259;5.852
38432;45.407;5.616
38433;45.165;5.632
38434;45.517;5.547
38436;45.065;5.631
38437;45.314;5.432
38438;44.927;5.614
38439;45.357;6.045
38440;45.301;5.3
38442;45.331;5.798
38443;45.122;5.386
38444;44.874;5.82
38445;45.048;5.765
38446;45.386;5.851
38448;45.445;4.801
38449;45.64;5.109
38450;45.278;5.548
38451;45.752;5.224
38452;45.39;4.889
38453;45.105;5.319
38454;45.146;5.345
38455;45.626;5.321
38456;44.849;5.804
38457;45.326;5.262
38458;45.633;5.473
38459;45.473;4.938
38460;45.468;5.604
38462;44.991;5.776
38463;45.182;5.343
38464;45.54;5.384
38465;45.703;5.498
38466;45.375;5.959
38467;45.668;5.357
38468;45.344;4.809
38469;44.843;5.985
38470;44.86;5.861
38471;45.265;5.784
38472;45.285;5.76
38473;45.36;5.221
38474;45.213;5.652
38475;45.682;5.126
38476;45.497;5.062
38478;45.073;5.83
38479;45.432;5.197
38480;45.548;4.985
38481;45.555;5.34
38483;45.667;5.409
38484;45.558;4.92
38485;45.173;5.67
38486;45.155;5.676
38487;45.56;4.844
38488;45.73;5.315
38489;44.905;5.85
38490;45.348;5.391
38492;44.943;5.656
38494;45.703;5.359
38495;45.117;5.281
38496;45.357;4.916
38497;44.91;5.807
38498;45.53;5.343
38499;44.926;5.762
38500;45.178;5.376
38501;45.311;5.959
38503;45.325;5.932
38504;45.298;6.013
38505;45.316;5.156
38507;45.734;5.184
38508;45.519;5.403
38509;45.573;5.445
38511;45.352;5.946
38512;45.514;5.268
38513;44.903;5.662
38514;44.733;5.772
38515;45.689;5.324
38516;45.21;5.743
38517;45.294;5.49
38518;44.898;5.91
38519;45.608;5.028
38520;45.492;5.531
38521;44.945;5.853
38522;44.882;6.08
38523;45.227;5.342
38524;45.091;5.677
38525;45.628;5.451
38526;45.261;5.411
38527;45.186;6.102
38528;45.099;5.812
38529;45.115;5.84
38530;45.616;5.186
38531;45.489;5.646
38532;45.66;5.276
38533;45.173;5.811
38535;45.777;5.268
38536;45.43;4.899
38537;45.638;5.149
38538;45.222;5.859
38539;45.87;5.365
38540;45.269;5.602
38542;45.681;5.228
38543;45.654;5.47
38544;45.521;4.881
38545;45.043;5.674
38546;45.632;5.421
38547;45.245;5.889
38548;45.06;5.544
38549;45.009;6.033
38550;45.094;6.037
38551;45.029;6.008
38552;44.986;5.819
38553;45.614;5.156
38554;45.714;5.232
38555;45.463;5.115
38556;45.376;4.859
38557;45.784;5.107
38558;45.589;4.912
38559;45.215;5.408
38560;45.471;5.477
38561;45.305;5.203
38562;45.075;5.78
38563;45.379;5.582
38564;45.479;5.705
38565;45.29;5.643
38566;45.317;5.522
38567;45.12;5.894
39001;47.065;5.378
39002;46.914;5.678
39003;46.907;5.697
39004;46.914;5.946
39006;46.955;5.81
39007;46.585;5.586
39008;47.167;5.565
39009;46.859;5.929
39010;46.424;5.427
39011;46.959;5.277
39013;46.894;5.773
39014;47.148;5.521
39015;46.773;5.878
39016;46.4;5.589
39017;46.77;5.529
39018;46.293;5.488
39019;46.953;5.784
39020;46.715;6.08
39021;46.572;5.529
39022;46.937;5.397
39024;47.141;5.584
39025;46.562;5.389
39026;47.026;5.584
39027;46.555;5.496
39028;46.916;5.633
39029;47.061;5.337
39030;47.125;5.508
39031;47.178;5.655
39032;46.401;5.841
39034;46.968;5.462
39035;46.455;5.351
39037;46.983;5.582
39038;46.542;5.703
39039;47.157;5.693
39040;46.81;5.718
39041;46.705;5.646
39042;47.106;5.536
39043;46.586;5.43
39045;46.532;5.548
39046;46.309;5.909
39047;46.556;6.082
39048;47.028;5.605
39049;46.857;5.595
39050;46.786;5.796
39051;47.145;5.452
39052;46.704;6.05
39053;46.82;6.117
39054;46.903;5.529
39055;46.746;6.056
39056;46.732;5.428
39057;46.746;5.67
39058;46.628;5.696
39059;46.536;6.127
39060;46.826;5.5
39061;46.581;5.721
39062;46.421;5.522
39063;46.597;5.857
39065;46.732;5.747
39066;46.612;5.553
39068;46.295;5.805
39070;46.73;5.956
39072;46.926;5.868
39073;46.875;5.628
39074;47.224;5.574
39076;47.129;5.665
39077;46.92;5.538
39078;47.101;5.523
39079;46.663;5.626
39080;46.356;5.433
39081;46.87;5.726
39083;46.817;6.078
39084;46.934;5.939
39085;46.737;6.126
39086;46.412;5.644
39088;46.623;5.492
39090;46.922;5.435
39091;46.692;6.026
39092;46.469;5.57
39093;46.991;5.703
39094;46.844;5.739
39095;47.033;5.806
39096;47.26;5.504
39097;46.744;5.899
39099;47.008;5.39
39100;46.879;5.513
39101;47.102;5.42
39102;46.346;5.642
39103;46.989;5.858
39104;46.801;5.381
39105;46.834;5.966
39106;46.469;5.716
39107;46.629;5.764
39108;46.767;5.993
39109;46.614;5.727
39110;46.849;5.547
39111;46.337;5.494
39112;46.867;5.455
39114;46.759;5.648
39116;46.859;5.825
39117;47.058;5.698
39118;46.53;5.809
39119;46.88;5.544
39120;46.666;5.912
39121;47.15;5.546
39122;46.663;5.727
39124;46.843;5.475
39126;46.601;5.944
39127;46.825;5.745
39128;46.974;5.403
39129;46.663;5.957
39130;46.5;5.858
39131;46.608;5.907
39132;46.826;5.477
39133;46.883;5.88
39134;46.499;5.557
39136;46.86;5.53
39137;46.351;5.558
39138;46.977;5.313
39139;46.918;5.47
39140;46.848;5.444
39141;47.177;5.474
39142;46.502;5.42
39143;46.653;5.86
39145;46.693;5.572
39146;46.66;5.497
39147;46.87;5.858
39149;47.06;5.74
39150;47.059;5.451
39151;46.302;5.77
39153;46.72;5.92
39154;46.565;5.755
39155;46.946;5.917
39156;46.587;5.773
39157;46.338;5.826
39159;46.879;5.571
39160;46.806;5.437
39162;46.65;5.435
39163;46.33;5.618
39164;46.651;5.611
39165;46.75;6.008
39166;46.308;5.548
39167;46.747;5.392
39168;46.598;5.569
39169;46.653;5.529
39170;46.676;5.487
39171;46.67;5.449
39172;47.133;5.793
39173;46.533;5.377
39174;46.34;5.845
39175;46.512;5.698
39176;47.007;5.787
39177;46.688;5.669
39178;46.695;5.981
39179;46.466;5.742
39180;46.527;5.484
39182;47.05;5.478
39183;46.755;5.814
39184;46.464;5.805
39185;46.547;5.405
39187;46.839;6.066
39188;47.253;5.554
39189;47.071;5.407
39190;47.165;5.742
39191;46.825;5.608
39192;46.624;5.8
39193;46.95;5.499
39194;46.768;5.468
39196;46.885;5.488
39197;46.518;5.386
39198;47.076;5.501
39199;46.762;5.59
39200;46.563;5.613
39201;46.65;5.778
39202;46.932;5.971
39203;46.768;6.014
39204;46.404;5.53
39205;47.104;5.612
39206;46.995;5.737
39207;46.502;5.634
39208;46.642;5.963
39209;46.376;5.391
39210;46.761;5.941
39211;46.904;5.415
39214;46.831;6.032
39216;46.492;5.794
39217;46.716;5.534
39218;47.11;5.682
39219;47.18;5.765
39220;47.082;5.567
39221;46.748;6.037
39222;46.754;5.717
39223;46.94;5.651
39225;46.774;5.716
39227;46.632;6.03
39228;46.659;6.062
39229;46.697;5.437
39230;46.672;5.815
39232;46.623;5.982
39233;47.086;5.444
39234;46.861;5.486
39235;47.124;5.757
39236;46.837;5.502
39237;46.729;6.099
39238;47.197;5.503
39239;46.561;5.801
39240;46.636;5.891
39241;46.65;5.485
39244;46.788;5.632
39245;46.946;5.456
39246;47.196;5.685
39247;46.357;5.53
39248;46.958;5.955
39249;47.038;5.686
39250;46.625;5.531
39251;46.638;5.509
39252;47.032;5.445
39253;46.454;5.472
39254;46.73;6.031
39255;46.527;5.425
39258;46.534;5.908
39259;46.998;5.842
39261;46.473;5.449
39262;47.163;5.518
39263;46.89;5.69
39265;46.562;5.782
39266;46.908;5.391
39267;46.899;5.85
39268;46.99;5.897
39269;46.369;5.705
39270;47.14;5.485
39271;46.601;6.01
39272;46.767;5.683
39273;46.39;5.488
39274;46.391;6.009
39275;46.408;5.983
39277;46.819;5.946
39278;46.556;5.666
39279;46.707;5.458
39280;46.338;5.788
39281;46.803;5.942
39282;46.752;6.096
39283;46.336;5.685
39284;47.151;5.608
39285;47.156;5.634
39286;46.39;5.777
39288;46.717;5.605
39289;46.394;5.673
39290;46.424;5.607
39291;46.889;5.982
39292;46.751;5.975
39293;46.46;5.83
39295;46.494;5.462
39296;46.784;5.506
39297;46.463;5.963
39298;46.771;6.075
39299;46.966;5.354
39300;46.674;5.557
39301;46.705;5.884
39302;47.19;5.721
39304;46.733;5.582
39305;47.03;5.553
39306;46.642;5.545
39307;46.479;5.692
39308;47.184;5.615
39310;46.795;5.555
39312;46.447;5.528
39313;46.68;5.779
39314;46.576;5.636
39315;46.954;5.836
39317;46.734;5.703
39318;46.39;5.701
39319;46.93;5.679
39320;46.567;5.412
39321;46.775;5.635
39322;46.624;5.838
39323;47.168;5.503
39324;46.554;5.636
39325;46.9;5.819
39326;46.594;5.677
39327;46.663;5.516
39328;46.495;5.74
39329;46.787;6.042
39330;46.807;5.666
39331;46.776;6.144
39333;46.439;5.738
39334;46.635;5.56
39335;47.188;5.532
39336;46.825;5.817
39337;46.952;5.68
39338;47.016;5.424
39339;46.352;5.764
39342;46.839;5.595
39343;46.458;5.511
39344;46.725;5.816
39345;47.114;5.46
39346;46.455;5.391
39348;46.654;5.573
39349;46.721;5.578
39350;47.02;5.638
39351;46.356;5.664
39352;47.159;5.71
39353;46.333;5.446
39354;46.894;5.639
39355;46.938;5.776
39356;46.705;5.792
39359;46.873;5.966
39360;47.217;5.516
39361;47.23;5.534
39362;46.687;5.52
39363;46.426;5.495
39364;46.787;5.844
39365;46.963;5.594
39366;46.704;5.845
39367;46.557;6.016
39368;46.526;6.033
39370;46.978;5.79
39372;46.777;5.99
39373;46.327;5.873
39375;46.53;5.567
39376;46.791;5.944
39377;47.282;5.53
39378;46.42;5.349
39379;46.749;5.423
39380;46.474;5.53
39381;46.794;5.974
39385;46.904;5.339
39386;46.894;5.6
39387;47.002;5.516
39388;46.734;5.645
39389;46.733;5.886
39390;46.603;5.643
39391;46.77;6.036
39392;47.204;5.56
39393;46.803;6.0
39394;46.448;5.664
39396;47.154;5.668
39397;46.506;5.622
39398;47.241;5.66
39399;46.99;5.663
39400;47.107;5.649
39401;46.915;5.598
39402;47.25;5.7
39403;46.974;5.826
39404;46.698;5.595
39405;47.022;5.48
39406;46.798;5.897
39407;46.804;5.624
39408;46.587;5.709
39409;47.198;5.473
39411;46.677;5.599
39412;46.994;5.366
39413;46.286;5.852
39415;46.932;5.338
39418;46.755;5.757
39419;46.704;5.908
39420;46.496;5.501
39421;46.708;5.57
39422;46.725;5.556
39423;46.524;5.637
39424;46.664;6.001
39425;46.881;5.808
39426;46.795;5.69
39427;46.815;6.02
39428;46.805;6.016
39429;46.916;5.46
39430;47.111;5.717
39431;46.594;5.622
39432;47.222;5.491
39434;46.822;5.733
39435;46.572;5.688
39436;46.876;5.899
39437;46.732;5.79
39439;46.998;5.819
39441;46.454;6.035
39443;46.558;5.582
39444;46.932;5.835
39445;46.63;5.651
39446;46.876;5.752
39447;46.734;5.525
39448;46.994;5.474
39449;47.157;5.473
39451;47.159;5.719
39452;47.138;5.716
39453;46.434;5.8
39454;46.808;5.507
39455;46.56;5.556
39456;46.766;5.438
39457;46.685;5.414
39458;46.628;5.609
39460;46.468;5.871
39461;46.762;6.055
39462;47.123;5.556
39463;46.328;5.744
39464;47.208;5.718
39465;47.161;5.594
39466;46.534;5.453
39467;46.583;5.477
39468;46.515;5.528
39469;47.226;5.709
39470;46.498;6.07
39471;46.73;5.496
39472;46.88;5.426
39473;46.669;5.864
39474;46.615;5.475
39475;46.438;5.336
39476;47.033;5.334
39477;46.987;5.434
39478;46.409;5.876
39479;46.959;5.723
39480;46.708;5.513
39481;46.779;5.938
39485;46.396;5.458
39486;46.804;5.598
39487;46.569;5.963
39489;46.828;5.64
39490;46.996;5.305
39491;46.41;5.786
39492;46.607;5.596
39493;46.568;5.834
39494;46.568;5.903
39495;46.972;5.881
39497;46.97;5.934
39498;47.16;5.794
39499;47.223;5.637
39500;46.948;5.898
39501;47.127;5.445
39502;47.042;5.666
39503;46.747;5.946
39504;46.474;5.618
39505;46.604;5.824
39507;46.944;5.541
39508;46.825;5.557
39510;46.373;5.923
39511;46.888;5.463
39512;46.902;5.467
39513;47.197;5.648
39514;47.206;5.614
39517;46.723;5.992
39518;46.647;5.83
39519;46.541;5.757
39520;46.979;5.554
39522;46.854;5.982
39523;46.696;5.951
39525;46.923;5.513
39526;47.038;5.403
39527;47.222;5.687
39528;47.24;5.609
39529;46.905;5.929
39530;46.279;5.524
39531;46.52;5.746
39532;46.426;5.396
39533;46.822;5.583
39534;46.524;5.663
39535;46.866;5.666
39537;46.64;5.469
39538;46.602;5.791
39539;46.938;5.706
39540;46.828;5.874
39543;46.773;5.912
39545;46.689;5.928
39546;46.966;5.627
39547;46.354;5.733
39548;46.823;5.728
39550;46.659;5.685
39551;46.458;5.422
39552;46.627;5.578
39553;46.732;5.594
39554;46.822;5.912
39555;46.824;5.526
39556;46.601;5.748
39557;46.357;5.611
39558;46.666;5.664
39559;47.056;5.631
39560;46.362;5.863
39561;46.406;5.736
39565;46.97;5.748
39567;46.695;5.553
39568;46.855;5.64
39569;46.994;5.76
39570;46.926;5.569
39571;46.967;5.52
39572;46.934;5.744
39573;47.045;5.494
39574;46.728;5.448
39575;46.848;5.507
39576;46.607;5.464
39577;46.788;5.482
39579;46.297;5.731
39581;47.254;5.676
39582;46.743;5.604
39583;46.331;5.522
39584;47.184;5.584
39585;46.321;5.785
39586;46.893;5.92
40001;43.698;-0.265
40002;43.594;-0.744
40003;43.7;-1.142
40004;43.659;-1.363
40005;43.606;-0.442
40006;44.034;-0.787
40007;43.581;-0.622
40008;44.372;-0.633
40011;43.582;-0.79
40012;43.846;-0.396
40013;43.89;-0.247
40014;44.058;-0.355
40015;44.112;0.086
40016;43.665;-0.496
40017;43.723;-0.591
40018;43.8;-0.825
40019;44.212;-1.19
40020;43.803;-0.599
40021;43.798;-1.296
40022;43.673;-0.346
40023;43.687;-0.793
40024;43.731;-0.621
40025;43.831;-0.425
40026;43.794;-0.556
40027;43.559;-0.61
40028;43.65;-0.777
40029;43.653;-0.464
40030;44.088;0.039
40031;43.83;-0.856
40032;44.373;-0.685
40033;44.062;-0.467
40034;43.593;-1.117
40035;43.644;-1.039
40036;43.635;-1.365
40037;43.822;-0.507
40038;43.668;-0.723
40039;43.976;-0.165
40040;43.921;-0.828
40041;43.564;-0.64
40042;43.557;-1.274
40043;44.135;-1.229
40044;43.546;-1.313
40046;44.409;-1.177
40047;43.564;-0.713
40049;43.778;-0.361
40050;43.97;-0.369
40051;43.904;-0.398
40052;43.831;-0.215
40053;44.151;-0.213
40054;43.631;-0.702
40055;43.837;-0.465
40056;44.046;-0.542
40057;43.715;-0.423
40058;44.08;-0.418
40059;43.605;-1.077
40060;44.285;-0.462
40061;43.862;-0.639
40062;43.915;-0.59
40063;43.711;-0.98
40064;43.999;-0.465
40065;43.632;-1.429
40066;43.855;-0.756
40067;43.872;-0.819
40068;43.76;-0.866
40069;43.587;-0.649
40070;43.807;-0.352
40071;43.659;-0.852
40072;43.655;-0.403
40073;43.552;-0.591
40074;43.618;-0.788
40075;43.874;-1.145
40076;43.783;-0.641
40077;43.561;-1.064
40078;43.684;-0.754
40079;43.625;-0.668
40080;43.764;-0.284
40081;43.995;-0.546
40082;43.715;-0.391
40083;43.607;-0.374
40084;43.648;-0.91
40085;44.213;-0.831
40086;43.688;-0.504
40087;43.995;-0.083
40088;43.701;-1.06
40089;43.693;-0.646
40090;43.659;-0.806
40091;43.718;-0.322
40092;43.704;-0.582
40093;44.006;0.037
40094;44.166;-1.041
40095;43.609;-0.91
40096;44.037;-0.116
40097;43.694;-0.383
40098;43.715;-0.552
40099;43.725;-0.451
40100;43.925;-0.245
40101;43.61;-1.041
40102;43.987;-0.004
40103;43.938;-0.374
40104;43.728;-0.873
40105;44.049;-0.65
40106;43.67;-0.899
40108;44.321;-1.194
40109;43.638;-0.742
40110;43.632;-0.366
40111;43.98;-0.64
40112;43.682;-0.822
40113;43.73;-0.917
40114;43.808;-1.048
40115;43.774;-0.909
40116;43.778;-0.778
40117;43.793;-0.422
40118;43.561;-0.932
40119;43.65;-0.591
40120;43.516;-1.137
40121;43.733;-0.693
40122;43.829;-0.562
40123;43.807;-1.125
40124;44.021;-0.037
40125;43.644;-1.082
40126;43.71;-0.938
40127;43.815;-0.26
40128;43.688;-0.601
40129;43.645;-1.237
40130;43.615;-0.607
40131;43.948;-0.175
40132;43.552;-0.998
40133;43.596;-1.43
40134;44.22;-0.907
40135;44.126;-0.564
40136;43.59;-0.419
40137;43.957;-0.285
40138;43.61;-0.592
40139;43.864;-0.396
40140;43.966;-0.081
40141;43.713;-0.789
40142;43.851;-0.986
40143;43.796;-0.66
40144;43.704;-0.734
40145;43.755;-0.425
40146;43.633;-0.291
40147;43.756;-0.79
40148;43.564;-0.328
40149;44.15;-0.391
40150;43.849;-1.281
40151;43.858;-0.908
40152;43.963;-1.077
40153;43.819;-0.652
40154;44.01;-1.153
40155;43.929;-1.219
40156;44.308;-0.886
40157;44.02;-1.276
40158;44.095;-0.09
40159;43.756;-0.891
40160;43.732;-0.794
40161;44.116;-0.017
40162;43.975;-0.41
40163;44.238;-0.981
40164;44.136;-0.302
40165;44.084;-0.725
40166;43.774;-0.232
40167;44.221;-0.516
40168;43.774;-1.2
40169;44.213;-0.178
40170;44.027;-0.442
40171;44.425;-0.666
40172;43.592;-0.503
40173;43.573;-0.68
40174;43.615;-0.336
40175;43.826;-0.372
40176;43.959;-0.132
40177;43.693;-0.7
40178;43.886;-0.436
40179;43.71;-1.122
40180;43.86;-0.696
40181;43.812;-1.364
40182;44.087;-1.133
40183;43.647;-0.959
40184;44.189;-1.246
40185;43.594;-0.322
40186;43.584;-0.958
40187;43.858;-1.361
40188;43.617;-0.64
40189;43.559;-0.535
40190;43.615;-0.545
40191;43.728;-0.656
40192;43.899;-0.491
40193;43.874;-0.204
40194;43.704;-0.836
40195;43.757;-0.48
40196;43.73;-0.506
40197;44.041;-0.889
40198;43.604;-0.572
40199;43.589;-0.884
40200;44.388;-0.751
40201;43.741;-0.753
40202;43.694;-1.008
40203;43.598;-0.689
40204;43.751;-0.723
40205;43.722;-0.822
40206;43.528;-1.099
40207;43.673;-1.078
40208;43.778;-0.832
40209;43.566;-1.454
40210;44.072;-1.026
40211;43.638;-1.174
40212;43.564;-1.147
40213;43.605;-1.371
40214;43.558;-0.878
40215;43.946;-0.752
40216;43.658;-0.878
40217;44.345;-1.065
40218;43.937;0.035
40219;43.626;-0.398
40220;43.653;-0.361
40221;43.865;-0.259
40222;43.616;-1.208
40223;43.572;-0.558
40224;43.558;-1.107
40225;43.568;-0.429
40226;43.577;-0.377
40227;44.296;-0.781
40228;43.622;-0.839
40229;44.255;-1.088
40230;43.798;-0.94
40231;43.568;-1.18
40232;43.583;-0.592
40233;43.607;-1.001
40234;43.988;-0.35
40235;43.754;-0.816
40236;43.688;-0.865
40237;43.756;-0.92
40238;43.862;-0.342
40239;43.605;-0.401
40240;43.747;-0.369
40242;44.056;0.049
40243;43.935;-0.934
40244;43.699;-1.172
40245;44.037;-0.327
40246;44.146;-0.735
40247;43.606;-0.272
40248;43.566;-1.358
40249;43.718;-0.72
40250;43.945;-0.459
40251;43.52;-1.331
40252;43.681;-0.557
40253;43.654;-0.676
40254;43.526;-1.011
40255;43.9;-0.35
40256;43.59;-1.187
40257;44.278;-1.214
40258;43.935;-0.327
40259;43.832;-0.306
40260;43.755;-0.841
40261;43.687;-1.236
40262;44.07;-0.236
40263;43.785;-0.88
40264;43.619;-1.262
40265;43.993;-0.139
40266;44.091;-1.248
40267;43.998;-0.23
40268;43.521;-1.284
40269;43.621;-1.134
40270;43.68;-0.418
40271;43.552;-1.233
40272;43.581;-1.277
40273;43.532;-1.388
40274;43.929;-0.652
40275;43.792;-0.467
40276;43.882;-1.252
40277;43.669;-1.04
40278;44.201;-1.15
40279;43.746;-1.081
40280;43.877;-0.592
40281;43.871;-0.526
40282;43.761;-0.566
40283;43.766;-1.002
40284;43.659;-1.3
40285;43.902;-0.742
40286;43.63;-0.491
40287;44.478;-1.064
40288;44.014;-0.312
40289;43.706;-0.501
40290;43.59;-0.266
40291;43.674;-1.333
40292;43.608;-1.322
40293;43.669;-1.186
40294;43.673;-0.989
40295;44.39;-0.856
40296;43.702;-1.397
40297;44.144;-0.501
40298;43.666;-0.523
40299;43.665;-0.644
40300;43.683;-1.06
40301;43.65;-1.133
40303;44.127;-0.9
40304;43.668;-1.412
40305;43.641;-0.326
40306;43.523;-1.048
40307;44.306;-0.611
40308;43.682;-0.925
40309;43.793;-0.717
40310;43.75;-1.328
40311;43.885;-1.062
40312;43.537;-1.465
40313;43.818;-0.783
40314;43.671;-1.115
40315;43.747;-0.96
40316;43.58;-0.837
40317;43.698;-1.317
40318;43.755;-0.674
40319;44.223;-0.715
40320;43.946;-0.548
40321;43.64;-0.432
40322;44.034;-1.196
40323;44.094;-0.612
40324;43.785;-0.857
40325;43.685;-0.464
40326;43.94;-1.326
40327;44.056;-0.171
40328;43.787;-1.397
40329;43.782;-0.287
40330;43.966;-0.822
40331;43.906;-0.304
40332;44.357;-0.958
40333;43.996;-0.721
40334;43.717;-1.016
41001;47.709;0.969
41002;47.316;1.24
41003;47.798;1.103
41004;47.75;0.747
41006;47.884;1.42
41007;47.638;0.883
41008;47.725;1.555
41009;47.686;1.301
41010;47.857;0.997
41012;47.984;0.854
41013;47.529;1.611
41014;47.943;0.971
41016;47.314;1.544
41017;47.906;1.466
41018;47.582;1.306
41019;47.774;1.306
41020;47.813;0.76
41022;48.01;1.088
41024;48.019;0.989
41025;47.551;1.544
41026;47.949;1.269
41027;47.816;1.472
41028;47.904;1.136
41029;47.507;1.266
41030;47.831;0.796
41031;47.528;1.381
41032;47.539;1.316
41034;47.616;1.542
41035;47.718;1.257
41036;47.612;2.163
41037;47.826;1.212
41038;47.259;1.752
41039;47.733;1.412
41040;47.676;1.239
41041;47.986;1.034
41042;47.22;1.361
41043;47.287;1.484
41044;47.299;1.93
41045;47.466;1.199
41046;47.614;1.923
41047;47.611;1.358
41048;47.96;1.078
41049;47.358;1.488
41050;47.477;1.454
41051;47.354;1.136
41052;47.491;1.367
41053;47.998;0.932
41054;47.365;1.349
41055;47.524;1.239
41057;47.741;1.298
41058;47.778;1.482
41059;47.421;1.436
41060;47.962;0.907
41061;47.486;1.403
41062;47.364;1.404
41063;47.249;1.437
41065;47.778;1.133
41066;47.695;1.535
41067;47.51;1.477
41068;47.47;1.628
41069;47.658;1.415
41070;47.749;0.686
41071;47.654;1.623
41072;47.732;1.099
41073;47.908;1.014
41074;47.588;1.675
41075;48.034;1.066
41077;47.813;1.25
41078;47.894;0.928
41079;47.732;0.713
41080;47.312;1.183
41081;47.804;1.189
41083;47.539;1.855
41084;47.402;1.959
41085;47.668;1.687
41086;47.488;1.55
41087;47.799;0.836
41088;47.974;1.135
41089;48.055;1.014
41090;47.844;0.914
41091;47.631;1.277
41093;47.618;1.108
41094;47.438;1.41
41095;47.89;1.206
41096;48.099;0.99
41097;47.289;1.67
41098;47.652;1.075
41099;47.342;1.594
41100;47.699;0.78
41101;47.615;1.156
41102;47.745;0.947
41103;47.723;1.011
41104;47.595;1.454
41105;47.792;1.532
41106;47.603;2.023
41107;47.685;1.067
41108;47.653;1.127
41109;47.658;1.172
41110;47.308;1.839
41112;47.368;1.635
41113;47.737;0.886
41114;47.749;1.566
41115;47.863;1.194
41116;47.869;1.107
41118;47.404;1.843
41119;47.821;1.499
41120;47.81;0.905
41121;47.778;1.39
41122;47.236;1.871
41123;47.834;1.411
41124;47.759;1.003
41125;47.463;1.871
41126;47.276;1.303
41127;47.583;1.789
41128;47.653;1.31
41129;47.633;1.483
41130;47.738;1.353
41131;47.84;0.949
41132;47.327;1.452
41134;47.647;1.4
41135;47.293;1.875
41136;47.713;1.504
41137;47.518;1.1
41138;47.816;1.112
41139;47.246;1.501
41140;47.451;1.78
41141;47.919;1.319
41142;47.58;1.226
41143;47.987;0.896
41144;47.486;1.106
41145;47.462;1.271
41146;47.352;1.291
41147;47.504;1.304
41148;47.636;1.446
41149;47.765;0.855
41150;47.558;1.448
41151;47.36;1.184
41152;47.55;1.718
41153;47.706;0.714
41154;47.916;1.249
41155;47.665;1.533
41156;47.695;1.381
41157;47.417;1.599
41158;47.787;1.023
41159;47.536;1.811
41160;47.568;1.586
41161;47.537;2.03
41163;47.718;1.05
41164;47.283;1.411
41166;47.394;1.376
41167;47.512;1.165
41168;47.305;2.122
41171;47.819;1.299
41172;47.943;1.342
41173;47.903;1.534
41174;47.751;1.15
41175;47.868;1.146
41176;47.527;2.127
41177;48.088;0.862
41178;47.811;1.425
41179;48.071;1.07
41180;47.397;1.23
41181;47.308;1.278
41182;47.684;1.111
41184;47.685;0.913
41185;47.34;1.68
41186;47.87;1.061
41187;47.839;1.173
41188;47.754;1.267
41189;47.459;1.145
41190;47.814;1.149
41191;47.794;1.454
41192;47.786;0.888
41193;47.951;1.026
41194;47.374;1.745
41195;47.361;1.543
41196;48.014;1.136
41198;47.251;1.334
41199;47.684;1.001
41200;47.759;1.083
41201;47.708;0.87
41203;47.644;1.239
41204;47.618;1.42
41205;47.621;1.026
41206;47.634;1.374
41207;47.651;1.495
41208;47.598;1.064
41209;47.845;1.101
41211;47.309;1.137
41212;47.561;1.361
41213;47.661;1.012
41214;47.931;1.183
41215;47.766;0.79
41216;47.962;1.21
41217;47.32;1.208
41218;47.266;1.78
41219;47.858;1.464
41220;47.709;1.625
41221;47.823;1.365
41222;47.255;1.824
41223;47.617;1.212
41224;47.968;0.968
41225;47.725;0.824
41226;47.828;1.071
41228;47.77;0.916
41229;47.318;1.386
41230;47.603;1.262
41231;47.514;1.934
41232;47.414;2.045
41233;47.432;1.277
41234;47.565;1.103
41235;47.928;0.864
41236;47.72;0.921
41237;47.392;1.446
41238;47.87;0.831
41239;47.254;1.382
41241;47.376;1.907
41242;47.278;1.564
41243;47.765;1.212
41245;47.757;1.508
41246;47.512;1.338
41247;47.412;1.528
41248;48.045;0.847
41249;47.457;2.171
41250;47.779;0.726
41251;47.649;2.167
41252;47.681;1.454
41253;47.768;1.438
41254;47.931;0.934
41255;47.735;0.772
41256;47.319;2.04
41258;47.325;1.33
41259;47.786;0.971
41260;47.614;1.611
41261;47.691;1.156
41262;47.547;1.511
41265;47.789;0.779
41266;47.474;1.256
41267;47.411;1.148
41268;47.428;1.688
41269;47.801;1.061
41271;47.498;1.693
41273;47.872;1.298
41274;47.752;0.905
41275;47.919;1.097
41276;47.627;1.319
41277;47.987;1.173
41278;47.644;0.95
41279;47.715;0.64
41280;47.306;1.754
41281;47.696;1.203
41282;47.36;1.812
41283;47.728;1.187
41284;47.785;1.317
41285;47.623;1.753
41286;47.644;0.986
41287;47.756;1.04
41288;47.664;1.357
41289;47.859;1.532
41290;47.718;1.147
41291;47.787;1.166
41292;47.742;1.446
41293;47.746;0.981
41294;47.81;0.997
41295;47.586;1.388
41296;47.643;2.05
41297;47.637;1.848
42001;45.413;4.127
42002;45.799;3.934
42003;46.106;3.892
42005;45.535;4.276
42006;45.391;3.995
42007;46.135;4.288
42008;46.009;3.87
42009;45.769;4.038
42010;45.569;4.379
42011;45.83;4.183
42012;45.592;3.998
42013;45.641;4.309
42014;46.16;4.409
42015;46.162;4.35
42016;46.159;4.048
42017;45.374;4.515
42018;45.391;4.703
42019;45.751;4.009
42020;45.625;4.208
42021;45.513;4.119
42022;45.522;4.222
42023;45.304;4.566
42025;46.097;4.215
42026;46.147;4.077
42027;45.929;3.993
42028;45.264;4.56
42029;45.84;4.264
42030;45.795;4.035
42031;45.414;4.235
42032;45.521;4.53
42033;46.121;4.304
42034;45.852;3.754
42035;45.802;3.965
42036;45.534;4.554
42037;45.673;4.06
42038;45.641;4.172
42039;45.698;3.824
42040;45.755;3.762
42041;45.697;4.173
42042;45.452;4.226
42043;45.574;4.322
42044;45.389;4.332
42045;45.744;3.758
42046;45.641;4.05
42047;45.854;3.844
42048;46.147;4.202
42049;46.146;3.9
42050;45.459;3.985
42051;45.478;4.714
42052;46.166;4.174
42053;45.515;4.634
42054;45.639;3.98
42055;45.59;4.462
42056;45.419;4.729
42058;45.542;4.002
42059;45.629;4.374
42060;45.486;4.09
42061;45.968;3.889
42062;45.59;4.408
42063;45.913;4.283
42064;45.456;4.702
42065;45.768;4.234
42066;45.76;4.177
42067;45.354;4.594
42068;46.022;4.264
42069;45.995;4.06
42070;45.943;4.059
42071;46.017;4.091
42072;45.771;3.829
42073;45.794;4.296
42074;46.073;4.206
42075;45.574;4.226
42076;45.915;3.924
42077;45.913;4.219
42078;46.173;3.838
42079;46.124;4.266
42081;45.606;4.266
42083;45.563;4.674
42084;45.758;3.942
42085;45.418;4.589
42086;46.151;4.305
42087;45.587;4.045
42088;45.791;4.201
42089;45.618;3.999
42090;45.758;4.338
42091;45.431;4.017
42092;45.494;4.372
42093;45.485;4.602
42094;45.732;4.223
42095;45.379;4.289
42096;45.542;4.431
42097;45.501;4.319
42098;45.943;4.272
42099;45.384;4.26
42100;45.556;4.414
42101;45.36;4.56
42102;45.574;4.442
42103;45.504;4.559
42104;46.072;4.276
42105;45.615;4.155
42106;45.864;3.948
42107;45.527;3.977
42108;45.592;4.197
42109;45.772;3.936
42110;45.492;4.541
42112;46.101;4.246
42113;45.743;4.319
42115;45.32;4.362
42116;45.892;3.894
42117;45.54;4.042
42118;45.969;4.241
42119;45.744;3.984
42120;45.992;3.975
42121;45.594;3.947
42122;45.56;4.057
42123;45.511;4.581
42124;45.373;4.701
42125;45.883;3.929
42126;45.451;4.074
42127;46.092;4.063
42128;45.926;4.315
42129;45.361;4.698
42130;45.67;4.171
42131;46.176;4.243
42132;45.386;4.726
42133;45.573;4.482
42134;45.689;4.029
42135;45.664;4.221
42136;45.704;3.998
42137;45.525;4.053
42138;45.661;4.354
42139;45.293;4.397
42140;45.475;4.039
42141;46.15;4.251
42142;45.374;4.024
42143;45.791;4.166
42145;46.033;4.226
42146;45.458;3.99
42147;45.601;4.071
42148;45.824;4.328
42149;45.635;4.241
42150;45.712;4.077
42151;45.672;4.12
42152;46.099;4.17
42153;45.958;4.167
42154;45.836;4.231
42155;45.812;4.142
42156;45.9;4.168
42157;46.141;4.004
42158;46.035;3.836
42159;45.806;3.744
42160;45.818;3.99
42161;45.989;4.135
42162;46.013;3.996
42163;46.185;3.88
42164;45.743;3.926
42165;45.794;4.344
42166;45.988;4.092
42167;45.465;4.66
42168;45.423;4.66
42169;45.447;4.143
42170;46.04;4.145
42171;45.871;4.135
42172;45.386;4.431
42173;45.831;4.076
42174;45.727;4.151
42175;45.801;4.233
42176;46.045;3.978
42177;46.135;4.132
42178;46.0;4.172
42179;45.66;4.021
42180;45.588;4.149
42181;45.997;4.214
42182;46.048;3.909
42183;45.403;4.369
42184;46.043;4.034
42185;45.588;4.25
42186;45.523;4.61
42187;46.045;4.08
42188;45.616;3.921
42189;45.426;4.325
42191;45.391;4.658
42192;45.376;4.114
42193;45.804;4.273
42194;46.239;3.843
42195;45.736;3.961
42196;45.836;4.305
42197;45.744;4.051
42198;46.006;3.931
42199;46.027;3.935
42200;45.647;4.264
42201;45.346;4.648
42202;45.719;4.328
42203;46.13;3.828
42204;45.425;4.065
42205;45.655;3.926
42206;45.541;4.332
42207;45.47;4.502
42208;45.536;4.467
42209;45.868;4.283
42210;45.477;4.634
42211;45.54;4.23
42212;45.962;4.105
42213;45.889;4.313
42214;45.677;4.289
42215;46.176;4.208
42216;45.612;4.431
42217;45.793;3.864
42218;45.43;4.379
42219;45.74;4.097
42220;46.139;3.943
42221;45.777;4.109
42222;45.603;4.314
42223;45.456;4.331
42224;45.347;4.431
42225;45.535;4.573
42226;45.854;4.107
42227;45.707;3.93
42228;45.544;4.092
42229;46.199;4.391
42230;45.831;4.02
42231;46.109;3.964
42232;46.065;3.917
42233;46.074;3.905
42234;45.53;4.382
42235;45.368;4.06
42236;46.121;4.183
42237;45.457;4.448
42238;45.775;3.792
42239;45.958;3.986
42240;45.501;4.011
42241;45.888;4.127
42242;45.555;4.619
42243;45.852;3.991
42245;45.82;3.818
42246;45.322;4.618
42247;45.732;3.88
42248;45.924;3.843
42249;45.888;4.242
42251;45.689;4.232
42252;45.774;3.906
42253;46.042;4.001
42254;45.862;4.188
42255;45.871;3.88
42256;45.489;4.168
42257;46.209;3.818
42259;45.552;4.591
42260;45.837;3.921
42261;45.732;4.369
42262;45.408;4.184
42264;45.592;4.362
42265;45.444;4.734
42266;45.405;4.082
42267;46.162;4.126
42268;45.889;4.083
42269;45.675;4.09
42270;45.396;4.239
42271;45.471;4.579
42272;45.377;4.744
42273;46.183;4.103
42274;45.91;3.981
42275;45.475;4.373
42276;45.946;3.742
42277;45.92;4.106
42278;45.802;3.81
42279;45.49;4.25
42280;45.289;4.455
42281;46.071;3.837
42282;45.886;3.818
42283;45.565;4.542
42284;46.082;3.995
42285;45.557;4.131
42286;45.366;4.371
42287;45.271;4.501
42288;45.772;3.974
42289;45.944;4.217
42290;45.571;4.086
42293;46.006;4.283
42294;46.009;4.116
42295;45.855;3.784
42296;45.734;4.283
42297;45.759;4.276
42298;45.664;3.86
42299;45.622;4.1
42300;46.099;4.288
42301;45.506;4.064
42302;45.5;4.437
42303;45.88;3.99
42304;45.542;4.182
42305;45.478;4.424
42306;45.361;4.492
42307;45.554;4.664
42308;45.448;4.579
42310;45.336;4.547
42311;45.488;4.398
42312;45.424;4.083
42313;45.725;4.001
42314;45.959;3.813
42315;45.607;4.227
42316;45.407;4.269
42317;46.251;3.886
42318;45.392;3.934
42319;45.708;4.281
42320;45.542;4.512
42321;45.757;3.844
42322;45.405;4.525
42323;45.562;4.29
42324;45.562;4.251
42325;45.933;4.135
42326;45.372;4.635
42327;45.46;4.741
42328;45.568;3.989
42329;45.321;4.506
42330;45.469;4.352
42331;45.982;3.936
42332;45.998;4.028
42333;46.125;4.227
42334;45.852;4.349
42335;45.655;4.382
42336;45.687;4.346
42337;46.182;3.937
42338;46.093;4.124
42339;45.902;3.771
43001;45.345;3.45
43002;45.053;3.885
43003;45.188;3.69
43004;44.894;3.989
43005;44.907;3.68
43006;45.15;3.317
43007;45.065;4.169
43008;44.867;3.903
43009;45.113;3.41
43010;44.994;3.955
43011;45.128;3.445
43012;45.369;4.205
43013;45.116;3.624
43014;45.337;3.129
43015;44.997;3.392
43016;45.387;3.378
43017;45.354;3.399
43018;44.996;3.764
43019;44.834;3.884
43020;45.316;4.105
43021;45.143;3.951
43022;45.312;3.331
43023;45.288;3.821
43024;45.194;4.082
43025;45.257;4.093
43026;45.217;3.815
43027;45.287;3.595
43028;45.131;4.08
43029;44.971;3.415
43030;45.111;3.85
43031;45.161;3.384
43032;45.062;3.972
43033;45.318;3.177
43034;45.317;3.982
43035;45.307;3.733
43036;45.094;3.792
43037;44.887;3.788
43038;45.343;3.324
43039;44.916;3.877
43040;45.296;3.385
43041;45.046;3.924
43042;44.922;3.811
43043;45.183;3.76
43044;45.159;3.472
43045;45.035;3.83
43046;45.061;3.901
43047;44.95;3.937
43048;45.319;3.693
43049;45.187;3.981
43050;45.382;3.24
43051;45.052;4.32
43052;45.355;3.504
43053;45.024;4.161
43054;44.857;3.488
43055;45.316;3.48
43056;45.068;3.53
43057;45.217;3.648
43058;45.331;4.205
43059;45.353;3.674
43060;45.025;3.559
43061;45.088;3.931
43062;45.065;3.75
43063;45.22;3.55
43064;45.4;3.487
43065;45.063;3.321
43066;44.946;4.196
43067;45.158;3.585
43068;45.022;3.49
43069;45.137;4.237
43070;45.157;3.441
43071;45.259;3.821
43072;45.228;3.467
43073;45.33;3.609
43074;45.335;3.371
43075;45.244;3.602
43076;45.299;3.646
43077;44.892;3.842
43078;45.0;3.927
43079;45.185;3.497
43080;45.332;3.853
43082;45.082;3.362
43083;44.997;3.564
43084;44.985;3.875
43085;45.022;3.442
43086;45.246;3.506
43087;45.215;4.346
43088;45.303;3.233
43089;45.046;3.858
43090;44.903;3.547
43091;44.907;4.141
43092;44.986;4.212
43093;45.265;3.753
43094;45.086;3.405
43095;45.142;3.665
43096;45.289;3.43
43097;44.898;4.094
43098;44.935;4.07
43099;45.387;3.309
43100;45.271;3.5
43101;44.893;3.921
43102;45.192;4.184
43103;45.286;3.21
43104;44.91;3.469
43105;45.292;3.49
43106;45.17;3.618
43107;45.214;3.61
43108;45.306;3.782
43109;44.837;3.989
43110;45.315;3.427
43111;44.85;3.845
43112;45.082;3.478
43113;44.989;4.004
43114;45.18;4.235
43115;44.967;4.052
43116;45.355;3.568
43117;45.263;3.455
43118;45.156;3.411
43119;45.12;3.903
43120;45.379;3.28
43121;45.353;3.24
43122;45.134;3.76
43123;45.324;3.263
43124;45.098;3.745
43125;45.243;3.252
43126;45.099;3.967
43127;45.355;4.153
43128;45.343;3.726
43129;45.119;4.369
43130;45.044;4.24
43131;45.188;3.566
43132;45.128;3.528
43133;45.188;3.304
43134;45.168;4.014
43135;44.934;4.007
43136;44.976;3.636
43137;45.291;4.184
43138;45.229;3.714
43139;45.264;3.58
43140;45.067;3.913
43141;45.184;4.323
43142;45.16;4.355
43143;45.01;4.114
43144;44.949;4.103
43145;44.906;3.74
43147;45.295;3.341
43148;45.218;3.515
43149;45.029;3.521
43150;45.102;4.064
43151;45.039;3.385
43152;45.08;3.861
43153;45.335;4.243
43154;44.765;3.872
43155;45.025;3.594
43156;44.891;4.044
43157;45.028;3.895
43158;45.07;4.104
43159;45.192;4.283
43160;44.805;3.801
43162;45.219;4.028
43163;45.235;4.422
43164;45.233;3.948
43165;45.131;4.003
43166;45.275;3.954
43167;45.084;3.563
43168;44.834;3.924
43169;45.119;3.357
43170;45.277;3.283
43171;45.03;3.63
43172;45.144;4.433
43173;44.849;3.702
43174;44.99;3.826
43175;45.134;3.39
43177;45.31;4.285
43178;45.305;3.548
43180;44.789;3.836
43181;45.086;4.006
43182;45.304;3.126
43183;45.142;3.63
43184;45.357;4.259
43185;45.402;3.31
43186;44.973;4.139
43187;45.174;3.831
43188;45.159;3.552
43189;45.304;3.888
43190;45.033;3.978
43191;45.335;3.294
43192;44.855;3.762
43193;45.381;3.439
43194;45.078;4.049
43195;45.2;3.406
43196;45.364;3.811
43197;45.065;3.69
43198;44.942;3.724
43199;45.104;4.212
43200;45.03;4.08
43201;45.306;3.924
43202;45.048;3.576
43203;45.147;4.048
43204;45.19;4.437
43205;45.346;4.322
43206;45.233;3.331
43207;45.277;3.347
43208;45.211;3.583
43210;44.907;3.946
43211;45.22;4.135
43212;45.348;3.963
43213;45.242;4.283
43214;45.258;3.647
43215;44.799;3.894
43216;45.135;3.821
43217;45.246;3.888
43218;45.047;4.027
43219;45.249;3.552
43220;44.92;3.625
43221;45.002;3.67
43222;45.195;3.443
43223;45.265;4.34
43224;45.247;4.228
43225;44.875;3.675
43226;45.377;3.542
43227;45.294;4.324
43228;45.336;3.776
43229;45.075;3.799
43230;45.152;3.898
43231;44.866;3.981
43232;45.21;3.483
43233;45.046;3.791
43234;44.948;3.539
43236;45.295;4.25
43237;45.272;3.694
43238;44.954;3.783
43239;45.079;3.627
43240;45.252;3.997
43241;44.958;3.881
43242;45.05;3.457
43244;45.113;4.3
43245;44.859;3.561
43246;45.288;4.012
43247;45.352;3.198
43249;45.321;4.047
43250;45.271;3.528
43251;45.024;3.866
43252;45.177;3.645
43253;44.99;4.27
43254;45.117;3.694
43256;44.982;3.483
43257;45.032;3.734
43258;45.372;3.331
43259;45.146;3.711
43260;45.039;3.662
43261;45.405;3.348
43262;45.251;3.404
43263;44.851;3.951
43264;45.194;3.378
43265;45.24;4.179
43267;45.193;3.905
43268;45.139;4.131
44001;47.556;-1.493
44002;47.072;-1.416
44003;47.383;-1.182
44005;47.159;-1.954
44006;47.438;-2.413
44007;47.635;-1.97
44009;47.212;-1.462
44010;47.284;-2.474
44012;47.086;-2.032
44013;47.38;-2.074
44014;47.1;-1.509
44015;47.463;-1.768
44016;47.235;-1.204
44018;47.147;-1.672
44019;47.305;-1.913
44020;47.171;-1.617
44021;47.038;-1.926
44022;47.054;-1.163
44023;47.417;-1.877
44024;47.17;-1.726
44025;47.416;-1.968
44026;47.302;-1.473
44027;47.392;-1.556
44028;47.338;-1.36
44029;47.281;-1.35
44030;47.437;-2.246
44031;47.62;-1.195
44032;47.172;-1.35
44033;47.353;-1.982
44035;47.304;-1.561
44036;47.722;-1.387
44037;47.116;-1.438
44038;47.159;-2.012
44039;47.181;-1.798
44041;47.089;-1.596
44043;47.098;-1.27
44044;47.649;-1.762
44045;47.297;-1.836
44046;47.26;-2.094
44047;47.231;-1.729
44048;47.389;-1.293
44049;47.292;-2.523
44050;47.404;-2.153
44051;47.658;-1.678
44052;47.339;-2.074
44053;47.468;-2.059
44054;47.669;-1.322
44055;47.291;-2.354
44056;47.391;-1.795
44057;47.581;-2.025
44058;47.8;-1.388
44061;47.246;-1.934
44062;47.528;-1.794
44063;47.081;-1.218
44064;47.104;-1.311
44065;47.576;-1.312
44066;47.361;-1.618
44067;47.628;-1.831
44068;47.503;-1.956
44069;47.331;-2.417
44070;47.161;-1.4
44071;47.196;-1.41
44072;47.447;-2.313
44073;47.421;-1.637
44074;47.198;-1.672
44075;47.617;-1.456
44076;47.624;-1.604
44077;47.509;-1.429
44078;47.689;-1.212
44079;47.208;-1.298
44080;47.321;-1.958
44081;46.9;-1.579
44082;47.401;-1.381
44083;46.987;-1.642
44084;47.233;-1.332
44085;47.671;-1.426
44086;47.676;-1.582
44087;46.991;-1.824
44088;47.116;-1.389
44089;47.343;-1.854
44090;46.991;-1.719
44091;47.592;-1.696
44092;47.676;-1.905
44094;47.316;-1.403
44095;47.564;-1.394
44096;47.429;-1.226
44097;47.396;-2.471
44098;47.488;-2.178
44099;47.622;-1.375
44100;47.12;-1.349
44101;47.185;-1.685
44102;47.068;-1.47
44103;47.323;-2.147
44104;47.403;-0.972
44105;47.705;-1.665
44106;47.062;-1.99
44107;47.438;-1.331
44108;47.129;-1.274
44109;47.232;-1.548
44110;47.447;-1.518
44111;47.375;-1.716
44112;47.771;-1.343
44113;47.573;-1.601
44114;47.274;-1.623
44115;47.355;-1.271
44116;47.286;-2.028
44117;47.144;-1.345
44118;47.488;-1.216
44119;46.958;-1.778
44120;47.223;-1.825
44121;47.611;-1.278
44122;47.405;-1.457
44123;47.689;-1.775
44124;47.592;-1.147
44125;47.378;-2.517
44126;47.144;-2.184
44127;47.02;-1.44
44128;47.556;-1.89
44129;47.434;-2.096
44130;47.127;-1.566
44131;47.122;-2.052
44132;47.262;-2.314
44133;47.141;-1.768
44134;47.468;-1.175
44135;47.272;-2.432
44136;47.132;-2.214
44137;47.374;-2.019
44138;47.519;-1.62
44139;47.462;-1.941
44140;47.185;-1.194
44141;47.226;-1.232
44142;47.039;-1.388
44143;47.176;-1.55
44144;47.521;-1.312
44145;47.176;-1.843
44146;47.77;-1.434
44148;47.764;-1.521
44149;47.491;-1.579
44150;47.133;-1.623
44151;47.323;-2.313
44152;47.452;-2.019
44153;47.706;-1.479
44154;47.238;-2.152
44155;47.025;-1.559
44156;46.953;-1.601
44157;46.945;-1.718
44158;47.265;-1.784
44159;47.143;-1.416
44161;47.509;-2.06
44162;47.224;-1.634
44163;47.406;-1.115
44164;47.096;-1.88
44165;47.06;-1.317
44166;47.194;-1.72
44168;47.372;-2.243
44169;47.246;-1.406
44170;47.653;-1.229
44171;47.143;-1.714
44172;47.254;-1.473
44173;47.08;-1.363
44174;47.052;-1.724
44175;47.378;-2.335
44176;47.356;-2.172
44178;47.08;-1.752
44179;47.357;-1.445
44180;47.531;-1.194
44182;47.176;-2.127
44183;47.388;-2.415
44184;47.28;-2.254
44185;47.636;-2.057
44186;47.084;-1.818
44187;47.225;-2.066
44188;47.06;-1.657
44189;47.444;-2.181
44190;47.203;-1.499
44192;47.248;-1.993
44193;47.656;-1.505
44194;47.273;-1.68
44195;47.357;-1.918
44196;47.554;-2.067
44197;47.729;-1.581
44198;47.142;-1.52
44199;47.726;-1.29
44200;47.821;-1.448
44201;47.354;-1.52
44202;47.464;-1.287
44203;47.328;-1.79
44204;47.276;-1.432
44205;47.452;-1.428
44206;46.906;-1.68
44207;47.479;-1.364
44208;47.613;-1.528
44209;47.318;-1.626
44210;47.312;-2.207
44211;47.351;-2.488
44212;47.172;-1.262
44213;47.402;-1.024
44214;47.545;-1.708
44215;47.16;-1.47
44216;46.971;-1.419
44217;47.32;-1.72
44218;47.77;-1.285
44220;47.194;-1.901
44221;47.477;-1.665
44222;47.438;-1.144
44223;47.06;-1.526
44224;47.518;-1.68
45001;47.764;2.798
45002;47.795;2.937
45004;47.987;2.782
45005;48.274;2.023
45006;47.788;1.883
45008;48.076;1.88
45009;48.112;2.01
45010;48.127;2.249
45011;48.12;2.131
45012;48.28;2.243
45013;48.253;2.419
45014;48.209;2.373
45015;48.277;2.092
45016;47.595;2.602
45017;47.965;2.491
45018;48.109;2.486
45019;47.885;1.624
45020;47.842;1.649
45021;48.112;2.399
45022;48.083;2.37
45023;47.611;2.886
45024;47.811;1.668
45025;48.162;2.052
45026;48.132;2.99
45027;47.944;2.455
45028;47.778;1.64
45029;47.535;2.803
45030;48.075;2.43
45031;47.98;2.416
45032;48.148;2.935
45033;48.148;2.433
45034;47.932;2.019
45035;48.039;2.357
45036;47.78;2.72
45037;48.254;1.986
45038;48.185;2.281
45039;47.794;2.393
45040;47.577;2.839
45041;48.101;2.537
45042;47.816;2.437
45043;47.87;2.047
45044;48.042;2.023
45045;48.098;2.288
45046;47.975;1.777
45047;48.104;2.246
45049;47.865;2.368
45050;48.117;2.36
45051;47.829;2.381
45052;47.677;2.889
45053;47.645;2.745
45054;48.226;2.414
45055;48.001;1.775
45056;48.183;2.496
45058;48.06;1.921
45059;47.939;1.754
45060;47.735;2.747
45061;48.051;2.74
45062;47.987;1.897
45063;47.63;2.382
45064;47.546;2.653
45065;48.263;2.285
45066;47.936;2.528
45067;47.892;1.774
45068;48.019;2.736
45069;48.049;2.284
45070;47.651;2.923
45072;47.976;1.965
45073;48.043;2.97
45074;48.033;1.611
45075;47.889;1.828
45076;48.015;2.837
45077;47.871;2.874
45078;48.037;2.578
45079;47.802;2.993
45080;48.238;2.115
45081;47.929;1.574
45082;47.885;2.232
45083;47.927;2.922
45084;47.916;2.406
45085;47.823;2.875
45086;48.164;2.102
45087;47.572;2.736
45088;48.163;1.994
45089;47.902;2.023
45091;48.132;2.86
45092;47.967;2.622
45093;48.03;1.894
45094;48.145;2.894
45095;48.057;2.142
45096;47.787;2.656
45097;47.997;2.969
45098;47.815;1.768
45099;48.017;1.733
45100;47.9;1.987
45101;47.956;2.308
45102;47.946;2.777
45103;48.075;2.56
45104;48.041;2.694
45105;47.907;2.769
45107;47.905;2.475
45108;47.618;2.506
45109;47.932;1.659
45110;48.098;2.328
45111;48.055;2.217
45112;47.89;2.584
45113;48.044;2.933
45114;48.095;2.635
45115;48.022;3.062
45116;47.834;1.581
45118;48.114;2.065
45119;48.153;2.269
45120;47.633;2.861
45121;47.782;2.874
45122;47.761;2.543
45123;47.852;2.09
45124;48.227;2.5
45125;48.239;2.424
45126;47.914;2.104
45127;48.147;2.774
45129;47.942;3.044
45130;47.792;1.728
45131;48.17;2.442
45132;48.101;2.441
45133;48.234;2.236
45134;47.963;1.604
45135;48.245;2.027
45136;48.094;2.983
45137;48.136;2.184
45138;47.713;2.819
45139;48.19;2.322
45141;47.587;2.937
45142;47.933;2.16
45143;47.747;2.837
45144;47.825;2.117
45145;48.106;2.804
45146;47.712;1.927
45147;47.939;1.92
45148;48.083;2.769
45149;48.097;3.018
45150;48.021;2.449
45151;48.126;2.426
45152;47.963;1.703
45153;47.839;2.266
45154;47.991;1.836
45155;47.712;2.666
45156;48.072;2.718
45157;48.151;2.382
45158;48.053;2.65
45159;48.188;2.429
45160;48.189;2.111
45161;48.074;2.839
45162;48.216;2.174
45164;47.805;2.272
45165;47.929;2.846
45166;48.026;1.801
45167;47.894;1.7
45168;47.994;2.225
45169;47.917;1.824
45170;48.255;2.216
45171;47.664;2.261
45173;47.854;2.121
45174;48.15;2.132
45175;47.748;1.808
45176;48.061;2.483
45177;48.121;2.218
45178;48.01;2.526
45179;47.747;1.715
45180;47.817;2.645
45181;48.223;2.087
45182;47.683;1.791
45183;48.132;1.932
45184;47.724;2.479
45185;47.942;2.627
45186;48.042;2.528
45187;47.863;2.498
45188;48.01;2.092
45189;48.034;2.87
45191;48.289;2.398
45193;47.772;2.034
45194;47.897;2.069
45195;48.098;2.191
45196;47.846;1.766
45197;47.959;2.013
45198;48.213;2.271
45199;47.888;2.96
45200;47.71;2.035
45201;48.09;2.941
45202;47.809;1.635
45203;47.84;1.698
45204;47.811;1.817
45205;48.025;2.483
45206;48.048;2.622
45207;48.061;2.605
45208;47.999;2.736
45209;48.049;2.397
45210;47.867;2.822
45212;47.911;2.805
45213;47.835;2.562
45214;48.108;2.113
45215;48.018;2.401
45216;47.942;2.729
45217;48.255;2.159
45218;47.817;2.611
45219;48.019;2.596
45220;48.067;2.323
45222;48.111;2.738
45223;47.996;2.369
45224;48.069;2.059
45225;48.18;2.38
45226;47.775;2.243
45227;47.733;2.592
45228;48.014;2.312
45229;47.839;2.729
45230;47.909;2.536
45231;48.134;1.976
45232;47.855;1.888
45233;48.198;2.416
45234;47.883;1.916
45235;47.948;1.807
45237;48.242;2.459
45238;47.6;2.795
45239;47.901;2.637
45240;48.214;2.022
45241;47.837;2.18
45242;47.876;2.71
45243;47.989;2.48
45244;47.784;2.477
45245;47.675;2.81
45246;48.293;2.143
45247;48.012;2.669
45248;48.051;1.694
45249;48.039;2.788
45250;48.117;2.906
45251;47.511;2.692
45252;48.18;2.25
45253;48.173;2.206
45254;47.66;2.594
45255;48.107;2.691
45256;47.958;2.559
45257;47.878;2.761
45258;48.209;2.467
45259;47.988;2.426
45260;48.229;2.306
45261;47.994;2.024
45262;48.057;1.736
45263;48.324;2.21
45264;47.939;1.709
45265;48.118;2.951
45266;48.109;1.924
45268;47.733;2.423
45269;47.865;1.747
45270;47.809;2.317
45271;47.632;2.676
45272;47.814;1.96
45273;47.884;2.154
45274;47.881;1.973
45275;47.97;2.91
45276;47.606;2.699
45277;47.685;2.453
45278;47.812;2.794
45279;47.966;2.849
45280;47.688;2.54
45281;48.055;3.015
45282;47.85;1.834
45283;47.907;2.699
45284;47.918;1.972
45285;47.912;1.871
45286;47.883;1.933
45288;48.041;2.427
45289;48.035;1.972
45290;47.881;2.306
45291;47.647;2.644
45292;47.846;2.961
45293;47.991;2.615
45294;48.064;2.372
45296;48.003;1.693
45297;47.781;2.373
45298;47.88;1.855
45299;47.983;1.666
45300;47.836;2.03
45301;48.094;2.153
45302;47.95;1.878
45303;48.121;2.59
45305;47.982;2.274
45306;48.006;2.89
45307;48.076;2.888
45308;47.938;1.963
45309;47.702;2.133
45310;48.298;2.203
45311;47.839;2.223
45312;47.912;2.736
45313;48.058;1.801
45314;47.984;2.169
45315;47.753;2.356
45316;47.954;2.36
45317;47.763;1.593
45320;48.272;2.175
45321;47.926;2.594
45322;48.026;2.896
45323;47.58;2.896
45324;47.779;2.185
45325;48.158;1.938
45326;48.005;1.624
45327;47.965;2.104
45328;48.079;2.665
45329;47.939;2.995
45330;48.084;1.952
45331;47.718;2.209
45332;47.862;2.664
45333;47.955;2.052
45334;47.884;2.438
45335;47.783;2.124
45336;47.732;2.29
45337;48.013;1.552
45338;47.983;2.705
45339;47.99;2.559
45340;47.682;2.343
45341;48.048;1.649
45342;48.074;1.992
45343;48.03;2.626
45344;47.8;1.596
45345;47.949;2.678
45346;47.931;2.251
45347;48.074;2.248
45348;48.143;2.323
46001;44.461;1.24
46002;44.768;1.813
46003;44.834;1.686
46004;44.748;1.898
46005;44.486;1.209
46006;44.783;1.409
46007;44.454;1.548
46008;44.599;1.246
46009;44.672;1.874
46010;44.424;1.542
46011;44.858;1.826
46012;44.788;1.857
46013;44.346;1.68
46015;44.662;2.149
46016;44.924;1.555
46017;44.814;1.918
46018;44.716;1.674
46020;44.352;1.78
46021;44.571;1.927
46022;44.451;1.19
46023;44.269;1.55
46024;44.889;1.882
46026;44.29;1.63
46027;44.444;1.629
46028;44.942;1.737
46029;44.928;1.857
46030;44.778;1.788
46031;44.575;1.727
46032;44.548;1.408
46033;44.421;1.147
46034;44.706;1.91
46035;44.596;1.919
46036;44.694;1.947
46037;44.48;1.636
46038;44.914;1.842
46039;44.578;1.833
46040;44.517;1.62
46041;44.5;1.876
46042;44.451;1.441
46043;44.963;1.914
46044;44.492;1.347
46045;44.494;1.839
46046;44.52;1.41
46047;44.795;1.546
46049;44.449;1.788
46050;44.43;1.287
46051;44.622;1.927
46052;44.6;1.953
46053;44.644;1.999
46054;44.63;1.656
46055;44.585;2.067
46056;44.541;1.923
46057;44.682;2.014
46058;44.906;1.724
46059;44.732;1.61
46060;44.417;1.222
46061;44.563;1.128
46062;44.505;1.224
46063;44.262;1.348
46064;44.558;1.342
46065;45.016;1.639
46066;44.646;1.221
46068;44.446;1.739
46069;44.348;1.34
46070;44.371;1.498
46072;44.667;1.391
46073;44.397;1.643
46074;44.992;1.67
46075;44.606;1.889
46076;44.902;1.918
46078;44.77;1.632
46079;44.557;1.541
46080;44.517;1.33
46081;44.43;1.686
46082;44.388;1.583
46083;45.02;1.522
46084;44.899;1.595
46085;44.581;2.144
46086;44.962;1.53
46087;44.669;1.328
46088;44.471;1.355
46089;44.517;1.084
46090;44.679;1.767
46091;44.365;1.62
46092;44.432;1.598
46093;44.592;1.861
46094;44.631;1.775
46095;44.514;1.371
46096;44.765;1.926
46097;44.919;1.919
46098;44.807;1.383
46100;44.566;1.992
46101;44.61;2.15
46102;44.606;2.025
46103;44.291;1.409
46104;44.707;1.772
46105;44.41;1.498
46106;44.906;1.672
46107;44.458;1.115
46108;44.66;1.953
46109;44.325;1.49
46111;44.666;1.981
46112;44.556;1.488
46113;44.649;1.486
46114;44.59;1.144
46115;44.873;1.941
46116;44.545;1.971
46117;44.939;1.885
46118;44.99;1.463
46119;44.584;1.433
46120;44.627;1.264
46121;44.727;1.537
46122;44.884;1.753
46123;44.927;1.825
46124;44.919;1.873
46125;44.794;2.032
46126;44.575;1.201
46127;44.735;1.377
46128;44.764;1.716
46129;44.542;1.876
46130;44.468;1.15
46131;44.621;1.824
46132;44.739;1.78
46133;44.677;1.917
46134;44.541;1.224
46135;44.829;2.114
46136;44.515;1.266
46137;44.387;1.39
46138;44.648;1.58
46139;44.736;1.985
46140;44.389;1.54
46142;44.473;1.073
46143;44.725;1.936
46144;44.84;1.558
46145;44.938;1.48
46146;44.821;1.968
46147;44.487;1.171
46148;44.333;1.565
46149;44.474;1.502
46151;44.612;1.515
46152;44.828;1.425
46153;44.87;1.47
46154;44.36;1.87
46155;44.488;1.777
46156;44.487;1.471
46157;44.52;1.933
46159;44.851;1.98
46160;44.801;2.071
46161;44.784;2.109
46162;44.563;1.578
46163;44.945;1.935
46164;44.627;1.323
46165;44.802;1.766
46167;44.553;1.638
46168;44.589;2.117
46169;44.718;1.308
46170;44.784;1.897
46171;44.57;1.241
46172;44.354;1.428
46173;44.397;1.778
46174;44.676;2.117
46175;44.623;1.972
46176;44.647;1.845
46177;44.866;1.791
46178;44.826;1.473
46179;44.412;1.721
46180;44.611;2.084
46181;44.684;1.693
46182;44.486;1.276
46183;44.544;1.774
46184;44.662;1.184
46185;44.94;1.607
46186;44.833;1.381
46187;44.453;1.046
46188;44.546;1.448
46189;44.813;1.806
46190;44.583;1.463
46191;44.498;1.39
46192;44.868;1.589
46193;44.86;1.704
46194;44.797;1.348
46195;44.79;1.94
46196;44.608;1.465
46197;44.38;1.455
46198;44.511;1.903
46199;44.551;1.082
46200;44.62;1.198
46201;44.336;1.212
46202;44.291;1.501
46203;44.748;2.036
46204;44.687;1.585
46205;44.575;1.293
46206;44.297;1.193
46207;44.613;2.185
46208;44.874;1.636
46209;44.85;1.43
46210;44.564;1.51
46211;44.536;1.374
46212;44.543;1.678
46213;44.85;1.756
46214;44.481;1.319
46215;44.794;1.466
46216;44.763;1.344
46217;44.334;1.407
46218;44.5;1.158
46219;44.621;1.393
46220;44.861;1.519
46221;44.642;2.028
46222;44.558;1.173
46223;44.545;1.265
46224;44.465;1.388
46225;44.514;1.187
46226;44.698;2.077
46227;44.376;1.83
46228;44.897;1.817
46229;44.921;1.787
46230;44.402;1.855
46231;44.517;1.136
46232;44.996;1.638
46233;44.625;1.719
46234;44.64;1.294
46235;44.702;1.726
46236;44.779;1.508
46237;44.645;1.912
46238;44.806;1.704
46239;44.865;1.439
46240;44.815;1.622
46241;44.797;1.414
46242;44.729;1.878
46243;44.754;1.856
46244;44.727;2.066
46245;44.56;1.608
46246;44.789;1.821
46247;44.33;1.742
46249;44.697;1.976
46250;44.613;1.155
46251;44.853;1.893
46252;44.599;1.585
46253;44.684;1.459
46254;44.526;1.815
46255;44.736;2.116
46256;44.456;1.654
46257;44.79;1.317
46258;44.705;1.441
46259;44.694;1.399
46260;44.72;2.013
46262;44.304;1.262
46263;44.36;1.225
46264;44.569;1.388
46265;44.945;1.659
46266;44.612;2.113
46267;44.646;1.442
46268;44.486;1.6
46269;44.788;2.15
46270;44.43;1.831
46271;44.858;1.86
46272;44.633;2.108
46273;44.882;1.904
46276;44.48;1.729
46277;44.534;1.034
46279;44.749;1.956
46280;44.539;1.295
46281;44.852;1.842
46282;44.766;2.011
46283;44.976;1.684
46284;44.888;1.853
46286;44.838;1.942
46288;44.68;2.049
46289;44.537;1.954
46290;44.747;1.511
46292;44.701;1.828
46293;44.882;1.551
46294;44.579;1.796
46295;44.834;1.904
46296;44.449;1.314
46297;44.686;1.265
46299;44.523;1.718
46301;44.418;1.26
46302;44.836;2.074
46303;44.589;1.651
46304;44.715;1.561
46305;44.428;1.086
46306;44.692;1.855
46307;44.508;1.024
46308;44.707;1.504
46309;44.907;1.464
46310;44.627;1.59
46311;44.881;2.036
46312;44.975;1.636
46313;44.91;1.774
46314;44.782;1.976
46315;44.917;1.957
46316;44.599;1.321
46317;44.824;1.752
46318;44.736;1.821
46319;44.718;1.85
46320;44.476;1.686
46321;44.496;1.06
46322;44.422;1.358
46323;44.592;1.496
46324;44.593;1.386
46328;44.368;1.718
46329;44.325;1.65
46330;44.945;1.693
46332;44.652;2.073
46333;44.346;1.819
46334;44.74;1.452
46335;44.398;1.314
46336;44.488;1.098
46337;44.9;1.546
46338;44.808;2.144
46339;44.825;1.852
46340;44.518;1.454
47001;44.203;0.626
47002;44.489;0.34
47003;44.641;0.383
47004;44.301;0.358
47005;44.623;0.286
47006;44.382;0.628
47007;44.193;-0.08
47008;44.231;0.246
47009;44.102;0.286
47010;44.356;-0.002
47011;44.374;0.955
47012;44.286;0.17
47013;44.384;0.067
47014;44.556;0.39
47015;44.065;0.658
47016;44.138;0.568
47017;44.341;0.815
47018;44.654;0.244
47019;44.259;0.702
47020;44.682;0.149
47021;44.159;0.244
47022;44.268;0.427
47023;44.511;0.623
47024;44.533;0.145
47025;44.275;0.896
47026;44.314;0.033
47027;44.41;0.67
47028;44.487;0.26
47029;44.609;0.96
47030;44.295;0.859
47031;44.17;0.647
47032;44.208;0.689
47033;44.544;0.678
47034;44.404;0.1
47035;44.619;0.42
47036;44.425;0.973
47037;44.632;0.677
47038;44.333;0.403
47039;44.154;0.082
47040;44.202;0.558
47041;44.207;0.405
47042;44.451;0.453
47043;44.254;0.302
47044;44.66;0.562
47045;44.136;0.417
47046;44.373;0.226
47047;44.596;0.278
47048;44.547;0.628
47049;44.448;0.622
47050;44.3;0.781
47051;44.188;0.711
47052;44.312;0.084
47053;44.314;0.684
47054;44.408;0.481
47055;44.502;0.683
47056;44.58;0.14
47057;44.639;0.606
47058;44.258;0.217
47059;44.593;0.184
47060;44.119;0.737
47061;44.427;0.18
47062;44.275;0.822
47063;44.682;0.642
47064;44.404;0.93
47065;44.371;0.386
47066;44.249;0.456
47067;44.141;0.849
47068;44.454;0.034
47069;44.232;0.567
47070;44.488;0.909
47071;44.474;0.467
47072;44.376;1.04
47073;44.326;0.593
47074;44.52;0.068
47075;44.29;0.693
47076;44.081;0.716
47077;44.547;0.949
47078;44.289;0.275
47079;44.388;0.889
47080;44.608;0.808
47081;44.357;0.592
47082;44.24;0.853
47083;44.664;0.68
47084;44.636;0.552
47085;44.157;0.163
47086;44.676;0.201
47087;44.253;0.9
47088;44.552;0.232
47089;44.715;0.15
47090;44.173;0.383
47091;44.169;0.577
47092;44.105;0.689
47093;44.23;0.158
47094;44.446;0.244
47095;44.425;0.291
47096;44.642;0.639
47097;44.218;0.361
47098;44.1;0.424
47099;44.405;0.53
47100;44.253;0.637
47101;44.455;0.154
47102;44.068;0.428
47103;44.084;0.335
47104;44.277;0.463
47105;44.315;0.823
47106;44.508;0.98
47107;44.299;0.412
47108;44.491;0.116
47109;44.569;0.893
47110;44.462;0.292
47111;44.367;0.47
47112;44.418;0.395
47113;44.157;0.866
47114;44.38;0.126
47115;44.412;0.059
47117;44.342;0.773
47118;44.46;0.347
47119;44.193;0.042
47120;44.539;0.049
47121;44.346;0.127
47122;44.49;0.373
47123;44.6;0.899
47124;44.505;0.823
47125;44.319;0.481
47126;44.574;0.26
47127;44.354;0.437
47128;44.165;0.699
47129;44.29;0.385
47130;44.398;0.265
47131;44.568;0.111
47132;44.66;0.524
47133;44.07;0.538
47134;44.023;0.286
47135;44.408;0.439
47136;44.546;0.415
47137;44.117;0.539
47138;44.277;0.756
47139;44.074;0.386
47140;44.3;0.609
47141;44.577;0.78
47142;44.645;0.47
47143;44.183;0.302
47144;44.585;0.414
47145;44.121;0.655
47146;44.447;0.667
47147;44.622;0.204
47148;44.333;0.176
47150;44.463;0.22
47151;44.734;0.311
47152;44.59;0.624
47154;44.262;0.517
47155;44.277;0.581
47156;44.48;0.076
47157;44.506;0.172
47158;44.093;0.59
47159;44.399;0.2
47160;44.407;1.042
47161;44.317;0.856
47162;44.34;0.871
47163;44.561;0.176
47164;44.656;0.708
47165;44.507;0.029
47167;44.06;0.267
47168;44.583;0.356
47169;44.14;0.608
47170;44.539;0.525
47171;44.314;0.739
47172;44.144;0.497
47173;44.444;0.521
47174;44.041;0.368
47175;44.52;0.758
47176;44.21;0.296
47177;44.333;0.306
47178;44.484;0.878
47179;44.501;0.931
47180;44.166;0.457
47181;44.538;0.847
47182;44.495;0.519
47183;44.613;0.581
47184;44.606;0.682
47185;44.468;0.983
47186;44.211;0.452
47187;44.613;0.252
47188;44.569;0.473
47189;44.549;0.352
47190;44.342;0.534
47191;44.462;0.096
47192;44.566;0.547
47193;44.544;0.584
47194;44.643;0.301
47195;44.132;0.343
47196;44.332;0.332
47197;44.08;0.47
47198;44.475;0.648
47199;44.668;0.268
47200;44.661;0.816
47201;44.192;0.595
47202;44.575;0.826
47203;44.379;0.839
47204;44.576;0.305
47205;44.272;0.0
47206;44.463;0.568
47207;44.198;0.207
47208;44.24;0.058
47209;44.236;0.676
47210;44.26;0.374
47211;44.041;0.2
47212;44.353;0.075
47213;44.294;0.514
47214;44.329;0.261
47215;44.37;0.698
47216;44.513;0.315
47217;44.188;0.806
47218;44.6;0.319
47219;44.669;0.769
47220;44.352;0.231
47221;44.1;0.21
47222;44.283;0.118
47223;44.656;0.738
47224;44.417;0.019
47225;44.176;0.557
47226;44.625;0.342
47227;44.368;0.037
47228;44.341;0.72
47229;44.728;0.272
47230;44.475;0.84
47231;44.576;0.222
47232;44.524;0.371
47233;44.53;0.103
47234;44.215;0.756
47235;44.608;0.478
47236;44.696;0.12
47237;44.357;0.657
47238;44.187;0.516
47239;44.414;0.559
47240;44.612;0.762
47241;44.578;0.708
47242;44.565;0.998
47244;44.368;0.162
47245;44.623;0.157
47246;44.248;0.533
47247;44.689;0.303
47248;44.157;0.74
47249;44.238;0.403
47250;44.3;0.314
47251;44.287;0.24
47252;44.406;0.6
47253;44.415;0.148
47254;44.331;-0.025
47255;44.229;0.818
47256;44.641;0.814
47257;44.571;0.091
47258;44.01;0.154
47259;44.582;0.574
47260;44.216;0.894
47262;44.131;0.756
47263;44.471;0.199
47264;44.612;0.378
47265;44.486;0.602
47266;44.003;0.094
47267;44.258;0.27
47269;44.18;0.752
47271;44.649;0.206
47272;44.681;0.599
47273;44.25;0.79
47274;44.154;0.777
47275;44.301;0.45
47276;44.339;0.49
47277;44.485;-0.006
47278;44.706;0.239
47279;44.128;0.783
47280;44.418;0.809
47281;44.164;0.827
47282;44.093;0.5
47283;44.467;0.934
47284;44.53;0.89
47285;44.435;0.11
47286;44.232;-0.021
47287;44.127;0.456
47288;44.246;0.75
47289;44.231;0.796
47290;44.65;0.332
47291;44.482;0.717
47292;44.587;1.038
47293;44.15;0.7
47294;44.717;0.184
47295;44.483;0.793
47296;44.59;0.532
47297;44.323;0.646
47298;44.422;0.238
47299;44.616;0.532
47300;44.216;0.494
47301;44.549;0.292
47302;44.057;0.125
47303;44.688;0.337
47304;44.447;0.203
47305;44.206;0.836
47306;44.375;0.526
47307;44.434;1.016
47308;44.254;0.331
47309;44.519;0.452
47310;44.384;0.325
47311;44.684;0.806
47312;44.392;0.996
47313;44.51;0.418
47314;44.418;0.89
47315;44.446;0.864
47316;44.433;0.356
47317;44.469;0.404
47318;44.212;0.323
47319;44.525;0.476
47320;44.304;0.212
47321;44.743;0.237
47323;44.425;0.742
47324;44.633;0.76
47325;44.371;0.279
47326;44.512;0.239
47327;44.208;0.257
47328;44.442;0.928
48001;44.868;3.144
48002;44.886;3.251
48003;44.552;3.676
48004;44.46;3.857
48005;44.588;3.254
48007;44.845;3.112
48008;44.654;3.615
48009;44.723;3.281
48010;44.758;3.727
48012;44.849;3.222
48013;44.54;3.554
48015;44.481;3.969
48016;44.476;3.441
48017;44.432;3.179
48018;44.522;3.409
48019;44.254;3.671
48020;44.158;3.605
48021;44.566;3.888
48025;44.773;3.243
48026;44.871;3.284
48027;44.511;3.743
48028;44.398;3.634
48029;44.588;3.559
48030;44.487;3.533
48031;44.75;3.078
48032;44.629;3.224
48034;44.419;3.257
48036;44.277;3.736
48037;44.512;3.64
48038;44.856;3.655
48039;44.45;3.345
48041;44.723;3.753
48042;44.571;3.493
48043;44.648;3.686
48044;44.793;3.074
48045;44.642;3.751
48046;44.92;3.266
48048;44.632;3.81
48050;44.354;3.62
48051;44.255;3.925
48053;44.475;3.787
48054;44.444;3.788
48055;44.491;3.381
48056;44.481;3.367
48058;44.747;3.152
48059;44.799;3.208
48061;44.316;3.583
48063;44.745;3.376
48064;44.812;3.129
48065;44.209;3.531
48067;44.178;3.711
48068;44.553;3.379
48069;44.195;3.498
48070;44.778;3.641
48071;44.731;3.052
48072;44.516;3.344
48073;44.524;3.132
48074;44.248;3.387
48075;44.398;3.532
48077;44.936;3.319
48079;44.829;3.44
48080;44.724;3.834
48081;44.49;3.588
48082;44.597;3.645
48083;44.702;3.442
48085;44.374;3.345
48086;44.637;3.866
48087;44.707;3.13
48088;44.302;3.314
48089;44.87;3.39
48090;44.863;3.336
48091;44.642;3.108
48092;44.558;3.288
48094;44.294;3.159
48095;44.53;3.481
48096;44.172;3.452
48097;44.158;3.791
48098;44.219;3.695
48099;44.511;3.226
48100;44.596;3.712
48103;44.558;3.33
48104;44.644;3.049
48105;44.757;3.8
48106;44.799;3.115
48107;44.52;3.308
48108;44.737;3.588
48110;44.944;3.385
48111;44.572;3.607
48112;44.685;3.732
48115;44.204;3.66
48116;44.374;3.769
48117;44.434;3.899
48119;44.519;3.92
48121;44.817;3.335
48123;44.693;3.037
48124;44.632;3.333
48126;44.65;3.386
48127;44.624;3.489
48128;44.765;3.317
48129;44.703;3.786
48130;44.194;3.574
48131;44.195;3.218
48132;44.797;3.403
48135;44.418;3.942
48136;44.274;3.795
48137;44.469;3.491
48138;44.504;3.277
48139;44.817;3.722
48140;44.813;3.275
48141;44.309;3.414
48144;44.186;3.742
48145;44.741;3.474
48146;44.378;3.419
48147;44.442;3.574
48148;44.171;3.857
48149;44.784;3.484
48150;44.681;3.829
48151;44.581;3.767
48152;44.294;3.867
48153;44.668;3.416
48155;44.222;3.81
48156;44.482;3.172
48157;44.52;3.603
48158;44.253;3.854
48160;44.71;3.69
48161;44.83;3.084
48163;44.26;3.961
48165;44.599;3.175
48166;44.274;3.606
48167;44.767;3.123
48168;44.604;3.306
48169;44.899;3.316
48170;44.194;3.918
48171;44.223;3.751
48173;44.24;3.885
48174;44.795;3.541
48175;44.488;3.127
48176;44.224;3.27
48177;44.845;3.306
48178;44.285;3.824
48179;44.919;3.356
48181;44.405;3.197
48182;44.702;3.615
48185;44.485;3.274
48187;44.561;3.136
48188;44.7;3.392
48190;44.826;3.169
48191;44.383;3.162
48192;44.52;3.094
48193;44.255;3.544
48194;44.343;3.89
48198;44.444;3.93
49002;47.304;0.011
49003;47.257;-0.337
49007;47.477;-0.556
49008;47.578;-0.968
49009;47.078;-0.132
49010;47.714;-1.138
49011;47.202;-0.097
49012;47.212;-0.473
49015;47.506;-0.601
49017;47.643;-0.358
49018;47.547;-0.109
49020;47.474;-0.634
49021;47.436;-0.207
49022;47.319;-0.6
49023;47.213;-0.984
49026;47.5;-0.799
49027;47.133;-0.932
49028;47.377;-0.654
49029;47.391;-0.38
49030;47.363;-0.054
49035;47.431;-0.627
49036;47.738;-0.969
49038;47.733;-1.015
49041;47.306;0.071
49045;47.351;0.084
49048;47.576;-0.498
49050;47.342;-0.441
49053;47.168;-0.216
49054;47.558;-1.035
49055;47.538;-0.566
49056;47.732;-1.226
49057;47.168;-0.482
49058;47.006;-0.641
49060;47.207;-0.071
49061;47.632;-1.072
49063;47.35;-0.773
49064;47.689;-0.694
49067;47.67;-0.654
49068;47.43;-0.875
49069;47.322;-1.26
49070;47.085;-0.692
49076;47.614;-0.298
49080;47.684;-0.496
49082;47.325;-0.722
49086;47.274;-0.44
49089;47.615;-0.898
49090;47.625;-0.52
49092;47.227;-0.73
49099;47.045;-0.878
49100;47.183;-0.185
49102;47.086;-0.43
49107;47.492;-0.304
49109;47.12;-0.636
49110;47.542;-0.369
49112;47.183;-0.129
49113;47.198;-0.157
49114;47.381;0.147
49120;47.378;-0.61
49121;47.253;-0.26
49123;47.223;-0.124
49125;47.192;-0.278
49127;47.678;-0.255
49129;47.529;-0.518
49130;47.615;-0.561
49131;47.135;-0.039
49132;47.66;-0.452
49135;47.584;-0.601
49138;47.483;-0.174
49140;47.184;0.034
49155;47.595;-0.696
49160;47.416;-0.92
49161;47.727;-0.688
49163;47.558;-0.24
49167;47.4;-0.485
49170;47.659;-0.514
49171;47.461;-0.068
49174;47.637;-0.293
49176;47.631;-0.75
49178;47.626;-0.965
49180;47.398;-0.108
49182;47.242;-0.307
49183;47.519;-0.901
49188;47.582;-0.3
49192;47.019;-0.768
49193;47.133;-0.875
49194;47.46;-0.284
49195;47.06;-0.796
49200;47.561;-0.684
49201;47.407;-0.257
49205;47.762;-0.495
49209;47.626;-0.214
49211;47.187;-0.516
49214;47.541;-0.616
49215;47.129;-0.125
49216;47.594;-0.392
49217;47.66;-0.711
49218;47.255;-1.052
49219;47.214;0.052
49220;47.726;-0.403
49221;47.453;0.013
49222;47.359;-0.569
49223;47.395;-0.554
49224;47.336;-0.018
49228;47.507;0.11
49231;47.086;-0.777
49235;47.221;0.004
49236;47.101;-0.383
49237;47.459;0.132
49240;47.067;-0.629
49241;47.492;-0.436
49244;47.343;-0.869
49246;47.427;-0.513
49247;47.381;-0.709
49248;47.763;-1.193
49253;47.114;-0.229
49257;47.652;-0.217
49259;47.351;-0.65
49260;47.054;-1.01
49261;47.374;-0.223
49262;47.245;-0.152
49266;47.454;-0.8
49267;47.474;-0.486
49269;47.029;-0.966
49271;47.526;-0.734
49272;47.344;-0.182
49278;47.428;-0.576
49283;47.402;-0.756
49284;47.41;-0.812
49288;47.411;-0.588
49291;47.172;-0.1
49292;47.3;-0.64
49294;47.486;-0.691
49298;47.462;-0.728
49299;47.102;-0.904
49301;47.126;-0.998
49302;47.113;-0.29
49306;47.437;-0.709
49307;47.422;-0.32
49308;47.382;-0.502
49310;47.089;-0.542
49311;47.391;-0.044
49323;47.512;-0.476
49326;47.502;-0.386
49328;47.267;-0.083
49329;47.406;-0.667
49330;47.631;-0.61
49331;47.702;-0.863
49332;47.08;-0.958
49333;47.604;-0.359
49334;47.523;-0.216
49336;47.035;-0.596
49338;47.359;-0.52
49339;47.58;-0.543
49341;47.217;-0.021
49343;47.008;-0.837
49344;47.635;-0.664
49345;47.259;-0.518
49347;47.625;-0.443
49352;47.057;-0.758
49353;47.451;-0.474
49355;47.123;-0.802
49358;47.211;0.022
49359;47.224;-0.182
49361;47.248;0.042
49362;47.228;-0.066
49364;47.141;-0.213
49367;47.588;-0.85
49368;47.394;0.029
49369;47.396;0.097
49370;47.268;-0.187
49371;47.115;-0.721
49373;47.137;-0.56
49374;47.262;-0.021
49377;47.549;-0.447
49378;47.323;-0.067
49381;47.034;-0.697
50002;49.116;-1.13
50003;49.039;-1.581
50004;49.212;-1.08
50006;49.157;-1.185
50008;48.846;-1.528
50013;49.636;-1.286
50016;49.327;-1.336
50019;48.526;-1.475
50021;49.417;-1.227
50022;49.539;-1.322
50023;49.3;-1.324
50024;49.215;-1.306
50025;48.688;-1.357
50026;49.457;-1.313
50027;48.704;-1.433
50028;48.924;-1.302
50029;48.608;-0.831
50030;49.669;-1.263
50031;49.38;-1.77
50032;49.106;-1.018
50033;49.428;-1.806
50034;49.088;-1.07
50036;49.31;-1.368
50038;48.837;-1.366
50039;48.961;-1.142
50040;48.742;-0.962
50041;49.663;-1.843
50042;48.604;-1.528
50044;49.061;-1.355
50045;49.529;-1.776
50046;49.137;-0.947
50048;48.858;-1.158
50049;49.377;-1.627
50050;48.966;-1.004
50052;49.353;-1.365
50054;49.074;-0.889
50055;49.43;-1.487
50058;49.073;-1.572
50059;49.372;-1.288
50060;48.87;-1.248
50062;48.807;-1.128
50064;49.392;-1.459
50066;48.764;-1.527
50069;48.794;-1.287
50070;49.391;-1.256
50072;49.082;-1.5
50074;48.725;-1.173
50076;48.899;-1.533
50077;49.65;-1.508
50078;49.257;-1.629
50079;49.538;-1.67
50081;48.87;-1.559
50082;49.47;-1.633
50083;49.536;-1.718
50084;49.038;-1.479
50085;48.918;-1.514
50086;49.625;-1.413
50087;49.553;-1.574
50088;48.721;-0.967
50090;48.519;-0.971
50092;49.087;-1.381
50093;49.071;-1.284
50094;49.086;-1.339
50095;49.08;-1.18
50096;49.64;-1.36
50097;49.347;-1.636
50098;49.066;-1.25
50099;49.296;-1.256
50101;49.659;-1.448
50102;48.749;-1.56
50105;49.355;-1.566
50106;49.191;-1.122
50108;48.63;-1.385
50109;48.911;-1.438
50110;49.192;-0.938
50111;49.036;-1.271
50112;48.765;-1.238
50115;48.772;-1.401
50117;48.738;-1.529
50118;48.834;-1.316
50120;48.893;-1.483
50121;48.808;-1.168
50124;48.664;-1.149
50126;48.736;-1.334
50129;49.633;-1.634
50130;48.799;-1.202
50135;49.651;-1.371
50137;48.876;-1.195
50138;49.454;-1.489
50139;49.054;-1.024
50142;49.692;-1.4
50143;48.874;-1.524
50144;48.782;-1.105
50145;49.051;-1.389
50146;48.628;-1.423
50147;49.057;-1.444
50148;49.162;-1.008
50149;49.558;-1.682
50150;49.554;-1.332
50151;49.2;-1.562
50152;48.709;-1.114
50155;48.582;-1.381
50156;49.386;-1.476
50158;48.729;-1.098
50159;49.029;-1.222
50161;49.209;-1.163
50162;49.629;-1.528
50164;48.991;-1.034
50165;48.851;-1.573
50166;49.337;-1.548
50167;48.717;-1.488
50168;48.613;-1.279
50169;49.46;-1.383
50172;49.46;-1.338
50174;48.833;-1.382
50175;49.474;-1.396
50176;49.472;-1.571
50177;49.385;-1.436
50178;49.681;-1.454
50181;49.149;-1.317
50182;49.17;-1.492
50183;49.396;-1.666
50184;49.531;-1.868
50185;48.849;-1.264
50186;49.476;-1.452
50188;48.82;-1.418
50190;49.494;-1.309
50192;48.966;-1.042
50193;48.708;-0.821
50194;49.441;-1.353
50195;48.769;-0.964
50196;49.68;-1.29
50197;48.902;-1.329
50198;49.129;-1.551
50199;48.689;-1.474
50200;48.672;-0.803
50205;48.691;-1.284
50207;49.439;-1.514
50208;49.231;-1.403
50209;49.632;-1.473
50210;49.264;-1.39
50214;48.928;-1.094
50215;49.098;-1.579
50216;49.238;-1.2
50217;48.688;-1.173
50218;48.833;-1.567
50219;49.068;-1.494
50221;48.955;-1.351
50222;49.507;-1.733
50225;48.972;-1.216
50227;49.45;-1.41
50228;48.947;-1.26
50229;48.543;-1.222
50230;49.577;-1.646
50231;48.974;-1.544
50232;49.124;-1.303
50233;49.428;-1.467
50234;48.981;-1.189
50235;49.394;-1.73
50236;49.284;-1.539
50237;48.81;-1.375
50238;49.575;-1.802
50239;49.122;-1.17
50240;49.558;-1.784
50241;49.462;-1.435
50243;49.038;-1.512
50246;49.371;-1.259
50247;48.808;-1.402
50251;49.509;-1.432
50252;48.87;-1.468
50253;48.612;-1.449
50256;48.622;-1.183
50258;49.472;-1.352
50259;48.591;-1.347
50260;48.679;-1.043
50261;49.079;-0.917
50262;48.819;-1.284
50263;48.569;-1.023
50265;49.251;-1.455
50266;48.934;-1.378
50267;49.217;-1.525
50268;49.526;-1.322
50269;49.353;-1.322
50270;49.484;-1.472
50271;48.738;-1.026
50272;48.943;-1.529
50273;49.296;-1.489
50274;48.534;-1.086
50275;48.757;-1.161
50276;48.732;-1.394
50277;48.859;-1.535
50278;48.864;-1.424
50279;49.098;-1.3
50281;48.788;-1.41
50282;48.766;-1.33
50283;49.141;-1.046
50285;49.453;-1.548
50288;48.7;-1.389
50289;49.189;-1.307
50290;48.654;-1.244
50291;48.9;-1.126
50292;49.104;-1.252
50294;49.598;-1.648
50295;48.955;-1.2
50296;49.657;-1.484
50297;49.169;-1.1
50298;49.28;-1.296
50299;49.372;-1.693
50300;48.7;-1.063
50302;49.106;-1.212
50304;48.944;-1.415
50305;49.598;-1.528
50310;49.162;-1.235
50311;48.866;-1.304
50312;48.722;-1.057
50315;48.631;-1.081
50317;48.668;-1.218
50321;49.142;-1.078
50324;49.226;-1.163
50326;48.856;-1.34
50327;48.861;-1.405
50328;49.191;-1.455
50332;49.403;-1.786
50334;48.937;-1.132
50335;49.567;-1.42
50336;48.891;-1.27
50338;48.883;-1.109
50340;49.116;-1.346
50341;49.497;-1.387
50342;49.656;-1.263
50345;49.088;-1.42
50347;48.526;-1.289
50349;48.991;-1.53
50350;49.026;-1.32
50351;49.108;-0.897
50352;49.133;-1.243
50353;48.622;-1.533
50356;49.204;-1.054
50357;48.881;-1.07
50359;48.648;-0.932
50360;49.474;-1.517
50361;48.785;-1.353
50362;48.548;-1.046
50363;48.994;-1.137
50364;49.137;-1.476
50365;48.936;-1.487
50368;49.242;-1.372
50369;49.504;-1.552
50370;49.426;-1.563
50371;48.663;-0.947
50372;49.311;-1.529
50373;49.424;-1.335
50374;49.35;-1.598
50376;49.031;-1.411
50378;48.998;-1.258
50379;48.747;-1.2
50382;49.62;-1.681
50384;49.547;-1.366
50387;49.424;-1.44
50388;49.011;-1.464
50389;49.021;-1.367
50390;49.504;-1.341
50391;48.594;-1.082
50393;48.918;-1.205
50394;49.192;-1.412
50395;49.613;-1.309
50397;48.736;-1.0
50398;49.056;-0.893
50399;48.698;-1.215
50400;49.38;-1.388
50401;49.467;-1.778
50402;49.51;-1.82
50403;49.165;-1.559
50405;49.279;-1.435
50407;48.618;-1.32
50408;48.625;-1.354
50409;49.164;-1.151
50410;48.569;-1.486
50411;48.711;-1.335
50412;49.352;-1.695
50413;48.606;-1.376
50417;49.588;-1.324
50419;48.962;-1.469
50420;49.072;-1.213
50421;49.511;-1.305
50422;49.208;-1.346
50423;49.146;-1.131
50425;49.518;-1.666
50426;49.39;-1.502
50428;48.677;-1.112
50429;49.016;-1.538
50430;49.411;-1.474
50431;49.18;-1.261
50433;49.626;-1.251
50435;49.5;-1.593
50436;48.637;-0.981
50437;48.984;-1.33
50442;49.482;-1.829
50443;48.5;-1.46
50444;49.044;-0.948
50445;49.239;-1.248
50446;49.134;-1.023
50447;48.806;-1.501
50448;48.57;-1.287
50450;48.684;-0.951
50451;48.699;-1.298
50452;48.541;-1.132
50453;48.834;-1.189
50454;49.555;-1.735
50455;49.185;-1.04
50456;48.669;-0.89
50457;49.415;-1.512
50461;49.487;-1.416
50462;48.568;-0.827
50463;48.944;-1.327
50464;48.993;-1.378
50467;49.489;-1.357
50468;49.226;-1.109
50469;49.66;-1.307
50471;49.363;-1.73
50472;48.737;-1.223
50473;49.148;-0.978
50474;48.615;-0.775
50475;49.135;-1.11
50476;49.12;-0.921
50478;49.528;-1.403
50479;49.439;-1.245
50480;49.489;-1.773
50481;49.238;-1.609
50482;49.22;-1.377
50483;49.097;-1.162
50484;48.572;-1.083
50486;49.42;-1.617
50487;48.526;-1.326
50488;49.232;-1.136
50489;48.72;-1.36
50490;49.369;-1.74
50491;49.189;-1.004
50492;49.094;-0.991
50493;48.824;-1.464
50495;48.772;-1.204
50496;48.727;-1.515
50498;49.532;-1.524
50499;48.749;-1.115
50500;48.571;-1.246
50502;49.11;-1.078
50504;48.994;-0.987
50505;48.666;-1.304
50506;49.063;-1.543
50507;49.478;-1.286
50509;49.395;-1.204
50510;49.169;-1.352
50511;49.529;-1.37
50512;49.042;-1.174
50513;48.978;-1.286
50514;48.748;-0.861
50517;49.429;-1.234
50518;48.78;-1.159
50519;49.553;-1.647
50521;48.817;-1.152
50522;49.395;-1.7
50523;49.409;-1.324
50525;48.764;-1.026
50528;49.32;-1.583
50529;48.762;-1.192
50531;48.679;-1.244
50532;48.802;-1.547
50533;49.228;-1.44
50535;48.771;-1.298
50536;49.417;-1.685
50537;49.04;-1.435
50538;49.122;-0.997
50539;49.67;-1.398
50540;48.784;-1.489
50541;48.831;-1.506
50542;48.748;-1.058
50543;48.645;-1.3
50546;49.05;-1.131
50548;49.335;-1.61
50549;48.84;-1.434
50550;49.124;-1.406
50551;49.38;-1.548
50552;49.195;-1.376
50553;48.558;-1.32
50554;48.687;-1.319
50556;49.073;-1.057
50562;49.599;-1.273
50563;48.91;-1.057
50564;49.244;-1.327
50565;48.754;-1.464
50567;49.573;-1.489
50568;49.012;-1.425
50569;49.059;-1.328
50570;48.52;-1.025
50571;49.387;-1.284
50572;49.429;-1.77
50574;48.603;-1.411
50575;49.593;-1.686
50576;49.56;-1.831
50577;49.424;-1.71
50578;49.482;-1.43
50579;49.522;-1.606
50580;49.539;-1.752
50582;48.713;-0.892
50584;48.753;-1.359
50585;49.453;-1.793
50587;49.362;-1.586
50588;49.542;-1.461
50589;48.585;-1.443
50590;48.804;-1.335
50591;48.541;-0.878
50592;48.963;-1.085
50593;49.592;-1.395
50594;49.583;-1.738
50596;49.648;-1.418
50597;48.724;-1.274
50598;49.671;-1.336
50599;49.579;-1.607
50601;49.032;-0.983
50603;49.051;-1.527
50604;49.538;-1.824
50606;49.209;-1.246
50607;48.788;-1.246
50609;49.405;-1.27
50610;49.449;-1.446
50612;48.676;-1.426
50613;49.648;-1.322
50615;49.513;-1.474
50616;48.662;-1.372
50617;49.338;-1.492
50618;49.671;-1.371
50619;49.618;-1.358
50621;49.517;-1.359
50624;49.083;-1.458
50626;48.896;-1.39
50628;48.715;-1.228
50629;49.246;-1.49
50633;49.633;-1.321
50634;49.567;-1.372
50637;48.965;-1.171
50639;48.834;-1.222
50641;49.161;-1.061
50643;49.569;-1.715
50647;48.844;-1.551
50648;49.496;-1.51
51001;48.81;4.531
51002;49.012;3.84
51003;49.043;4.22
51004;48.607;3.791
51005;48.762;3.816
51006;48.803;4.874
51007;49.087;4.172
51008;48.629;4.829
51009;48.587;3.818
51010;48.666;3.906
51012;49.139;3.735
51013;49.187;3.725
51014;49.225;3.689
51015;49.067;4.858
51016;48.607;4.695
51017;48.646;4.6
51018;49.007;4.126
51019;49.197;4.411
51020;49.213;3.856
51022;48.826;4.568
51023;48.997;4.207
51025;49.386;4.058
51027;49.029;4.687
51028;49.076;4.047
51029;48.973;4.005
51030;49.063;3.997
51031;49.164;4.338
51032;48.561;3.832
51033;48.975;3.796
51034;48.855;3.722
51035;48.792;3.926
51036;48.654;3.688
51037;49.325;3.714
51038;49.122;3.795
51039;48.834;4.693
51040;48.802;4.67
51041;48.579;3.768
51042;48.861;3.759
51043;49.37;4.174
51044;49.173;4.179
51045;48.877;3.885
51046;49.246;4.238
51047;48.944;4.979
51048;49.126;3.854
51049;48.873;4.008
51050;48.845;3.597
51051;49.365;3.987
51052;49.273;4.163
51053;49.16;4.802
51054;49.292;4.364
51055;49.296;4.06
51056;48.614;3.612
51057;48.832;4.884
51058;49.22;3.99
51059;48.681;4.609
51060;48.756;4.787
51061;49.108;4.233
51062;49.244;4.903
51065;48.722;4.518
51066;48.671;4.585
51068;48.732;4.777
51069;49.194;3.86
51070;48.847;3.642
51071;48.657;3.49
51072;49.198;3.896
51073;49.228;3.841
51074;49.382;4.141
51075;49.355;4.072
51076;49.052;3.838
51077;49.341;3.859
51078;49.087;4.364
51079;49.085;4.139
51080;48.586;4.568
51081;49.271;3.822
51082;49.094;4.822
51083;49.024;4.865
51084;48.579;4.392
51085;48.983;3.651
51086;49.302;3.766
51087;48.854;4.299
51088;49.339;4.037
51089;49.227;3.737
51090;48.789;3.871
51091;48.786;3.832
51092;48.761;3.757
51093;48.983;3.86
51094;48.742;4.706
51095;48.756;4.752
51097;49.059;4.532
51098;48.903;4.74
51099;48.803;4.251
51100;48.909;3.776
51101;49.304;4.145
51102;49.356;3.928
51103;48.606;3.686
51104;49.224;4.769
51105;49.254;4.11
51106;48.834;4.342
51107;48.895;4.103
51108;48.964;4.379
51109;49.285;3.92
51110;48.935;3.893
51111;49.182;3.826
51112;49.17;3.957
51113;48.888;3.766
51115;49.196;4.018
51116;48.772;3.564
51117;48.965;4.18
51118;49.268;3.958
51119;49.085;3.975
51120;49.156;3.826
51121;49.126;3.627
51122;48.78;4.679
51124;48.619;3.645
51125;48.58;4.481
51126;49.04;4.755
51127;48.634;3.818
51128;48.915;3.719
51129;48.801;3.658
51130;48.869;4.87
51132;48.965;4.997
51133;48.937;4.926
51134;48.662;4.516
51135;48.547;4.701
51136;49.103;3.766
51137;48.698;3.589
51138;49.04;4.945
51139;49.1;4.87
51140;49.16;3.868
51141;48.843;4.543
51142;48.998;3.916
51143;49.0;4.978
51144;48.744;4.92
51145;49.302;3.925
51146;48.886;4.244
51147;49.05;4.488
51148;48.818;4.442
51149;48.907;4.454
51150;49.003;4.151
51151;48.683;3.754
51152;49.151;4.061
51153;49.018;4.004
51154;48.83;4.083
51155;48.533;3.827
51156;48.661;4.642
51157;48.829;3.864
51158;48.827;3.968
51160;48.928;4.326
51161;49.047;4.18
51162;48.548;3.683
51163;48.87;3.818
51164;48.739;4.067
51165;48.738;3.912
51166;48.916;4.788
51167;48.739;4.392
51168;48.913;4.321
51169;48.574;4.436
51170;48.831;3.697
51171;49.377;3.905
51172;49.217;4.054
51173;49.109;3.912
51174;48.942;3.767
51175;48.923;3.608
51176;48.702;3.957
51177;49.226;3.911
51178;48.813;4.35
51179;48.904;4.623
51181;49.268;3.842
51182;48.618;3.933
51183;49.32;4.006
51184;48.68;4.509
51185;48.713;3.491
51186;48.825;3.83
51187;49.316;3.736
51188;49.189;3.912
51190;49.144;3.946
51191;49.14;4.783
51192;49.047;3.6
51193;48.977;4.519
51194;49.272;3.709
51195;48.766;4.578
51196;48.988;4.001
51197;49.069;4.661
51198;49.254;3.735
51199;49.127;3.826
51200;49.0;3.967
51201;49.13;3.777
51202;49.072;3.92
51203;49.064;4.448
51204;49.08;3.878
51205;49.039;4.394
51206;49.008;4.802
51208;48.88;4.575
51210;49.07;3.971
51211;49.066;4.824
51212;48.771;4.286
51213;49.124;4.794
51214;48.978;4.774
51215;48.733;4.738
51216;49.241;4.415
51217;49.062;3.645
51218;48.819;4.745
51219;48.573;4.618
51220;48.77;4.512
51222;48.998;5.004
51223;48.615;4.74
51224;48.692;4.687
51225;49.182;3.95
51226;48.808;4.027
51227;48.896;4.345
51228;49.042;4.861
51229;48.974;4.832
51230;49.037;3.931
51231;48.994;4.449
51232;49.287;4.233
51233;48.69;3.527
51234;48.554;3.65
51235;48.765;3.639
51236;48.665;3.553
51237;48.726;3.576
51238;48.892;3.853
51239;48.883;3.951
51240;48.763;4.809
51241;48.718;4.02
51242;48.946;4.309
51243;48.652;3.95
51244;48.782;4.379
51245;49.233;3.791
51246;48.719;4.717
51247;48.871;3.84
51248;48.771;4.017
51249;49.028;3.767
51250;49.306;3.679
51251;48.975;4.062
51252;49.103;3.886
51253;49.139;4.949
51254;48.632;3.677
51255;49.24;4.722
51256;49.092;4.067
51258;48.66;3.604
51259;48.879;4.541
51260;48.908;4.666
51262;48.701;4.595
51263;48.89;3.704
51264;48.81;3.603
51265;48.68;3.806
51266;49.119;4.032
51267;49.245;3.861
51268;48.886;4.178
51269;48.56;4.748
51270;48.61;4.589
51272;48.949;4.907
51273;48.892;3.916
51274;49.057;4.781
51275;48.705;4.5
51276;48.685;4.027
51277;48.601;4.761
51278;49.064;4.289
51279;48.588;3.859
51280;49.246;4.691
51281;48.969;3.96
51282;49.254;3.907
51283;49.114;4.744
51284;48.716;4.754
51285;48.745;4.167
51286;48.636;4.772
51287;49.086;3.944
51288;48.69;4.773
51289;48.799;4.829
51290;48.779;4.738
51291;49.332;3.914
51292;48.99;4.719
51293;49.328;4.267
51294;49.281;3.771
51295;48.692;4.493
51296;48.658;4.397
51298;49.007;3.715
51299;49.363;4.203
51300;48.645;4.687
51301;49.07;4.216
51302;48.987;4.087
51303;49.006;4.176
51304;48.895;3.658
51305;49.244;3.878
51306;48.765;3.497
51307;49.14;4.474
51308;49.286;3.818
51309;49.145;3.79
51310;49.212;3.928
51311;48.793;4.781
51312;49.016;4.275
51313;48.769;3.701
51314;49.207;3.732
51315;48.613;4.807
51316;48.635;4.726
51317;49.141;4.668
51318;49.311;4.187
51319;48.779;4.117
51320;49.054;3.777
51321;49.208;3.768
51322;48.589;4.531
51323;48.714;3.818
51324;48.734;3.856
51325;48.818;4.649
51326;49.106;4.313
51327;48.894;3.89
51328;48.75;4.541
51329;49.346;3.975
51333;49.16;4.082
51334;48.698;4.637
51336;49.114;4.82
51337;49.3;3.727
51338;49.155;4.112
51339;48.868;4.393
51340;48.737;4.467
51341;49.18;4.81
51342;48.982;3.938
51343;48.555;3.71
51344;49.055;3.923
51345;48.964;3.754
51346;49.074;3.744
51348;49.169;3.9
51349;48.555;4.544
51350;48.922;3.658
51351;48.662;3.847
51352;48.721;4.622
51353;48.611;3.852
51354;48.927;4.543
51355;49.194;4.738
51356;48.675;4.677
51357;48.984;4.244
51358;48.731;4.857
51359;48.85;3.525
51360;48.695;3.654
51361;48.64;4.441
51362;49.289;3.953
51363;48.762;4.658
51364;49.229;3.873
51365;49.221;3.961
51367;48.939;4.02
51368;49.179;4.696
51369;48.736;3.672
51370;49.14;4.898
51371;48.941;4.676
51372;48.918;4.449
51373;48.649;4.663
51374;48.79;3.764
51375;49.192;4.045
51376;48.599;3.594
51377;48.708;4.123
51378;48.997;3.937
51379;49.314;3.801
51380;48.88;3.56
51381;48.936;3.826
51382;49.256;3.676
51384;48.972;3.894
51386;48.802;3.548
51387;48.957;3.91
51388;49.133;4.387
51389;49.133;4.306
51390;49.015;3.924
51391;49.272;3.888
51392;49.076;4.019
51393;49.128;3.925
51395;48.632;3.554
51396;49.044;3.716
51397;48.968;4.894
51398;49.143;3.831
51399;49.13;4.852
51402;48.743;3.51
51403;49.246;4.16
51404;48.94;4.805
51406;48.672;4.623
51407;48.738;3.622
51409;48.872;4.284
51410;49.063;3.798
51412;48.696;3.907
51413;49.007;4.04
51414;49.146;3.759
51415;48.851;4.506
51416;48.943;3.7
51417;48.668;4.738
51418;49.238;3.958
51419;48.559;4.669
51420;48.765;4.688
51421;48.81;3.771
51422;49.219;3.922
51423;48.767;4.855
51424;49.022;5.002
51425;49.128;3.681
51426;48.736;3.78
51428;49.132;4.232
51429;49.318;3.851
51430;48.84;4.021
51431;49.019;3.949
51432;48.697;3.871
51433;48.741;4.672
51434;49.011;4.077
51435;48.941;4.147
51436;48.867;4.495
51437;49.216;3.813
51438;48.964;4.633
51439;49.336;4.148
51440;49.282;4.316
51441;48.755;4.718
51442;48.898;4.856
51443;48.585;3.647
51444;49.313;3.945
51445;49.15;3.907
51446;48.773;4.482
51447;49.2;4.305
51448;49.297;3.847
51449;49.214;4.175
51450;49.201;4.116
51451;48.659;3.756
51452;49.023;4.791
51453;48.999;4.323
51454;49.252;4.04
51455;48.722;4.668
51456;48.948;4.854
51457;49.085;3.813
51458;48.798;3.802
51459;48.749;3.456
51460;48.837;3.506
51461;49.163;4.046
51463;48.651;4.542
51464;49.33;3.757
51465;49.096;3.913
51466;49.173;3.769
51468;49.257;3.857
51469;48.944;4.09
51470;49.223;4.705
51471;49.198;3.953
51472;48.827;4.612
51473;48.681;3.476
51474;49.27;3.99
51475;48.63;4.546
51476;49.02;4.419
51477;49.384;4.101
51478;48.684;4.88
51479;49.213;3.884
51480;49.145;3.663
51482;48.892;4.462
51483;48.975;4.295
51484;49.282;3.677
51485;49.058;4.375
51486;49.172;4.449
51487;49.265;4.382
51488;49.107;3.985
51489;48.87;4.786
51490;48.897;4.585
51491;49.123;4.672
51492;48.548;3.772
51493;49.226;4.108
51495;48.735;3.821
51496;48.792;4.62
51497;48.729;4.805
51498;49.029;4.728
51499;48.954;4.104
51500;48.924;4.853
51501;49.239;4.508
51502;48.815;4.48
51503;49.244;4.376
51504;48.992;4.358
51505;49.311;4.25
51506;48.955;4.418
51507;49.087;4.943
51508;48.614;4.393
51509;48.94;4.246
51510;48.777;4.632
51511;48.617;3.744
51512;48.85;4.327
51513;48.613;4.649
51514;48.707;3.774
51515;49.06;4.588
51516;48.617;3.891
51517;49.245;4.465
51518;49.298;3.975
51519;49.191;4.867
51520;48.554;4.475
51521;48.697;4.822
51522;48.647;4.812
51523;49.202;3.83
51524;48.582;3.73
51525;48.927;4.415
51526;48.682;3.698
51527;49.253;3.794
51528;48.716;4.809
51529;49.297;4.282
51530;49.149;4.264
51531;48.778;4.907
51532;49.149;3.979
51533;49.208;4.846
51534;49.248;3.764
51535;48.724;3.724
51536;49.192;4.139
51537;49.001;4.892
51538;48.896;4.39
51539;48.817;4.808
51542;48.81;3.729
51543;49.088;4.717
51544;49.243;4.592
51545;48.734;4.213
51546;49.119;4.589
51547;49.098;4.66
51548;48.992;4.614
51549;48.944;4.741
51550;48.686;4.376
51551;48.606;4.497
51552;48.793;4.472
51553;49.187;4.574
51555;48.729;4.305
51556;48.833;4.199
51557;48.788;4.555
51558;48.904;3.934
51559;49.125;4.526
51560;48.954;3.73
51562;49.204;4.082
51563;48.832;3.743
51564;49.09;4.096
51565;48.639;3.872
51566;48.918;4.21
51567;48.693;4.73
51568;49.318;3.965
51569;49.259;3.945
51570;48.862;3.684
51571;49.184;4.228
51572;49.029;4.631
51573;49.25;3.988
51574;48.847;4.421
51576;49.052;4.129
51577;49.223;3.801
51578;48.867;4.088
51579;48.795;3.499
51580;49.109;4.182
51581;49.242;3.827
51582;49.298;3.89
51583;48.711;4.954
51584;49.206;4.039
51585;49.073;3.702
51586;49.287;3.746
51587;49.084;4.416
51588;49.078;4.763
51589;48.866;4.705
51590;48.842;4.783
51591;49.282;3.794
51592;49.114;3.725
51594;48.76;4.14
51595;48.824;4.242
51596;48.881;3.626
51597;49.051;3.881
51598;48.707;4.674
51599;49.088;4.244
51600;49.217;4.383
51601;48.794;4.705
51602;48.808;4.716
51603;48.892;4.138
51604;49.342;3.799
51605;49.089;3.841
51607;48.95;3.621
51608;48.852;4.832
51609;49.102;3.671
51610;49.061;4.901
51611;48.848;3.907
51612;48.908;3.98
51613;49.164;4.143
51614;49.144;4.161
51616;48.877;4.468
51617;49.037;4.334
51618;48.803;3.452
51619;48.983;4.925
51620;49.164;4.854
51621;49.196;4.925
51622;49.205;3.938
51623;49.123;4.079
51624;49.178;3.798
51625;48.77;3.436
51626;48.797;3.709
51627;48.919;4.062
51628;48.638;3.761
51629;49.163;4.018
51630;48.935;3.93
51631;49.192;3.993
51632;49.018;4.94
51633;49.33;3.95
51634;48.939;4.263
51635;48.82;4.856
51636;49.13;4.199
51638;48.844;4.144
51639;48.965;3.677
51640;49.198;4.786
51641;48.832;3.796
51642;48.575;3.677
51643;49.013;3.899
51644;49.096;3.639
51645;48.7;3.709
51646;49.167;4.759
51647;48.748;4.62
51648;48.835;4.433
51649;48.728;4.592
51650;49.043;4.801
51652;48.593;3.891
51654;48.686;4.844
51655;48.917;4.108
51656;49.034;4.245
51657;49.238;3.917
51658;48.85;4.91
51659;49.16;4.663
51660;49.349;4.238
51662;49.297;4.112
51663;49.056;3.966
52001;48.112;5.338
52002;48.013;5.726
52003;48.333;5.483
52004;48.456;5.277
52005;48.112;4.895
52006;48.564;4.886
52007;48.314;5.011
52008;48.236;5.286
52009;47.928;5.52
52011;48.201;5.088
52012;48.386;5.27
52013;47.845;5.661
52014;47.771;5.199
52015;47.861;5.611
52016;47.847;5.017
52017;47.948;5.022
52019;48.349;4.914
52021;48.535;4.944
52022;47.91;4.95
52023;47.779;5.107
52025;48.116;5.533
52027;47.739;5.173
52028;47.831;5.034
52029;48.472;5.149
52030;48.482;5.152
52031;48.126;4.977
52033;47.967;5.535
52034;48.454;4.906
52035;47.749;5.25
52037;47.901;5.392
52038;48.073;5.557
52039;48.395;4.968
52040;47.824;5.06
52042;47.918;5.248
52043;47.72;5.555
52044;48.297;5.258
52045;48.656;4.973
52047;48.316;4.861
52050;48.103;5.286
52051;47.84;5.636
52053;48.173;5.011
52055;48.38;5.082
52056;48.058;5.013
52057;48.354;4.864
52058;48.199;5.142
52059;47.954;5.481
52060;47.944;5.742
52061;48.176;5.339
52062;47.796;5.313
52063;48.186;5.554
52064;48.205;5.601
52065;48.316;4.95
52066;48.382;5.036
52067;48.175;5.592
52069;48.105;4.939
52070;47.798;5.283
52072;48.157;5.136
52074;48.085;5.61
52075;48.208;5.196
52076;48.086;4.986
52079;48.491;4.977
52082;47.961;5.089
52083;47.764;5.527
52084;48.332;5.345
52085;48.09;5.46
52087;48.102;5.027
52088;48.442;4.748
52089;47.912;5.552
52090;47.863;5.492
52091;48.309;5.079
52092;47.677;5.136
52093;47.793;5.443
52094;47.694;5.082
52095;48.23;5.502
52097;48.352;5.4
52099;48.608;5.051
52101;48.129;5.629
52102;47.895;5.347
52103;47.872;5.629
52104;48.675;4.98
52105;47.926;5.384
52106;47.921;5.284
52107;48.216;5.242
52108;47.92;5.354
52109;48.359;4.997
52110;48.384;4.996
52113;47.718;5.382
52114;48.029;4.932
52115;47.856;5.389
52116;47.851;5.449
52118;48.472;5.1
52119;47.822;5.501
52120;47.973;5.436
52121;48.098;5.141
52122;48.145;5.65
52123;48.531;5.144
52124;47.88;5.672
52125;48.102;5.19
52126;47.661;5.366
52127;48.053;5.572
52128;48.197;5.298
52129;48.334;4.936
52130;48.105;4.863
52131;48.453;5.39
52132;48.114;5.492
52133;48.195;5.45
52134;47.787;5.342
52135;47.909;5.66
52136;47.901;5.692
52137;47.772;4.94
52138;47.786;4.988
52140;48.246;4.92
52141;48.142;5.143
52142;48.165;5.411
52145;47.694;5.449
52146;47.977;4.94
52147;47.842;5.215
52149;48.413;4.941
52151;47.977;4.982
52155;47.829;5.443
52156;48.498;5.146
52157;48.256;4.952
52158;47.625;5.353
52159;48.095;5.434
52160;48.297;4.937
52161;48.073;5.508
52162;47.98;5.586
52163;47.958;5.4
52164;47.949;5.641
52165;47.934;4.88
52167;48.168;5.223
52168;48.038;4.807
52169;48.466;5.002
52170;47.689;5.353
52171;48.425;4.952
52172;48.401;4.914
52173;48.359;5.253
52174;48.14;5.585
52175;48.353;5.162
52177;48.315;5.204
52178;48.371;4.917
52179;48.45;4.951
52181;48.464;5.312
52182;48.575;4.832
52183;48.208;5.397
52184;48.494;5.263
52185;47.919;5.866
52187;48.378;5.332
52189;47.69;5.217
52190;48.133;5.349
52193;48.129;5.044
52194;48.578;5.03
52195;47.697;5.681
52196;47.954;5.226
52197;47.787;5.605
52198;48.475;5.038
52199;48.399;5.075
52200;47.787;5.245
52201;48.36;5.045
52203;48.558;5.116
52204;48.151;5.369
52205;48.022;5.167
52206;48.52;4.833
52207;47.949;5.453
52208;47.94;5.834
52211;48.3;5.14
52212;48.401;5.134
52213;47.723;5.603
52214;48.277;5.056
52216;47.799;5.028
52217;48.115;5.64
52218;48.408;5.371
52219;48.391;5.369
52220;47.906;5.055
52221;48.154;4.997
52222;48.469;5.346
52223;47.69;5.633
52227;48.169;5.646
52228;47.723;5.446
52229;47.708;5.494
52230;48.336;5.121
52231;48.455;5.04
52232;48.298;4.98
52233;47.859;5.709
52234;48.158;5.581
52235;48.648;4.871
52237;48.267;5.621
52240;47.752;5.396
52242;47.845;5.534
52243;48.16;5.533
52244;48.58;4.922
52245;48.292;5.38
52246;47.904;5.304
52247;48.216;5.553
52248;48.034;5.447
52249;47.638;5.306
52250;48.434;5.123
52251;48.152;5.074
52253;48.193;4.985
52254;48.208;4.961
52256;48.305;5.492
52257;47.834;5.696
52258;48.094;4.775
52260;48.211;5.116
52264;47.934;5.668
52265;48.55;5.069
52266;48.472;4.878
52267;48.624;4.864
52269;47.859;5.339
52271;48.088;5.369
52272;48.024;4.748
52273;48.024;5.718
52274;47.986;4.843
52275;47.916;5.576
52276;48.09;5.24
52277;48.037;5.516
52278;48.163;4.934
52280;47.864;5.432
52282;47.981;5.142
52284;48.337;5.032
52285;47.728;5.215
52286;48.337;5.38
52287;48.136;5.561
52288;48.428;5.392
52289;48.291;5.543
52290;47.773;5.485
52291;48.126;5.442
52292;47.76;5.319
52294;48.543;4.892
52295;48.028;5.284
52297;48.057;5.2
52298;47.706;5.434
52300;48.51;5.008
52301;48.132;5.534
52302;48.492;5.067
52303;47.835;5.608
52304;48.155;5.605
52305;48.069;5.334
52306;48.266;5.375
52307;47.934;5.172
52308;48.135;4.866
52310;48.263;5.022
52311;47.887;5.548
52312;47.884;5.21
52313;48.174;5.262
52315;48.011;5.233
52316;48.415;5.038
52318;47.893;5.819
52319;48.103;5.412
52320;48.053;5.593
52321;48.425;4.884
52322;48.188;5.062
52325;48.142;5.424
52326;48.29;5.041
52327;48.617;4.887
52328;47.9;5.728
52330;48.18;4.903
52331;48.488;4.787
52332;48.007;5.534
52335;48.285;5.296
52336;48.476;4.956
52337;48.46;5.235
52341;48.43;5.003
52342;48.375;5.411
52344;47.693;5.107
52346;48.379;5.127
52347;48.58;5.099
52348;47.919;5.439
52349;48.038;5.129
52350;47.863;5.786
52352;48.072;5.438
52353;48.038;5.365
52354;47.792;5.378
52355;47.823;5.257
52356;48.437;5.072
52357;48.417;5.251
52358;48.061;5.485
52359;48.37;4.815
52360;47.604;5.272
52362;47.885;5.462
52363;47.883;5.422
52364;47.774;5.271
52365;48.078;4.935
52366;47.906;5.179
52367;48.226;5.059
52369;48.311;5.415
52370;48.498;5.201
52371;48.225;5.089
52372;48.216;5.691
52373;48.17;5.472
52374;47.786;5.412
52375;47.767;5.417
52376;48.477;5.282
52377;48.025;5.66
52378;48.515;5.248
52380;47.878;5.376
52383;47.857;5.275
52384;47.805;5.202
52385;48.097;5.478
52386;48.663;4.815
52388;47.804;5.661
52390;47.833;5.74
52391;48.513;4.789
52392;47.893;5.492
52393;47.716;5.008
52394;47.75;5.604
52395;47.708;4.979
52396;47.992;5.38
52397;47.923;5.491
52398;48.424;5.216
52399;48.082;4.871
52400;47.974;5.64
52401;48.049;5.256
52403;47.736;5.105
52405;47.688;5.292
52406;47.747;5.67
52407;48.276;5.503
52411;48.489;4.687
52413;48.455;4.97
52414;48.519;5.092
52415;47.941;5.559
52416;48.043;5.486
52419;48.164;4.859
52420;48.3;5.339
52421;48.173;5.169
52422;48.01;5.06
52423;48.248;5.35
52424;47.741;5.451
52425;47.65;5.227
52426;48.274;4.869
52428;48.226;5.212
52429;48.6;5.012
52431;47.849;5.12
52432;47.951;5.309
52433;48.186;5.513
52436;48.329;5.076
52437;47.803;5.088
52438;47.81;5.573
52439;47.861;4.988
52440;48.36;5.11
52442;48.422;5.131
52443;48.436;5.272
52444;48.251;5.417
52445;47.728;5.419
52446;47.714;5.268
52447;47.881;5.256
52448;48.628;4.949
52449;47.828;5.317
52450;47.88;5.079
52452;47.897;5.26
52453;47.849;5.415
52455;48.2;5.576
52456;48.396;5.196
52457;47.835;5.402
52459;48.057;5.298
52461;48.002;5.425
52463;48.495;5.321
52464;47.701;5.528
52465;47.955;5.58
52467;47.718;5.644
52468;48.251;5.464
52469;48.064;5.054
52470;47.997;5.751
52472;48.21;5.029
52473;48.266;5.267
52474;48.062;4.794
52475;48.504;5.038
52476;48.224;5.652
52479;48.41;4.833
52480;48.249;5.092
52482;48.195;5.694
52483;47.87;5.694
52484;48.442;5.182
52486;47.914;5.128
52487;48.434;4.791
52488;47.987;5.3
52489;48.147;5.479
52490;48.462;5.187
52491;48.42;5.314
52492;47.815;5.469
52493;47.694;5.599
52494;48.142;5.214
52495;48.379;4.775
52497;48.543;5.008
52499;47.715;5.155
52500;48.611;4.912
52502;48.488;5.01
52503;47.698;5.66
52504;47.896;5.611
52505;48.208;5.647
52506;48.132;4.91
52507;47.882;5.14
52510;48.469;4.968
52511;48.371;5.208
52512;48.46;5.135
52513;47.834;5.724
52514;48.076;5.188
52515;47.761;5.285
52516;47.77;5.292
52517;48.285;5.444
52518;48.0;5.264
52519;47.695;5.171
52520;47.927;5.61
52522;48.24;5.159
52523;48.272;5.312
52524;48.276;5.09
52525;48.07;4.719
52526;47.744;4.999
52528;48.441;4.952
52529;47.731;5.313
52534;48.668;4.906
52535;48.102;5.072
52536;47.752;5.22
52538;47.978;5.196
52539;47.759;5.444
52540;47.826;5.093
52541;47.987;5.344
52542;47.737;5.064
52543;48.502;4.863
52544;47.879;5.764
52545;47.857;5.181
52546;47.717;5.673
52547;48.263;5.158
52548;48.232;5.12
52549;48.146;5.513
52550;48.5;4.931
53001;48.024;-0.873
53002;48.232;-0.736
53003;48.423;-0.624
53005;48.177;-0.793
53007;48.091;-0.632
53008;48.304;-0.55
53009;47.986;-0.588
53010;48.156;-0.319
53011;47.962;-0.846
53012;47.882;-0.937
53013;48.355;-0.21
53015;48.175;-0.9
53016;48.253;-0.357
53017;47.937;-0.416
53018;47.904;-1.059
53019;47.985;-0.351
53021;48.271;-0.584
53022;48.007;-0.505
53023;48.186;-0.601
53025;48.026;-0.593
53026;47.992;-0.988
53027;47.908;-0.441
53028;48.252;-0.56
53029;47.807;-0.533
53030;47.951;-0.626
53031;48.223;-0.796
53033;47.772;-0.979
53034;48.068;-0.698
53035;47.806;-0.985
53036;47.861;-0.485
53037;47.872;-0.393
53038;48.426;-0.139
53039;48.164;-0.978
53040;48.16;-1.045
53041;47.884;-1.176
53042;48.39;-0.771
53043;48.156;-0.518
53045;48.09;-0.973
53046;47.919;-0.501
53047;48.389;-0.9
53048;48.232;-0.869
53049;48.16;-0.646
53051;48.356;-0.513
53052;48.433;-0.104
53053;48.294;-0.376
53054;48.108;-0.8
53055;48.413;-0.56
53056;48.132;-0.66
53057;48.316;-0.433
53058;47.902;-0.908
53059;48.097;-0.528
53061;48.414;-0.407
53062;47.829;-0.739
53063;47.807;-0.596
53064;48.336;-0.758
53066;47.778;-0.766
53067;47.974;-0.446
53068;47.801;-0.927
53069;48.438;-0.401
53071;48.388;-0.847
53072;48.235;-0.62
53073;47.803;-1.125
53074;48.26;-0.69
53075;47.918;-0.87
53076;47.965;-0.324
53077;47.946;-0.935
53078;47.791;-0.638
53079;48.448;-0.71
53080;48.482;-0.291
53082;47.987;-0.888
53083;48.304;-0.254
53084;47.845;-0.943
53085;48.383;-0.266
53086;48.197;-1.042
53087;47.954;-0.492
53088;47.966;-1.115
53089;47.758;-0.628
53090;47.881;-0.883
53091;48.474;-0.876
53093;48.448;-0.968
53094;47.993;-0.715
53096;48.304;-0.936
53097;48.152;-0.389
53098;47.914;-1.14
53099;48.029;-0.704
53100;48.483;-0.946
53101;47.872;-0.668
53102;47.94;-1.112
53103;48.104;-0.895
53104;47.844;-0.586
53105;48.15;-0.594
53106;48.376;-0.164
53107;48.422;-0.802
53108;48.081;-1.024
53109;48.286;-0.476
53110;47.87;-0.538
53111;48.359;-0.614
53112;48.374;-0.353
53113;48.254;-0.426
53114;48.341;-0.406
53115;48.423;-0.861
53116;48.39;-0.463
53117;47.911;-0.745
53118;48.471;-0.537
53119;48.017;-0.766
53120;48.225;-0.301
53121;48.421;-0.331
53122;48.246;-0.498
53123;48.236;-1.022
53124;47.845;-0.835
53125;48.479;-1.039
53126;48.349;-1.003
53127;48.442;-0.499
53128;47.948;-1.071
53129;48.133;-1.012
53130;48.061;-0.766
53131;48.451;-0.794
53132;48.419;-0.907
53133;48.529;-0.212
53134;48.112;-0.463
53135;47.889;-0.993
53136;47.868;-0.737
53137;48.063;-0.919
53139;48.332;-0.352
53140;48.126;-0.712
53141;48.055;-0.635
53142;48.47;-0.376
53143;47.968;-0.66
53144;48.325;-0.481
53145;47.858;-0.799
53146;48.203;-0.661
53147;48.308;-0.615
53148;47.802;-0.866
53150;47.764;-0.688
53151;47.952;-1.015
53152;47.947;-0.559
53153;48.2;-0.45
53154;48.381;-0.98
53155;48.279;-0.892
53156;48.17;-0.726
53157;48.013;-0.817
53158;48.008;-0.942
53160;48.386;-0.536
53161;48.134;-0.552
53162;48.265;-0.621
53163;48.17;-0.475
53164;48.49;-0.326
53165;47.847;-1.0
53168;47.98;-0.779
53169;48.121;-0.935
53170;48.362;-0.667
53172;47.952;-0.735
53173;48.505;-0.297
53174;48.323;-0.647
53175;48.01;-0.665
53176;48.422;-0.695
53177;48.32;-1.034
53178;47.889;-0.813
53179;48.264;-0.776
53180;47.828;-0.9
53181;48.434;-1.065
53182;48.121;-0.964
53184;47.937;-0.465
53185;48.447;-0.197
53186;47.928;-0.799
53187;48.442;-0.068
53188;47.784;-1.04
53189;48.491;-0.507
53190;48.378;-0.416
53191;47.891;-1.103
53192;47.838;-1.186
53193;47.906;-0.625
53195;48.18;-0.699
53196;48.46;-0.301
53197;47.85;-1.14
53198;48.315;-0.185
53199;48.449;-0.836
53200;48.287;-0.651
53201;48.07;-0.845
53202;48.407;-0.948
53203;47.862;-0.44
53204;48.49;-0.251
53206;47.92;-0.569
53208;48.434;-0.254
53209;48.039;-1.005
53210;47.79;-0.444
53211;48.347;-0.871
53212;47.981;-0.522
53213;48.404;-1.04
53214;47.787;-1.158
53216;48.349;-0.574
53218;48.205;-0.373
53219;48.301;-0.71
53220;48.036;-0.515
53221;48.177;-0.292
53222;48.218;-0.734
53223;48.268;-0.186
53224;48.14;-0.812
53225;48.207;-0.827
53226;48.223;-0.931
53228;48.04;-0.388
53229;48.141;-0.752
53230;48.484;-0.409
53232;48.086;-0.446
53233;47.886;-0.424
53234;48.387;-0.584
53235;48.469;-0.483
53236;48.295;-0.17
53237;48.383;-0.709
53238;48.431;-1.012
53240;47.815;-1.029
53242;47.872;-1.124
53243;48.142;-0.893
53245;48.288;-1.028
53246;48.398;-0.109
53247;48.108;-1.024
53248;48.012;-0.41
53249;48.228;-0.193
53250;47.966;-1.044
53251;47.777;-0.875
53253;47.816;-1.089
53255;48.103;-0.355
53256;48.264;-0.266
53257;47.976;-0.406
53258;47.847;-1.058
53259;47.807;-1.196
53260;47.883;-0.855
53261;48.467;-0.67
53262;48.062;-0.558
53263;48.496;-0.454
53264;48.006;-0.36
53265;48.097;-0.272
53266;48.283;-0.308
53267;48.051;-0.471
53269;48.298;-0.823
53270;48.446;-0.878
53271;48.339;-0.292
53272;48.403;-0.264
53273;47.925;-0.683
53276;48.137;-0.292
54001;48.893;6.266
54002;49.2;5.844
54003;48.361;5.983
54004;49.264;5.753
54005;48.458;6.165
54006;48.729;6.236
54007;48.737;6.019
54008;48.55;5.921
54009;49.128;5.777
54010;48.548;5.815
54011;49.511;5.569
54012;48.755;6.309
54013;48.63;6.784
54014;48.533;6.837
54015;49.336;5.882
54016;48.767;5.888
54017;48.505;6.972
54018;49.273;5.865
54019;48.812;5.823
54020;48.603;6.415
54021;48.813;6.298
54022;49.013;6.026
54023;48.725;6.533
54024;48.835;6.289
54025;48.661;6.263
54026;48.718;6.486
54027;48.893;6.111
54028;49.211;5.975
54029;49.368;5.894
54030;48.608;6.798
54031;48.829;6.108
54032;48.532;6.127
54033;49.322;5.738
54034;48.772;5.946
54035;48.643;6.813
54036;49.294;5.968
54037;48.584;6.229
54038;48.497;6.695
54039;48.45;6.741
54040;48.495;6.91
54041;48.557;5.877
54042;48.436;6.283
54043;48.59;6.088
54044;48.571;6.85
54045;48.55;6.356
54046;48.523;5.852
54047;48.546;5.844
54048;49.23;5.888
54049;49.438;5.751
54050;48.693;6.527
54051;49.177;5.97
54052;48.444;5.985
54053;48.671;6.531
54054;48.48;6.321
54055;49.016;5.998
54056;49.41;5.766
54057;48.852;5.788
54058;49.214;5.742
54059;48.849;6.187
54060;48.814;6.09
54061;48.564;6.662
54062;48.525;6.224
54063;48.851;5.842
54064;48.577;7.016
54065;48.435;6.812
54066;49.297;5.91
54067;49.436;5.676
54068;48.378;5.973
54069;49.387;5.919
54070;48.796;6.336
54071;48.748;6.473
54072;48.848;6.103
54073;48.624;5.925
54074;48.634;6.513
54075;48.495;7.022
54076;48.55;6.415
54077;48.59;6.842
54078;48.582;6.737
54079;48.875;6.062
54080;48.597;5.827
54081;49.411;5.74
54082;49.172;5.823
54083;48.627;6.496
54084;49.327;5.843
54085;48.448;6.397
54086;48.755;5.757
54087;48.941;5.847
54088;48.74;5.885
54089;48.773;6.271
54090;48.759;6.164
54091;48.955;6.101
54092;48.371;6.107
54093;49.122;5.809
54094;48.409;6.192
54095;48.816;6.218
54096;49.44;5.885
54097;48.523;6.921
54098;48.492;6.36
54099;49.256;5.97
54100;48.774;6.355
54101;48.492;6.749
54102;48.713;5.857
54103;49.123;5.926
54104;48.683;6.342
54105;48.572;5.844
54106;48.698;6.57
54107;48.537;6.688
54108;48.578;6.248
54109;48.533;6.178
54110;48.695;6.312
54111;48.637;6.09
54112;49.052;5.916
54113;48.734;6.353
54114;48.957;6.066
54115;48.721;6.123
54116;48.594;6.538
54117;48.441;6.067
54118;49.485;5.515
54119;48.996;5.865
54120;48.625;5.828
54121;48.535;6.389
54122;48.655;5.924
54123;48.632;6.134
54124;48.588;6.771
54125;48.522;6.638
54126;48.858;6.283
54127;49.474;5.766
54128;48.653;5.807
54129;48.586;6.945
54130;48.47;6.41
54131;48.883;6.18
54132;48.506;6.138
54133;48.702;6.617
54134;49.463;5.552
54135;48.516;5.896
54136;49.168;5.848
54137;49.486;5.701
54138;49.526;5.717
54139;48.691;6.402
54140;48.369;6.031
54141;48.585;6.283
54142;48.467;6.232
54143;48.528;5.962
54144;48.519;6.264
54145;48.64;6.406
54146;48.582;5.889
54147;48.644;6.55
54148;48.613;6.572
54149;49.434;5.921
54150;48.789;6.146
54151;49.481;5.738
54152;48.566;6.392
54153;49.006;5.832
54154;48.427;6.721
54155;48.618;6.458
54156;48.387;6.131
54157;48.834;6.056
54158;48.49;5.978
54159;48.619;6.361
54160;48.815;5.935
54161;48.561;6.801
54162;48.642;5.824
54163;48.58;6.698
54164;48.419;6.032
54165;48.717;6.216
54166;49.011;5.866
54167;48.671;5.925
54168;48.735;6.252
54169;49.329;5.764
54170;48.511;6.335
54171;49.146;5.932
54172;49.442;5.715
54173;48.67;6.412
54174;48.68;5.843
54175;48.493;6.393
54176;48.656;6.478
54177;48.638;6.683
54178;49.501;5.5
54179;48.925;6.181
54180;48.73;6.388
54181;49.417;5.898
54182;48.911;5.806
54183;48.424;6.47
54184;48.708;6.233
54185;48.457;6.053
54186;48.75;6.222
54187;48.92;5.859
54188;48.792;6.199
54189;48.457;5.934
54190;48.403;6.002
54191;48.485;6.883
54192;48.553;6.295
54193;48.905;5.964
54194;49.412;5.842
54195;48.618;6.398
54196;48.57;6.194
54197;48.63;6.204
54198;49.243;5.815
54199;48.503;6.658
54200;48.884;5.851
54201;48.449;6.656
54202;48.708;5.991
54203;48.457;6.104
54204;48.392;6.085
54205;48.673;5.781
54206;48.526;6.542
54207;48.374;6.061
54208;48.741;5.926
54209;48.5;6.451
54210;48.561;6.707
54211;48.605;6.903
54212;49.499;5.651
54213;49.143;5.831
54214;48.572;6.127
54215;48.75;6.123
54216;48.469;6.365
54217;48.476;6.732
54218;48.459;5.988
54219;48.678;6.381
54220;48.42;5.884
54221;48.489;6.153
54222;48.493;6.511
54223;48.547;6.002
54224;48.41;6.218
54225;48.843;5.986
54226;48.591;5.743
54227;49.173;5.916
54228;48.435;6.496
54229;48.458;6.687
54230;48.615;6.868
54231;49.244;5.762
54232;48.682;5.981
54233;48.605;6.767
54234;49.536;5.683
54235;48.505;6.014
54236;49.421;5.52
54237;48.381;6.008
54238;48.416;6.248
54239;48.841;6.017
54240;48.829;5.846
54241;48.395;6.058
54242;48.625;5.877
54243;48.516;6.719
54244;49.032;5.864
54245;48.484;6.341
54246;48.551;6.86
54247;48.499;6.071
54248;48.824;5.808
54249;49.099;5.837
54250;48.661;6.361
54251;48.571;6.894
54252;48.474;6.188
54253;49.196;5.898
54254;49.496;5.807
54255;48.501;6.479
54256;48.529;6.323
54257;48.651;6.199
54258;48.665;6.569
54259;48.553;6.754
54260;48.551;6.508
54261;49.518;5.792
54262;48.717;6.433
54263;49.222;5.993
54264;48.537;6.093
54265;48.641;6.174
54266;48.514;6.099
54268;48.408;6.116
54269;48.6;6.391
54270;49.496;5.856
54271;48.632;6.82
54272;48.762;5.975
54273;49.15;5.881
54274;48.667;6.205
54275;48.967;5.893
54276;48.846;6.243
54277;49.173;5.797
54278;48.414;6.162
54279;48.865;6.016
54280;49.232;6.012
54281;48.611;6.518
54282;49.39;5.802
54283;49.158;5.961
54284;49.288;5.779
54285;48.741;6.56
54286;49.183;5.873
54287;48.418;6.769
54288;48.745;5.829
54289;48.739;6.274
54290;49.452;5.779
54291;48.468;6.008
54292;48.52;6.443
54293;48.502;6.422
54294;48.855;6.152
54295;49.319;5.808
54296;48.725;6.3
54297;48.623;6.645
54298;48.708;5.806
54299;48.471;6.264
54300;48.646;6.241
54301;48.806;6.319
54302;49.253;5.886
54303;48.544;6.598
54304;48.682;6.114
54305;48.754;6.195
54306;48.682;5.761
54307;48.434;6.241
54308;48.628;6.744
54309;48.506;6.187
54310;48.453;6.255
54311;48.671;6.3
54312;48.932;6.111
54313;48.875;6.285
54314;49.503;5.729
54315;48.802;6.269
54316;48.894;5.902
54317;48.867;5.912
54318;48.754;6.052
54320;48.867;6.098
54321;49.534;5.802
54322;49.458;5.592
54323;49.521;5.766
54324;48.497;6.315
54325;48.43;6.37
54326;49.244;5.855
54327;48.723;5.829
54328;48.621;6.173
54329;48.592;6.498
54330;48.602;6.221
54331;48.444;6.566
54332;48.896;6.036
54333;48.918;6.251
54334;49.305;5.855
54335;48.648;6.438
54336;48.591;6.049
54337;49.358;5.866
54338;48.792;6.168
54339;48.722;6.19
54340;48.88;5.956
54343;48.828;5.79
54344;48.451;6.289
54345;48.602;6.27
54346;48.782;5.919
54348;48.831;5.915
54349;48.591;6.663
54350;48.598;6.608
54351;48.79;6.09
54352;48.658;6.058
54353;49.097;5.885
54354;48.559;6.037
54355;48.848;5.952
54356;48.439;6.522
54357;48.709;6.15
54358;48.755;6.379
54359;48.512;6.38
54360;48.774;5.848
54362;49.385;5.758
54363;49.37;5.825
54364;48.591;6.138
54365;48.474;6.779
54366;48.61;6.142
54367;49.502;5.786
54368;48.534;6.783
54369;48.815;6.14
54370;48.81;5.88
54371;49.197;5.948
54372;48.828;6.248
54373;48.564;6.562
54374;48.769;6.424
54375;48.896;6.001
54376;48.793;6.236
54377;48.514;6.803
54378;49.472;5.668
54379;48.499;5.783
54380;48.619;5.85
54381;48.536;6.888
54382;49.546;5.78
54383;48.549;6.442
54385;49.444;5.818
54386;48.481;6.44
54387;48.918;6.146
54388;48.672;6.64
54389;49.214;5.779
54390;48.911;6.093
54391;49.233;5.956
54392;48.602;5.897
54393;48.487;6.587
54394;49.343;5.831
54395;48.69;6.176
54396;48.447;6.87
54397;48.615;6.109
54398;48.521;6.877
54399;48.49;6.282
54400;48.878;6.233
54401;48.549;6.891
54402;49.277;5.809
54403;48.932;6.012
54404;48.846;5.885
54405;48.594;5.949
54406;48.551;6.718
54407;48.472;6.059
54408;49.173;5.768
54409;48.493;6.118
54410;49.022;5.968
54411;48.488;6.205
54412;49.491;5.447
54413;49.226;5.842
54414;48.699;5.848
54415;48.988;6.011
54416;48.93;5.796
54417;48.527;6.064
54418;48.668;6.608
54419;48.542;6.921
54420;49.44;5.501
54421;48.546;6.974
54422;48.53;6.744
54423;48.468;6.884
54424;48.917;6.277
54425;49.307;5.784
54426;48.64;5.964
54427;48.465;6.938
54428;49.418;5.709
54429;48.549;6.111
54430;48.773;6.111
54431;48.922;6.054
54432;48.609;6.075
54433;48.9;6.16
54434;48.438;6.112
54435;48.972;5.963
54436;49.347;5.8
54437;48.55;6.152
54438;48.391;6.032
54439;48.702;6.266
54440;49.151;5.787
54441;49.074;5.885
54442;48.472;6.105
54443;48.514;7.097
54444;48.924;6.218
54445;48.652;6.51
54446;48.718;6.582
54447;48.538;6.73
54449;48.568;6.469
54450;48.508;6.776
54451;49.5;5.757
54452;48.599;6.743
54453;48.985;5.904
54455;48.464;6.475
54456;48.708;6.38
54457;48.656;6.741
54458;48.613;6.83
54459;48.596;6.176
54460;48.815;5.977
54461;48.521;6.357
54462;48.592;6.334
54463;48.789;5.994
54464;48.902;6.204
54465;48.467;6.294
54466;48.785;5.822
54467;48.447;6.43
54468;48.559;6.316
54469;49.17;6.002
54470;48.892;5.797
54471;48.419;6.43
54472;48.542;6.623
54473;48.425;6.137
54474;48.87;6.137
54475;48.423;6.344
54476;49.456;5.489
54477;49.018;5.904
54478;49.122;5.973
54479;48.51;6.299
54480;48.572;6.75
54481;48.506;6.851
54482;48.705;6.206
54483;48.622;6.296
54484;48.506;6.831
54485;49.526;5.639
54486;48.499;6.254
54487;48.416;6.396
54488;48.523;7.003
54489;49.376;5.73
54490;48.792;6.041
54491;49.352;5.928
54492;48.765;5.826
54493;49.529;5.826
54494;48.473;5.933
54495;48.686;6.254
54496;48.519;5.8
54497;48.417;6.087
54498;48.715;6.271
54499;48.869;5.796
54500;48.497;5.944
54501;48.46;6.517
54502;48.691;6.454
54504;49.394;5.878
54505;48.635;6.023
54507;48.632;6.548
54508;48.83;6.207
54509;48.636;6.376
54510;48.741;6.416
54511;49.074;5.832
54512;48.605;6.94
54513;48.467;6.138
54514;49.509;5.63
54515;48.544;6.051
54516;48.404;6.053
54517;48.903;6.303
54518;48.933;5.901
54519;48.407;6.805
54520;48.579;6.63
54521;49.474;5.906
54522;48.445;6.032
54523;48.576;5.972
54524;49.204;5.806
54525;49.46;5.883
54526;48.686;6.221
54527;48.554;6.259
54528;48.686;5.895
54529;48.414;5.949
54530;48.401;5.967
54531;48.414;5.928
54532;48.803;5.946
54533;49.323;5.944
54534;48.723;5.772
54535;49.083;5.919
54536;49.307;5.894
54537;49.464;5.708
54538;48.569;5.746
54539;48.481;6.817
54540;48.554;7.007
54541;48.684;6.494
54542;49.214;5.92
54543;48.46;6.545
54544;49.029;5.982
54545;48.425;5.992
54546;48.959;6.02
54547;48.658;6.165
54548;48.572;5.785
54549;48.642;6.321
54550;48.505;6.615
54551;48.665;6.686
54552;48.421;6.058
54553;48.455;6.209
54554;48.438;6.205
54555;48.52;6.756
54556;48.603;6.709
54557;48.699;6.047
54558;48.716;6.325
54559;48.53;6.286
54560;48.461;6.814
54561;48.442;6.462
54562;48.588;6.805
54563;48.483;6.094
54564;48.939;5.918
54565;48.569;6.344
54566;48.94;5.959
54567;48.44;6.336
54568;49.417;5.801
54569;48.841;6.13
54570;48.994;5.946
54571;48.62;6.244
54572;49.539;5.657
54573;48.82;6.007
54574;49.506;5.689
54575;49.47;5.832
54576;49.469;5.482
54577;48.814;6.251
54578;48.662;6.129
54579;48.943;5.995
54580;49.465;5.926
54581;49.121;5.873
54582;49.479;5.554
54583;48.658;5.976
54584;48.728;5.964
54585;48.455;6.318
54586;48.587;6.013
54587;48.494;6.042
54588;48.591;6.442
54589;48.971;6.06
54590;49.466;5.631
54591;48.517;6.174
54592;48.459;6.077
54593;49.012;5.936
54594;48.978;5.849
54595;48.539;6.477
54596;48.562;6.091
54597;48.433;6.176
54598;49.357;5.765
54599;49.057;5.856
54600;48.653;6.708
54601;48.69;6.657
54602;49.396;5.711
55001;48.533;5.515
55002;49.197;5.549
55004;49.37;5.116
55005;48.515;5.604
55007;49.023;5.452
55008;49.257;5.647
55009;49.065;5.384
55010;48.64;5.024
55011;48.784;4.952
55012;48.844;5.622
55013;49.412;5.651
55014;49.156;5.095
55015;48.635;5.126
55017;49.031;5.14
55018;49.563;5.134
55021;49.034;5.704
55022;49.566;5.39
55023;49.203;5.142
55024;49.293;5.468
55025;49.483;5.258
55026;48.544;5.578
55027;48.953;5.484
55028;49.353;5.074
55029;48.764;5.164
55031;48.689;5.006
55032;48.837;5.393
55033;49.266;5.024
55034;49.5;5.426
55035;48.687;5.14
55036;49.452;5.118
55037;49.48;5.108
55038;49.043;5.04
55039;49.262;5.41
55040;48.967;5.213
55041;48.798;5.175
55042;49.131;5.381
55043;49.18;5.396
55044;48.864;5.307
55045;49.148;5.45
55046;48.962;5.807
55047;49.168;5.234
55048;49.25;5.224
55049;48.757;5.029
55050;49.232;5.472
55051;48.57;5.346
55053;49.323;5.562
55054;48.873;5.51
55055;49.16;5.536
55057;49.189;5.678
55058;48.808;5.585
55059;48.525;5.426
55060;49.09;5.565
55061;48.609;5.228
55062;48.844;5.705
55063;49.292;5.745
55064;48.981;5.433
55065;49.196;5.022
55066;48.637;5.51
55067;48.645;5.416
55068;49.121;5.144
55069;48.854;4.981
55070;49.278;5.328
55071;49.392;5.305
55072;49.156;5.629
55073;49.208;5.39
55075;48.576;5.154
55076;49.384;5.334
55077;49.592;5.394
55078;49.327;5.165
55079;48.715;5.108
55080;48.473;5.716
55081;49.006;5.056
55082;49.113;5.171
55083;49.521;5.254
55084;48.635;5.551
55085;48.814;5.719
55087;48.509;5.347
55088;48.559;5.652
55089;48.5;5.685
55093;48.906;5.678
55094;49.175;5.706
55095;49.509;5.144
55096;48.95;5.643
55097;48.594;5.697
55099;49.236;5.33
55100;48.546;5.703
55101;48.827;5.131
55102;49.204;5.342
55103;49.257;5.041
55104;48.446;5.438
55105;49.139;5.513
55106;49.216;5.265
55107;49.31;5.431
55108;48.926;5.27
55109;49.523;5.308
55110;49.54;5.297
55111;48.892;5.499
55113;49.224;5.073
55114;48.761;5.49
55115;49.3;5.093
55116;49.145;4.99
55117;49.108;5.081
55118;49.359;5.144
55119;49.366;5.175
55120;48.744;5.114
55121;49.06;5.622
55122;48.746;5.556
55123;48.868;5.165
55124;49.296;5.311
55125;48.803;4.956
55127;48.826;5.427
55128;48.94;5.233
55129;48.941;5.353
55132;48.617;5.085
55133;48.581;5.306
55134;48.776;5.036
55137;49.267;5.188
55138;;
55139;49.234;5.268
55140;49.332;5.117
55141;48.79;5.385
55142;48.451;5.509
55143;49.199;5.493
55144;48.597;5.238
55145;49.343;5.415
55146;49.305;5.227
55148;48.566;5.531
55149;49.411;5.429
55150;48.592;5.473
55153;49.22;5.519
55154;49.08;5.43
55155;49.145;5.195
55156;49.382;5.448
55157;49.024;5.602
55158;49.284;5.715
55159;48.928;5.468
55160;49.0;5.591
55162;49.298;5.693
55163;49.06;5.722
55165;49.386;5.155
55166;49.101;5.374
55167;49.383;5.196
55168;49.358;5.617
55169;49.533;5.452
55170;49.357;5.34
55171;49.179;5.48
55172;49.064;5.583
55173;48.542;5.627
55174;49.273;5.083
55175;48.847;5.275
55177;48.914;5.237
55178;48.811;5.284
55179;48.742;5.413
55180;49.209;5.205
55181;49.217;5.637
55182;49.264;5.688
55183;49.327;5.356
55184;48.744;5.645
55185;48.982;5.126
55186;48.78;5.113
55188;49.476;5.437
55189;49.194;5.433
55191;49.239;5.608
55192;49.366;5.246
55193;49.26;5.276
55194;49.004;5.097
55195;48.631;5.251
55196;48.804;5.656
55197;48.899;5.435
55198;49.101;5.634
55199;49.06;5.118
55200;49.164;5.293
55201;49.211;5.582
55202;49.077;5.007
55204;49.042;5.443
55206;49.282;5.234
55207;48.788;5.3
55208;49.306;5.056
55210;48.849;5.375
55211;49.26;5.566
55212;48.806;5.632
55214;48.658;5.318
55215;48.493;5.506
55216;49.299;5.668
55217;48.482;5.673
55218;49.281;5.51
55219;49.163;5.565
55220;48.784;5.465
55221;48.722;5.256
55222;49.167;5.662
55224;48.688;5.09
55225;49.447;5.128
55226;49.482;5.333
55228;49.033;5.653
55229;48.856;5.546
55232;49.096;5.729
55236;49.125;5.427
55237;49.116;5.544
55239;49.276;5.369
55241;49.0;5.276
55242;49.139;5.665
55243;49.047;5.639
55244;49.178;5.602
55245;48.938;5.698
55246;48.602;5.327
55247;48.488;5.468
55248;48.552;5.457
55250;49.555;5.164
55251;49.038;5.212
55252;49.474;5.397
55253;49.112;5.006
55254;48.971;5.282
55255;49.426;5.391
55256;49.065;5.776
55257;49.135;5.224
55258;48.78;5.703
55260;49.06;5.19
55261;48.597;5.163
55262;49.461;5.331
55263;48.867;5.469
55264;48.852;5.454
55265;49.092;5.775
55266;49.176;4.993
55267;49.033;5.8
55268;48.984;5.528
55269;48.935;5.418
55270;48.892;5.77
55271;48.901;5.03
55272;48.842;5.042
55274;48.964;5.592
55275;49.548;5.244
55276;49.099;5.33
55278;48.707;5.576
55279;49.496;5.121
55280;49.208;5.711
55281;49.091;5.806
55282;48.807;5.333
55284;48.657;5.148
55285;49.048;5.139
55286;49.068;5.294
55288;48.779;5.536
55289;48.827;5.347
55290;48.81;5.392
55291;48.662;5.296
55292;49.354;5.207
55293;49.417;5.253
55295;48.92;5.083
55296;48.711;5.034
55297;49.377;5.366
55298;48.767;5.283
55299;49.304;5.592
55300;48.64;5.328
55301;48.913;5.306
55302;48.739;5.203
55303;48.866;5.679
55304;48.866;5.078
55306;49.438;5.337
55307;49.241;5.402
55310;49.527;5.145
55311;49.105;5.701
55312;48.923;5.538
55313;49.236;5.176
55315;48.496;5.393
55316;49.346;5.529
55317;49.121;5.595
55320;49.088;5.682
55321;49.202;5.298
55322;48.636;5.444
55323;49.535;5.178
55324;49.446;5.448
55325;49.253;5.517
55326;48.667;5.253
55327;48.595;5.549
55328;48.53;5.657
55329;48.827;5.548
55330;48.678;5.494
55331;48.656;5.472
55332;48.656;5.362
55333;48.803;5.437
55334;48.701;5.532
55335;48.621;5.206
55336;49.364;5.475
55338;49.396;5.216
55339;49.244;5.54
55340;48.775;4.992
55341;49.298;5.392
55343;49.244;4.995
55344;48.515;5.701
55345;49.411;5.159
55346;49.256;5.135
55347;49.043;5.392
55348;48.544;5.269
55349;49.427;5.138
55350;48.578;5.605
55351;49.515;5.372
55352;48.698;5.169
55353;48.891;5.724
55355;49.188;5.216
55356;49.179;5.54
55357;49.23;5.572
55358;48.678;5.391
55359;48.575;5.225
55360;49.054;5.539
55361;49.161;5.49
55362;49.578;5.128
55363;49.102;5.752
55364;49.45;5.239
55365;49.395;5.268
55366;48.807;5.086
55367;49.339;5.622
55368;48.667;5.549
55369;48.8;5.229
55370;48.633;5.371
55371;48.714;5.393
55372;48.721;5.318
55373;48.682;5.23
55374;48.652;5.226
55375;49.3;5.132
55376;48.627;5.343
55377;49.537;5.221
55378;48.874;4.935
55379;49.13;4.984
55380;48.949;5.312
55381;48.576;5.656
55382;48.822;5.051
55383;49.164;5.047
55384;48.892;5.355
55385;49.112;5.262
55386;48.939;5.755
55387;49.357;5.66
55388;48.885;4.98
55389;49.005;5.176
55391;49.559;5.208
55394;49.257;5.474
55395;49.046;5.249
55396;48.665;5.693
55397;48.537;5.739
55398;48.689;5.733
55399;49.124;5.707
55400;49.147;5.725
55401;48.911;5.487
55403;49.367;5.398
55404;48.907;5.349
55405;49.372;5.58
55406;49.116;5.669
55407;48.808;5.552
55408;49.541;5.117
55409;48.962;5.148
55410;49.491;5.296
55411;48.991;5.334
55412;48.835;5.758
55414;48.82;4.916
55415;49.027;5.502
55416;49.075;5.098
55419;49.154;5.161
55420;48.999;5.374
55421;48.626;5.471
55422;49.252;5.316
55423;48.92;5.179
55424;48.8;4.917
55425;49.438;5.376
55426;48.771;5.231
55427;48.827;4.977
55428;49.341;5.341
55429;49.097;5.666
55430;48.544;5.357
55431;48.892;5.752
55433;48.628;5.721
55434;48.612;5.748
55435;48.733;5.024
55436;48.458;5.634
55437;49.328;5.466
55438;49.327;5.073
55439;49.131;5.561
55442;48.886;5.252
55443;49.224;5.696
55444;48.95;5.526
55445;49.387;5.628
55446;48.83;5.273
55447;48.663;5.095
55448;48.885;5.401
55449;49.062;5.495
55450;49.415;5.48
55452;48.628;5.395
55453;49.01;5.233
55454;48.716;5.448
55456;48.648;5.724
55457;49.075;5.706
55458;49.173;5.742
55459;48.582;5.409
55460;48.819;5.614
55461;49.395;5.528
55462;49.011;5.666
55463;48.891;5.582
55464;49.376;5.687
55465;49.04;5.587
55466;48.756;5.333
55467;48.819;5.487
55468;49.258;5.346
55469;49.412;5.187
55470;48.695;5.058
55471;49.439;5.172
55472;48.69;5.46
55473;49.074;5.653
55474;48.502;5.736
55475;48.64;5.6
55476;48.749;5.176
55477;48.606;5.135
55479;48.852;5.231
55481;49.282;5.617
55482;49.058;5.344
55484;49.286;5.174
55485;48.564;5.694
55487;48.988;5.561
55488;48.739;5.246
55489;49.139;5.26
55490;49.327;5.283
55492;49.101;5.477
55493;48.916;4.969
55494;48.675;5.037
55495;49.404;5.586
55496;48.719;5.661
55497;49.088;5.236
55498;49.029;5.3
55500;49.333;5.697
55501;48.643;5.179
55502;49.5;5.198
55503;48.511;5.662
55504;48.713;5.22
55505;49.172;5.339
55506;48.956;5.385
55507;49.025;5.667
55508;49.566;5.426
55509;49.572;5.341
55510;49.532;5.343
55511;49.552;5.359
55512;48.994;5.415
55514;48.744;5.07
55515;49.08;5.612
55516;48.605;5.39
55517;48.974;5.056
55518;48.77;5.4
55519;48.72;5.279
55520;48.701;5.694
55521;49.001;5.486
55522;48.638;5.69
55523;49.23;5.362
55525;49.07;5.259
55526;48.798;5.514
55527;49.227;5.016
55528;48.877;5.659
55530;48.929;5.616
55531;48.801;5.027
55532;48.942;5.107
55533;48.616;5.641
55534;48.449;5.589
55535;49.316;5.645
55536;49.199;5.083
55537;49.206;5.463
55540;49.024;5.55
55541;48.823;5.195
55543;48.697;5.297
55544;49.499;5.46
55545;49.146;5.361
55546;49.531;5.426
55547;49.546;5.418
55549;49.24;5.093
55551;48.986;5.724
55552;49.508;5.329
55553;48.781;5.612
55554;49.511;5.404
55555;48.876;5.354
55556;49.29;5.428
55557;49.138;5.614
55559;48.616;5.572
55560;48.86;5.02
55561;49.399;5.112
55562;48.624;5.3
55563;49.358;5.503
55565;49.127;5.741
55566;49.023;5.404
55567;49.079;5.178
55568;48.718;5.07
55569;48.891;5.076
55570;48.858;5.354
55571;49.337;5.245
55572;49.388;5.41
55573;48.674;5.622
55574;48.489;5.614
55575;48.474;5.602
55577;49.024;5.099
55578;49.191;5.642
55579;49.139;5.547
55580;49.319;5.375
55581;48.715;5.357
55582;49.461;5.165
55583;49.039;5.74
55584;48.965;5.452
55586;48.866;5.73
56001;47.639;-2.177
56002;47.557;-2.541
56003;47.634;-2.822
56004;47.52;-2.405
56005;47.547;-2.888
56006;47.912;-2.268
56007;47.668;-2.99
56008;47.615;-2.904
56009;47.313;-3.192
56010;47.875;-3.031
56011;47.603;-2.244
56012;47.966;-2.18
56013;47.672;-3.162
56014;47.985;-3.374
56015;47.638;-2.528
56017;47.877;-2.759
56018;47.524;-2.48
56019;47.868;-2.648
56020;47.784;-2.447
56021;47.792;-3.193
56022;47.784;-2.922
56023;47.709;-3.024
56024;48.07;-2.687
56025;48.112;-2.395
56026;47.969;-3.176
56027;47.92;-2.675
56028;47.64;-2.299
56029;47.88;-3.312
56030;47.479;-2.399
56031;47.83;-3.0
56032;47.962;-2.278
56033;47.82;-2.146
56034;47.608;-3.07
56035;47.862;-2.328
56036;47.813;-3.341
56039;47.855;-2.934
56040;47.865;-3.365
56041;48.128;-3.063
56042;47.816;-2.807
56043;48.066;-2.208
56044;47.749;-2.098
56045;47.75;-2.508
56046;47.63;-3.001
56047;48.038;-2.765
56048;48.061;-3.373
56050;47.964;-2.511
56051;47.878;-2.591
56052;47.523;-2.586
56053;47.733;-2.593
56054;47.637;-3.156
56055;47.657;-3.198
56056;48.083;-2.405
56057;48.049;-3.509
56058;47.487;-2.34
56060;47.748;-2.197
56061;47.773;-2.156
56062;47.695;-3.334
56063;47.808;-3.438
56065;47.939;-2.358
56066;48.136;-3.604
56067;47.761;-2.848
56068;48.002;-2.503
56069;47.637;-3.464
56070;47.926;-2.586
56071;47.892;-2.651
56072;48.092;-2.81
56073;48.066;-3.206
56074;47.906;-2.967
56075;47.907;-2.129
56076;48.035;-3.102
56077;47.591;-2.4
56078;47.794;-3.492
56079;47.924;-2.48
56080;48.052;-2.414
56081;48.043;-3.624
56082;47.968;-2.481
56083;47.808;-3.27
56084;47.581;-2.692
56085;47.34;-2.876
56086;47.389;-2.967
56087;47.586;-2.849
56088;47.592;-2.8
56089;47.956;-3.26
56090;47.856;-3.252
56091;47.954;-2.549
56092;48.043;-2.836
56093;48.147;-2.928
56094;47.769;-3.248
56096;47.742;-3.099
56097;47.771;-3.114
56098;47.769;-3.326
56099;48.121;-3.233
56100;48.132;-3.481
56101;47.837;-3.148
56102;47.987;-2.576
56103;47.951;-2.661
56104;47.893;-3.245
56105;48.004;-3.532
56106;47.593;-2.899
56107;47.716;-3.391
56108;47.716;-2.495
56109;47.611;-2.556
56110;48.027;-3.272
56111;47.636;-2.361
56112;47.864;-2.52
56113;48.062;-3.183
56114;47.302;-3.106
56115;47.76;-2.79
56116;47.578;-2.963
56117;47.88;-2.838
56118;47.73;-3.328
56119;47.702;-3.11
56120;47.764;-2.758
56121;47.75;-3.378
56122;47.992;-2.384
56123;47.686;-2.3
56124;47.808;-2.387
56125;48.069;-3.056
56126;47.542;-2.354
56127;48.082;-2.304
56128;47.975;-3.1
56129;48.131;-2.454
56130;47.733;-3.243
56131;47.988;-3.448
56132;47.724;-2.774
56133;47.824;-2.356
56134;48.063;-2.496
56135;47.736;-2.44
56136;47.878;-2.193
56137;47.732;-2.696
56139;47.886;-2.412
56140;47.933;-2.804
56141;47.843;-2.858
56143;47.555;-2.473
56144;47.997;-2.844
56145;48.022;-2.333
56146;48.122;-2.972
56147;47.541;-2.249
56148;47.755;-3.175
56149;47.6;-2.46
56151;48.061;-2.891
56152;47.343;-3.171
56153;47.583;-2.336
56154;47.715;-2.219
56155;47.473;-2.465
56156;48.015;-3.219
56157;47.779;-2.696
56158;47.697;-2.831
56159;47.77;-2.387
56160;47.994;-2.692
56161;47.66;-3.072
56162;47.733;-3.442
56163;48.092;-3.288
56164;47.662;-2.843
56165;47.922;-2.383
56166;47.927;-3.337
56167;47.661;-2.898
56168;47.6;-3.123
56169;47.693;-3.234
56170;48.134;-3.376
56171;47.715;-2.37
56172;47.826;-2.623
56173;47.965;-2.981
56174;47.882;-2.888
56175;47.728;-2.923
56176;47.678;-2.946
56177;47.782;-3.016
56178;48.073;-2.97
56179;47.839;-3.42
56180;47.92;-2.194
56181;47.71;-3.348
56182;48.056;-3.435
56184;47.664;-2.437
56185;47.784;-3.42
56186;47.488;-3.123
56188;47.909;-3.128
56189;47.949;-2.713
56190;47.986;-2.772
56191;47.864;-2.253
56193;47.718;-3.302
56194;47.606;-2.126
56195;47.519;-2.303
56196;47.698;-2.344
56197;47.869;-2.456
56198;48.09;-2.743
56199;48.12;-3.694
56200;47.814;-2.285
56201;48.096;-3.565
56202;47.848;-2.406
56203;48.182;-3.049
56204;47.908;-2.736
56205;47.563;-2.711
56206;47.699;-2.742
56207;47.926;-3.041
56208;48.09;-2.362
56209;48.177;-3.11
56210;48.032;-3.351
56211;47.768;-2.329
56212;47.548;-2.172
56213;48.108;-2.886
56214;47.513;-2.833
56215;48.126;-2.822
56216;47.642;-2.238
56218;47.723;-2.288
56219;47.779;-2.502
56220;47.717;-3.185
56221;47.678;-2.212
56222;47.831;-2.728
56223;47.645;-2.123
56224;47.792;-2.314
56225;48.091;-2.263
56226;47.957;-2.144
56227;48.017;-2.468
56228;47.811;-2.416
56229;47.763;-2.264
56230;47.796;-2.218
56231;47.698;-2.666
56232;47.672;-2.123
56233;47.588;-3.001
56234;47.523;-3.138
56236;47.899;-2.512
56237;48.016;-2.943
56238;48.096;-3.367
56239;47.702;-2.148
56240;47.524;-2.751
56241;47.354;-3.23
56242;48.102;-3.152
56243;47.623;-2.724
56244;47.824;-2.497
56245;48.145;-3.172
56246;48.038;-2.995
56247;47.66;-2.563
56248;47.569;-2.627
56249;47.962;-2.443
56250;47.552;-2.118
56251;47.636;-2.647
56252;47.529;-2.654
56253;47.833;-2.23
56254;47.783;-2.584
56255;47.678;-2.622
56256;48.004;-2.295
56257;48.098;-2.525
56258;47.591;-3.037
56259;47.605;-2.592
56260;47.66;-2.757
56261;47.69;-2.519
56262;47.637;-2.94
56263;47.701;-2.953
56264;48.008;-3.329
57001;49.256;6.354
57002;48.819;6.356
57003;48.602;7.156
57004;48.916;6.59
57006;49.046;7.184
57007;49.006;6.444
57008;49.008;6.606
57009;48.845;6.304
57010;48.897;6.34
57011;48.93;6.869
57012;49.364;6.048
57013;49.18;7.001
57014;49.027;6.816
57015;49.069;6.731
57016;49.276;6.553
57017;49.16;6.046
57018;48.841;6.488
57019;49.24;6.1
57020;49.033;6.398
57021;49.065;6.045
57022;49.388;6.043
57024;49.197;6.248
57025;49.268;6.462
57026;49.46;6.386
57027;48.976;6.53
57028;49.199;6.21
57029;49.019;6.504
57030;48.994;6.057
57031;49.087;6.269
57032;49.085;6.048
57033;48.722;7.163
57034;48.653;6.967
57035;48.766;6.8
57036;48.79;6.386
57037;49.025;6.336
57038;49.458;5.957
57039;49.055;6.116
57040;48.862;6.328
57041;49.418;5.947
57042;48.656;6.806
57043;49.248;6.196
57044;48.731;6.822
57045;48.929;6.406
57046;48.968;7.522
57047;49.101;6.597
57048;49.122;6.465
57049;49.124;6.142
57050;48.708;6.958
57051;48.938;6.614
57052;49.074;6.823
57053;48.873;6.801
57054;48.96;6.459
57055;49.057;6.385
57056;48.721;6.991
57057;48.983;6.386
57058;49.168;6.942
57059;48.901;6.574
57060;48.908;6.756
57061;49.134;6.837
57062;49.435;6.311
57063;48.973;6.694
57064;48.8;7.244
57065;48.933;6.713
57066;48.821;6.982
57067;49.315;6.193
57069;49.269;6.652
57070;49.239;6.489
57071;48.808;7.029
57072;49.245;6.314
57073;49.13;6.813
57074;49.076;7.29
57075;49.001;6.312
57076;49.469;6.296
57077;48.732;6.612
57079;49.332;6.477
57080;48.807;7.171
57081;48.844;6.789
57082;49.064;6.791
57083;49.026;7.248
57084;48.801;6.37
57085;49.112;6.48
57086;48.808;6.9
57087;49.164;6.6
57088;49.004;6.704
57089;49.047;7.46
57090;48.79;6.677
57091;49.111;7.179
57092;49.114;7.142
57093;49.144;7.095
57095;49.15;6.619
57096;49.383;5.952
57097;49.178;6.498
57098;48.874;6.764
57099;48.725;6.736
57100;48.77;7.198
57101;49.145;6.948
57102;49.276;6.204
57103;49.122;7.462
57104;49.436;6.193
57105;49.002;6.631
57106;49.299;6.542
57107;48.908;6.545
57108;49.132;7.419
57109;49.452;6.225
57110;49.258;6.56
57111;49.193;6.084
57112;49.13;6.509
57113;48.694;7.101
57114;48.756;7.166
57115;48.96;6.549
57116;48.98;6.285
57117;49.328;6.324
57118;49.347;6.344
57119;48.719;7.074
57120;48.863;6.58
57121;49.224;6.407
57122;49.076;6.844
57123;49.167;6.715
57124;49.416;6.235
57125;49.213;6.256
57126;48.796;6.455
57127;49.042;6.439
57128;49.196;6.406
57129;49.176;6.246
57130;48.899;6.522
57131;49.284;6.596
57132;48.819;6.493
57133;48.848;6.628
57134;49.132;6.066
57136;49.3;6.444
57137;48.956;6.138
57138;48.958;6.489
57139;49.011;6.246
57140;49.052;6.244
57141;48.92;6.505
57142;49.158;6.22
57143;49.264;6.088
57144;49.144;6.853
57145;49.106;6.269
57146;49.025;6.137
57147;49.01;6.16
57148;49.097;6.336
57149;49.35;6.534
57150;49.156;6.428
57151;48.892;6.664
57152;49.456;6.351
57153;49.029;6.072
57154;49.197;6.583
57155;49.118;6.4
57156;49.057;6.308
57158;48.876;6.333
57159;49.051;6.575
57160;49.209;6.681
57161;48.845;6.835
57162;49.04;6.161
57163;48.643;7.239
57165;49.241;6.613
57166;48.888;6.564
57167;49.306;6.402
57168;48.762;7.291
57169;48.743;7.238
57171;48.883;6.385
57172;49.184;6.542
57173;48.785;6.845
57174;48.946;6.585
57175;48.728;6.935
57176;49.105;6.936
57177;48.808;6.717
57178;49.007;6.855
57179;49.336;6.263
57180;48.77;7.021
57181;48.861;6.824
57182;48.879;6.411
57183;48.75;6.689
57186;49.28;6.4
57187;49.222;6.487
57188;49.024;7.52
57189;48.985;6.601
57190;49.05;6.544
57191;49.361;6.292
57192;49.02;7.329
57193;49.228;6.219
57194;49.414;6.111
57195;49.106;7.32
57196;49.114;7.265
57197;49.064;6.975
57198;48.98;6.776
57199;49.417;6.067
57200;49.145;6.375
57201;49.025;7.187
57202;49.18;6.958
57203;49.502;6.194
57204;49.163;6.272
57205;49.226;6.638
57206;49.299;6.106
57207;49.117;6.868
57208;49.09;6.884
57209;49.036;6.594
57210;48.851;7.01
57211;49.189;6.107
57212;49.03;6.1
57213;49.325;6.53
57214;49.443;6.273
57215;49.375;6.536
57216;48.792;7.164
57217;49.073;6.564
57218;49.038;6.206
57219;49.24;6.264
57220;48.973;6.412
57221;49.328;6.123
57222;49.151;6.906
57224;49.069;6.685
57225;48.876;6.478
57226;49.358;5.997
57227;49.191;6.893
57228;48.85;6.331
57229;48.64;6.868
57230;49.096;6.514
57231;48.918;6.325
57232;48.962;6.796
57233;48.635;6.99
57234;49.134;7.115
57235;49.29;6.483
57236;48.924;6.473
57237;49.015;6.786
57238;48.839;6.44
57239;48.999;6.779
57240;49.153;6.797
57241;48.77;6.872
57242;49.273;6.134
57244;48.708;7.237
57245;49.434;6.288
57246;48.761;6.737
57247;48.851;6.516
57248;48.929;6.918
57249;49.142;6.348
57250;48.975;7.377
57251;48.988;6.223
57252;49.238;6.461
57253;48.692;6.908
57254;49.058;5.991
57255;48.79;6.985
57256;49.111;6.024
57257;48.811;6.411
57258;48.974;6.842
57259;49.382;6.514
57260;49.155;7.022
57261;49.068;7.219
57262;48.981;6.74
57263;49.049;6.984
57264;49.077;6.951
57265;48.842;6.714
57266;48.778;6.701
57267;48.98;6.956
57268;48.867;6.737
57269;49.298;6.204
57270;48.829;6.69
57271;49.105;6.805
57272;48.802;6.82
57273;49.324;6.576
57274;49.194;6.619
57275;49.022;6.668
57276;49.071;6.517
57277;49.207;6.445
57278;48.88;6.844
57280;48.704;7.163
57281;48.885;6.603
57282;49.497;6.166
57283;49.247;6.158
57284;49.124;6.555
57286;49.388;6.477
57287;49.376;6.239
57288;49.183;6.649
57289;49.054;7.038
57290;48.832;6.586
57291;48.816;7.233
57292;48.914;6.452
57293;48.99;6.445
57294;49.104;7.442
57295;48.808;6.606
57296;49.221;6.605
57297;48.967;6.655
57298;48.663;7.174
57299;48.67;7.088
57300;48.69;7.222
57301;49.077;7.495
57302;48.627;6.961
57303;49.211;6.184
57304;48.762;6.991
57305;49.389;6.001
57306;49.331;6.066
57307;49.17;6.378
57308;48.962;6.942
57309;49.306;6.598
57310;48.808;7.066
57311;48.995;6.826
57312;49.152;6.482
57313;49.047;6.491
57314;48.699;6.971
57315;48.733;7.211
57316;49.099;6.857
57317;48.778;7.173
57318;48.682;7.016
57319;49.004;6.48
57320;48.692;6.954
57321;48.688;7.052
57322;49.264;6.429
57323;49.417;6.153
57324;48.78;7.1
57325;49.006;6.911
57326;49.188;6.449
57328;48.977;6.508
57329;49.257;6.5
57330;49.014;6.968
57331;49.288;6.356
57332;49.128;6.774
57333;48.739;7.144
57334;48.677;7.177
57335;48.94;6.964
57336;49.157;6.733
57337;49.058;6.861
57338;49.078;7.358
57339;48.718;7.263
57340;49.102;6.985
57341;49.414;6.33
57342;48.646;6.898
57343;49.329;6.179
57344;48.711;7.019
57345;49.346;6.3
57346;48.955;6.886
57347;48.891;6.91
57348;49.106;7.004
57349;48.835;6.395
57350;49.063;6.085
57351;49.073;6.257
57352;49.101;6.08
57353;48.767;6.657
57354;48.931;6.359
57355;49.023;7.145
57356;49.435;6.115
57357;48.976;6.91
57358;49.311;6.343
57359;49.325;6.395
57360;49.162;6.974
57361;49.391;6.373
57362;48.737;6.96
57364;49.437;6.41
57365;49.404;6.434
57366;48.958;6.981
57367;49.319;6.37
57368;49.337;6.033
57370;49.388;6.286
57371;49.455;6.318
57372;49.348;6.237
57373;49.079;6.754
57374;48.603;7.024
57375;48.687;6.712
57376;49.03;7.364
57377;48.669;6.961
57379;48.965;6.616
57380;48.651;7.005
57381;48.866;6.445
57382;48.762;6.959
57383;48.73;6.878
57384;49.029;6.772
57385;49.08;6.314
57386;49.083;6.642
57387;49.368;6.444
57388;49.435;6.501
57389;49.042;6.711
57390;49.01;7.382
57391;48.864;6.387
57392;49.034;6.364
57393;49.106;7.408
57394;48.958;6.819
57395;48.952;6.516
57396;49.127;6.1
57397;48.736;6.655
57398;49.029;6.842
57399;48.758;6.622
57401;48.882;6.714
57402;49.122;7.496
57403;48.994;6.26
57404;48.8;6.749
57405;48.819;6.756
57406;48.912;6.342
57407;48.788;7.145
57408;49.151;6.991
57409;49.034;6.74
57410;48.887;6.872
57411;49.328;5.971
57412;49.115;6.147
57413;49.119;6.648
57414;48.666;7.001
57415;49.144;6.109
57416;48.983;6.094
57417;48.865;6.864
57418;48.853;6.893
57419;49.081;6.915
57421;49.144;7.384
57422;48.961;6.183
57423;48.844;6.51
57424;48.941;6.477
57425;48.981;6.341
57426;49.274;6.296
57427;48.735;7.26
57428;49.095;6.769
57430;49.021;6.543
57431;49.086;6.389
57433;49.208;6.156
57434;48.71;6.784
57436;48.843;6.359
57437;49.415;6.307
57438;49.174;6.217
57439;49.454;6.45
57440;48.827;6.341
57441;49.381;6.175
57442;49.001;6.528
57443;49.216;6.112
57444;49.116;6.529
57445;49.006;6.111
57446;48.89;6.789
57447;49.066;6.152
57448;48.782;6.616
57449;49.095;6.307
57451;48.93;6.559
57452;49.162;6.192
57453;49.046;6.804
57454;49.051;6.278
57455;49.224;6.436
57456;48.971;7.346
57457;49.32;6.429
57459;49.461;6.416
57460;49.247;6.664
57461;48.64;7.038
57462;48.812;7.205
57463;49.108;6.196
57464;49.295;6.307
57465;49.317;6.289
57466;49.099;6.961
57467;49.137;6.241
57468;48.765;7.226
57469;48.856;6.944
57470;48.89;6.824
57471;49.155;6.532
57472;48.947;6.336
57473;48.718;6.64
57474;49.263;6.172
57475;49.502;6.256
57476;49.349;6.412
57477;48.998;7.306
57478;48.933;6.816
57479;49.414;6.386
57480;49.095;6.154
57481;49.221;6.027
57482;49.12;6.289
57483;48.927;6.642
57484;49.167;6.867
57485;48.815;6.547
57486;48.949;6.429
57487;49.093;6.118
57488;48.671;6.779
57489;48.99;7.438
57490;48.783;6.57
57491;49.254;6.037
57492;49.279;6.02
57493;48.808;6.664
57494;48.909;6.893
57495;49.137;6.547
57496;48.909;6.814
57497;48.97;6.865
57498;49.318;6.014
57499;49.075;7.067
57500;48.68;6.972
57501;48.934;6.779
57502;49.35;6.561
57504;48.628;7.008
57505;48.711;7.118
57506;48.872;7.014
57507;49.162;6.565
57508;49.344;6.051
57509;48.662;7.049
57510;49.134;6.272
57511;49.18;6.111
57512;49.134;6.256
57513;49.1;7.374
57514;49.129;6.971
57515;49.032;6.039
57516;49.274;6.581
57517;49.114;7.223
57518;48.792;7.036
57519;49.151;6.579
57520;48.852;6.599
57521;49.172;6.909
57524;48.718;6.687
57525;48.858;6.413
57526;49.134;7.335
57527;49.03;6.249
57528;48.902;6.486
57529;49.438;6.007
57530;49.216;6.522
57531;49.37;6.348
57532;48.967;6.22
57533;49.082;6.355
57534;49.072;6.224
57535;49.055;7.316
57536;48.988;6.869
57537;49.21;6.859
57538;48.788;6.411
57539;48.908;6.622
57540;48.767;7.264
57541;49.003;7.566
57542;49.246;6.412
57543;49.226;6.096
57544;48.69;7.147
57545;49.131;6.124
57546;49.171;6.112
57547;48.995;6.183
57548;49.016;6.294
57549;49.049;6.638
57550;49.16;6.665
57551;48.855;7.075
57552;49.055;6.194
57553;49.019;6.154
57554;49.015;6.206
57555;48.927;6.434
57556;49.054;6.918
57557;49.486;6.257
57558;48.844;6.549
57559;48.89;6.363
57560;48.925;6.679
57561;48.996;7.239
57562;49.296;6.055
57563;49.09;6.478
57564;48.678;6.843
57565;49.492;5.916
57566;48.75;7.105
57567;49.268;6.513
57568;49.089;7.086
57569;49.413;6.481
57570;49.26;6.629
57571;49.033;6.932
57572;49.007;6.389
57573;48.95;6.843
57574;49.49;6.203
57575;49.133;6.316
57576;49.434;6.337
57577;49.039;7.396
57578;49.09;5.984
57579;48.756;6.907
57580;48.89;6.632
57581;49.033;6.974
57582;49.284;6.163
57583;48.634;6.912
57584;49.093;7.258
57586;49.41;6.027
57587;48.911;6.714
57588;49.464;6.247
57589;49.041;7.277
57590;49.172;7.422
57591;49.244;6.088
57592;48.834;7.006
57593;49.2;6.052
57594;49.09;7.523
57595;48.829;6.84
57596;49.159;6.856
57597;49.267;6.061
57598;49.131;7.003
57599;49.207;6.472
57600;49.461;6.178
57601;49.119;6.053
57602;49.27;6.235
57603;49.487;5.946
57604;49.442;6.376
57605;48.942;6.302
57606;49.128;6.712
57607;49.163;6.318
57609;48.971;6.433
57610;49.346;6.448
57611;48.658;6.927
57612;49.231;6.362
57613;48.81;6.958
57614;48.757;7.194
57615;49.026;6.879
57616;49.14;6.209
57617;48.943;6.233
57618;48.711;7.195
57619;48.99;7.353
57620;49.191;6.007
57621;48.814;6.638
57622;49.186;6.041
57623;48.584;7.114
57624;49.107;6.096
57625;48.789;6.493
57626;49.185;6.279
57627;49.054;6.342
57628;48.996;7.012
57629;48.775;7.062
57630;48.738;7.047
57631;49.109;7.069
57633;49.092;7.12
57634;49.16;6.095
57635;48.821;7.155
57636;49.007;7.186
57637;48.696;7.082
57638;49.213;6.92
57639;49.081;7.406
57640;49.373;6.572
57641;49.16;7.396
57642;49.114;6.12
57643;48.949;6.272
57644;49.108;6.832
57645;49.197;6.138
57647;49.323;6.094
57648;49.079;6.439
57649;49.149;6.275
57650;49.437;6.36
57651;49.051;7.356
57652;48.987;6.148
57653;48.992;6.28
57654;49.123;6.367
57655;48.969;6.299
57656;49.04;6.317
57657;48.868;6.637
57658;48.962;7.32
57659;49.195;6.97
57660;49.202;6.933
57661;49.053;7.594
57662;48.967;6.579
57663;49.234;6.172
57664;48.781;6.762
57665;49.125;6.929
57666;49.346;6.132
57667;49.23;6.568
57668;49.053;6.67
57669;49.128;6.89
57670;48.992;6.56
57671;48.945;6.394
57672;49.376;6.129
57673;48.981;6.567
57674;48.908;6.406
57675;48.905;6.848
57676;48.956;6.373
57677;49.254;6.243
57678;49.41;5.982
57679;49.078;6.617
57680;48.671;7.127
57681;49.257;6.596
57682;48.56;7.087
57683;49.306;6.149
57684;49.053;6.748
57685;48.919;6.787
57686;49.022;6.631
57687;48.95;6.687
57689;49.358;6.262
57690;49.084;6.702
57691;49.248;6.517
57692;48.878;6.535
57693;49.132;6.233
57694;49.153;6.241
57695;49.125;6.449
57696;49.175;6.619
57697;48.635;7.071
57698;48.978;6.474
57700;49.276;6.525
57701;49.093;6.069
57702;48.859;6.527
57703;48.83;7.186
57704;49.336;6.363
57705;49.242;6.539
57706;48.841;6.746
57707;49.138;6.007
57708;49.009;6.202
57709;48.794;7.226
57711;48.906;6.945
57712;48.775;6.528
57713;48.78;7.126
57714;49.096;6.556
57715;48.968;6.253
57716;49.208;6.307
57717;48.988;6.646
57718;49.058;6.441
57719;48.926;6.528
57720;49.282;6.631
57721;48.79;7.26
57723;48.942;6.752
57724;49.277;6.095
57725;48.948;6.93
57726;49.022;6.456
57727;48.894;6.44
57728;49.026;6.42
57730;49.17;6.45
57731;49.446;6.067
57732;49.12;7.366
57733;49.301;6.252
57734;48.652;7.089
57736;49.192;6.357
57737;48.926;6.305
57738;49.139;7.456
57739;49.358;6.496
57740;49.414;6.523
57741;49.154;7.474
57742;48.62;7.189
57743;48.749;7.196
57745;49.077;7.161
57746;49.024;7.037
57747;48.792;7.191
57748;49.053;7.13
57749;49.293;6.605
57750;49.085;7.185
57751;49.164;6.158
57752;49.079;7.006
57753;48.855;6.668
57754;48.751;6.587
57755;48.91;6.376
57756;48.692;6.993
57757;49.352;6.202
57759;48.89;6.688
57760;49.073;7.126
57761;48.787;7.21
57762;49.13;6.587
57763;48.822;6.801
57764;49.466;6.135
57765;49.176;6.693
57767;49.324;6.232
58001;47.13;3.664
58002;47.444;3.073
58003;47.21;4.173
58004;47.034;3.633
58005;47.383;3.561
58006;46.967;3.498
58007;47.531;2.941
58008;47.309;3.725
58009;47.249;3.224
58010;47.04;4.016
58011;47.463;3.562
58012;47.535;2.998
58013;47.244;3.406
58014;47.247;3.36
58015;47.31;3.552
58016;47.398;3.588
58017;47.124;3.72
58018;47.265;3.419
58019;46.823;3.879
58020;46.808;3.362
58021;46.788;3.23
58023;47.369;3.794
58024;47.146;3.608
58025;46.869;3.326
58026;47.252;3.524
58027;47.183;3.235
58028;46.935;3.397
58029;47.351;3.497
58030;46.994;3.654
58031;47.012;3.462
58032;47.484;3.402
58033;47.494;3.085
58034;47.123;3.822
58035;47.065;3.426
58036;47.487;3.183
58037;47.264;3.934
58038;47.427;3.458
58039;47.431;3.625
58040;47.014;3.707
58041;47.284;3.49
58042;47.242;3.029
58043;47.255;3.475
58044;47.485;2.934
58045;47.219;3.202
58046;46.849;3.646
58047;47.24;3.752
58048;47.332;3.216
58049;47.333;3.913
58050;47.313;3.594
58051;46.943;3.141
58052;47.228;3.482
58053;47.285;3.335
58054;47.245;3.45
58055;46.853;3.523
58056;47.144;3.074
58057;46.739;3.172
58058;47.401;3.324
58059;47.184;3.029
58060;46.798;3.596
58061;47.239;3.172
58062;47.063;3.927
58063;47.056;3.941
58064;47.284;3.217
58065;47.056;3.658
58066;47.103;3.883
58067;47.129;3.107
58068;47.146;3.913
58069;47.252;3.643
58070;47.278;3.404
58071;47.291;3.453
58072;46.915;3.23
58073;47.445;3.545
58074;46.862;3.93
58075;47.271;3.662
58076;47.09;3.758
58077;47.441;3.163
58078;46.983;3.469
58079;47.461;3.51
58080;47.181;3.647
58081;47.349;3.247
58082;47.106;3.96
58083;47.257;3.69
58084;47.294;3.399
58085;47.433;3.368
58086;47.403;2.943
58087;46.756;3.51
58088;47.014;3.197
58089;47.395;3.22
58090;47.403;3.394
58092;47.154;3.526
58093;47.362;3.459
58094;47.507;3.13
58095;46.809;3.466
58096;46.805;3.542
58097;46.913;3.576
58098;47.318;3.643
58099;47.072;3.845
58101;47.232;3.259
58102;47.38;3.114
58103;47.443;3.59
58104;46.719;3.338
58105;46.881;3.372
58106;47.29;4.019
58107;47.09;3.8
58108;47.348;3.822
58109;47.461;3.273
58110;47.171;3.731
58111;47.002;3.967
58112;46.956;3.328
58113;46.963;3.589
58114;46.799;3.906
58115;46.83;3.316
58116;47.358;3.634
58117;47.017;3.091
58118;46.809;3.72
58119;46.992;3.528
58120;47.233;3.878
58121;47.043;3.094
58122;47.277;3.053
58123;47.289;3.601
58124;47.078;3.048
58125;47.146;4.09
58126;46.941;3.098
58127;47.214;3.337
58128;46.956;4.021
58129;47.231;4.084
58130;47.322;3.521
58131;47.093;3.213
58132;47.229;3.579
58133;47.262;3.592
58134;46.935;3.281
58135;46.918;3.71
58136;47.086;3.47
58137;46.75;3.576
58138;46.817;3.083
58139;46.803;3.829
58140;46.89;3.985
58141;47.105;4.022
58142;46.98;3.741
58143;46.965;3.385
58144;46.769;3.072
58145;47.29;3.825
58146;46.698;3.492
58147;47.166;3.397
58148;46.854;3.268
58149;46.797;3.999
58150;47.335;3.599
58151;46.892;3.462
58152;46.89;3.154
58153;47.291;3.748
58154;47.422;3.668
58155;47.149;3.04
58156;47.317;3.404
58157;47.345;3.941
58158;46.858;3.088
58159;47.288;3.642
58160;46.984;3.093
58161;47.038;3.774
58162;47.41;3.262
58163;47.368;3.283
58164;47.231;3.005
58165;47.393;3.636
58166;47.195;3.86
58168;46.835;3.99
58169;47.327;3.707
58170;47.332;3.665
58171;47.081;3.584
58172;46.77;3.684
58173;46.876;3.748
58174;47.219;3.421
58175;47.089;3.645
58176;47.026;3.279
58177;47.145;3.862
58178;46.943;3.658
58179;47.172;3.792
58180;47.214;4.034
58181;47.285;3.545
58182;46.973;3.812
58183;47.198;3.74
58184;47.196;3.459
58185;47.169;4.13
58186;47.196;3.173
58187;47.454;2.944
58188;47.261;3.164
58189;47.233;3.107
58190;47.35;3.741
58191;47.241;3.515
58192;46.775;3.301
58193;47.532;2.89
58194;46.988;3.157
58195;46.763;3.763
58196;47.118;3.332
58197;47.388;3.71
58198;47.472;3.451
58199;46.967;3.896
58200;47.402;3.498
58201;47.342;3.329
58202;47.078;3.711
58203;47.198;3.401
58204;47.061;3.301
58205;47.189;3.953
58206;47.331;3.455
58207;47.101;3.146
58208;47.226;3.631
58209;47.405;3.164
58210;47.143;4.026
58211;46.873;4.056
58212;47.12;3.24
58213;47.394;3.024
58214;47.076;3.097
58215;47.28;2.982
58216;47.324;3.777
58217;47.499;3.542
58218;47.173;3.32
58219;46.936;3.864
58220;47.179;3.116
58221;46.828;3.793
58222;47.428;3.498
58223;47.038;3.54
58224;47.312;3.683
58225;46.907;3.087
58226;47.323;4.091
58227;47.548;3.078
58228;47.311;2.98
58229;47.398;3.856
58230;47.39;3.757
58231;47.143;3.188
58232;46.996;3.405
58233;47.119;3.405
58234;47.246;3.307
58235;47.268;4.095
58236;47.321;3.154
58237;47.348;3.62
58238;46.99;3.222
58239;47.039;3.394
58240;47.151;3.455
58241;46.781;3.398
58242;47.369;3.519
58243;46.901;3.659
58244;47.068;3.887
58245;46.775;3.636
58246;46.9;3.854
58247;47.009;3.342
58248;47.337;2.995
58249;47.008;3.908
58250;46.849;3.453
58251;47.452;3.007
58252;47.312;3.277
58253;47.112;3.447
58254;47.048;3.233
58255;47.331;3.876
58256;47.358;2.988
58257;47.112;3.569
58258;46.899;3.32
58259;46.754;3.367
58260;46.851;3.184
58261;47.404;2.977
58262;47.059;3.809
58263;47.397;3.445
58264;46.792;3.14
58265;47.324;3.022
58266;47.204;3.508
58267;47.102;3.52
58268;46.725;3.816
58269;47.062;3.36
58270;47.487;3.034
58271;47.356;3.699
58272;47.196;3.69
58273;46.977;3.266
58274;46.783;3.835
58275;47.056;3.487
58276;46.861;3.862
58277;47.015;3.841
58278;46.947;3.183
58279;47.156;3.276
58280;46.86;3.406
58281;47.334;3.072
58282;47.514;3.506
58283;47.312;3.49
58284;47.335;3.556
58285;47.054;3.723
58286;47.362;3.581
58287;46.759;3.914
58288;47.388;3.669
58289;46.752;3.848
58290;46.849;3.713
58291;46.912;3.491
58292;47.001;3.588
58293;46.737;3.424
58294;46.729;3.255
58295;47.329;2.914
58296;46.7;3.195
58297;46.911;3.422
58298;47.117;3.051
58299;47.452;3.4
58300;47.059;3.201
58301;46.913;3.778
58302;47.212;3.066
58303;47.037;3.144
58304;47.357;3.387
58305;47.227;3.818
58306;46.86;3.582
58307;47.278;3.111
58308;47.358;3.662
58309;46.938;3.956
58310;47.377;3.438
58311;46.938;3.502
58312;47.414;3.549
58313;47.192;3.569
59001;50.237;3.207
59002;50.328;3.298
59003;50.234;4.096
59004;50.498;3.305
59005;50.542;2.949
59006;50.278;3.736
59007;50.405;3.154
59008;50.331;3.256
59009;50.632;3.154
59010;50.157;3.125
59011;50.526;2.928
59012;49.995;4.118
59013;50.604;3.189
59014;50.375;3.511
59015;50.282;3.113
59016;50.982;2.349
59017;50.691;2.88
59018;50.842;2.418
59019;50.296;3.539
59021;50.288;4.02
59022;50.514;3.062
59023;50.252;3.162
59024;50.33;3.228
59025;50.596;2.82
59026;50.266;3.169
59027;50.376;3.452
59028;50.414;3.061
59029;50.481;3.195
59031;50.278;3.825
59032;50.326;3.538
59033;50.206;3.833
59034;50.54;3.086
59035;50.106;3.951
59036;50.124;3.928
59037;50.191;3.377
59038;50.248;3.372
59039;50.154;3.286
59041;50.208;3.875
59042;50.544;3.269
59043;50.727;2.738
59044;50.611;3.241
59045;50.067;4.204
59046;50.909;2.56
59047;50.066;3.188
59048;50.234;3.236
59049;50.058;3.225
59050;50.144;3.951
59051;50.54;2.809
59052;50.516;2.894
59053;50.294;3.803
59054;50.775;2.442
59055;50.082;3.596
59056;50.606;2.915
59057;50.23;3.586
59058;50.218;3.966
59059;50.127;3.452
59060;50.178;3.551
59061;50.06;3.796
59062;50.178;4.137
59063;50.14;3.384
59064;50.366;3.426
59065;50.322;3.763
59066;50.214;4.105
59067;50.969;2.433
59068;50.206;3.794
59069;50.258;3.54
59070;50.285;3.749
59071;50.48;3.151
59072;50.324;3.996
59073;50.778;2.688
59074;50.082;3.44
59075;50.143;3.423
59076;50.332;3.969
59077;50.322;3.74
59078;50.163;3.995
59079;50.388;3.506
59080;50.45;3.283
59081;50.158;3.391
59082;50.971;2.402
59083;50.913;2.407
59084;50.69;2.41
59085;50.218;3.213
59086;50.799;2.699
59087;50.669;2.442
59088;50.649;2.873
59089;50.865;2.341
59090;50.71;3.095
59091;50.732;2.581
59092;50.281;3.312
59093;50.079;3.892
59094;50.942;2.204
59096;50.564;3.247
59097;50.141;3.044
59098;50.764;3.075
59099;50.151;3.615
59100;50.43;3.355
59101;50.264;4.187
59102;50.164;3.372
59103;50.241;3.878
59104;50.295;4.047
59105;50.433;3.237
59106;50.582;3.194
59107;51.073;2.528
59108;50.155;3.487
59109;50.434;3.335
59110;50.952;2.287
59111;50.828;2.321
59112;50.397;3.539
59113;50.356;3.243
59114;50.465;3.506
59115;50.274;3.145
59116;50.316;3.684
59117;50.291;3.155
59118;50.038;3.466
59119;50.807;2.335
59120;50.757;2.605
59121;50.185;3.319
59122;50.17;3.242
59123;50.511;2.992
59124;50.592;3.258
59125;50.145;3.157
59126;50.31;3.124
59127;50.24;3.56
59128;50.648;2.965
59129;50.504;3.174
59130;50.894;2.222
59131;50.996;2.37
59132;50.165;3.346
59133;50.52;2.96
59134;50.078;3.843
59135;50.796;2.494
59136;50.092;3.539
59137;50.07;3.645
59138;50.133;3.337
59139;50.119;3.419
59140;50.082;3.373
59141;50.172;3.299
59142;50.259;4.025
59143;50.666;2.896
59144;50.486;3.474
59145;50.532;2.995
59146;50.611;3.21
59147;50.213;4.049
59148;50.156;4.125
59149;50.068;3.396
59150;50.539;3.24
59151;50.26;4.085
59152;50.75;3.017
59153;50.468;3.606
59155;51.018;2.396
59156;50.342;3.06
59157;50.237;4.153
59158;50.45;3.193
59159;50.973;2.221
59160;50.422;3.652
59161;50.073;3.269
59162;50.924;2.396
59163;50.674;3.155
59164;50.152;3.586
59165;50.374;3.034
59166;50.325;3.607
59167;50.222;3.238
59168;50.564;3.214
59169;50.22;4.008
59170;50.35;3.13
59171;50.051;3.344
59172;50.33;3.39
59173;50.728;2.97
59174;50.197;4.047
59175;50.183;4.022
59176;50.132;3.014
59177;50.142;3.86
59178;50.382;3.092
59179;50.299;3.39
59180;50.68;2.7
59181;50.175;3.946
59182;50.91;2.32
59183;51.031;2.338
59184;50.735;2.419
59185;50.348;3.215
59186;50.199;4.098
59187;50.2;3.938
59188;50.192;3.896
59189;50.78;2.597
59190;50.305;4.011
59191;50.046;3.371
59192;50.312;3.256
59193;50.591;3.006
59194;50.193;3.642
59195;50.626;2.958
59196;50.64;2.933
59197;50.539;3.128
59198;50.119;4.165
59199;50.317;3.174
59200;50.889;2.314
59201;50.61;2.934
59202;50.67;2.841
59203;50.369;3.316
59204;50.224;3.549
59205;50.334;3.341
59206;50.192;3.274
59207;50.424;3.553
59208;50.621;2.933
59209;50.095;3.308
59210;50.89;2.429
59211;50.386;3.006
59212;50.654;2.722
59213;50.152;3.321
59214;50.298;3.075
59215;50.353;3.602
59216;50.218;3.266
59217;50.325;3.667
59218;50.062;3.943
59219;50.245;3.295
59220;50.594;3.072
59221;50.312;3.522
59222;50.453;3.135
59223;50.094;3.72
59224;50.269;3.213
59225;50.294;3.909
59226;50.141;4.051
59227;50.368;3.3
59228;50.331;3.081
59229;50.048;4.019
59230;50.246;3.991
59231;50.24;4.027
59232;50.307;3.723
59233;50.131;3.97
59234;50.401;3.051
59236;50.124;3.119
59237;50.758;2.641
59238;50.513;3.484
59239;50.416;3.182
59240;50.186;3.972
59241;50.041;3.884
59242;50.136;3.642
59243;50.127;3.367
59244;50.169;3.168
59246;50.141;3.57
59247;50.633;3.189
59249;50.007;4.058
59250;50.592;2.894
59251;50.275;3.664
59252;50.703;2.952
59253;50.432;3.579
59254;50.283;3.192
59255;50.25;3.189
59256;50.565;3.132
59257;50.611;2.855
59258;50.528;3.222
59259;50.228;3.616
59260;51.049;2.514
59261;50.051;4.064
59262;50.795;2.646
59263;50.318;3.099
59264;50.327;3.942
59265;50.265;3.708
59266;50.548;2.98
59267;50.06;3.159
59268;50.631;2.74
59269;50.056;3.116
59270;50.112;3.796
59271;51.017;2.291
59272;50.999;2.1
59273;50.998;2.144
59274;50.076;3.682
59275;50.592;3.216
59276;50.348;3.148
59277;50.341;3.75
59278;50.612;2.954
59279;50.775;3.127
59280;50.282;3.068
59281;50.538;2.868
59282;50.819;2.481
59283;50.258;3.842
59284;50.413;3.388
59285;50.265;3.412
59286;50.604;2.987
59287;50.107;3.344
59288;50.313;3.423
59289;50.222;3.48
59290;50.103;3.908
59291;50.248;3.92
59292;50.354;3.403
59293;50.64;2.547
59294;50.21;3.155
59295;50.726;2.539
59296;50.18;3.651
59297;50.368;3.358
59299;50.655;3.193
59300;50.253;3.227
59301;50.481;3.531
59302;50.359;3.448
59303;50.582;2.853
59304;50.55;2.962
59305;50.881;2.53
59306;50.203;4.14
59307;50.856;2.205
59308;50.755;2.515
59309;50.972;2.588
59310;50.335;3.82
59311;50.068;3.481
59312;50.034;3.202
59313;50.26;3.327
59314;50.37;3.336
59315;50.329;3.787
59316;50.57;2.995
59317;50.684;2.926
59318;50.883;2.582
59319;50.973;2.456
59320;50.563;2.828
59321;50.122;3.472
59322;50.234;3.336
59323;50.31;3.631
59324;50.291;4.104
59325;50.229;3.678
59326;50.958;2.56
59327;50.386;3.169
59328;50.652;3.025
59329;50.354;3.055
59330;50.473;3.295
59331;50.12;3.688
59332;50.666;3.21
59333;50.038;3.932
59334;50.393;3.029
59335;50.475;3.399
59336;50.276;3.03
59337;50.813;2.293
59338;50.862;2.445
59339;50.681;3.24
59340;51.048;2.455
59341;50.093;3.276
59342;50.173;4.063
59343;50.589;3.112
59344;50.181;3.834
59345;50.337;3.169
59346;50.611;3.118
59347;50.105;4.077
59348;50.272;3.349
59349;50.102;3.379
59350;50.632;3.048
59351;50.216;3.923
59352;50.736;3.074
59353;50.203;3.733
59354;50.354;3.172
59356;50.663;2.995
59357;50.296;3.871
59358;50.913;2.275
59359;51.001;2.223
59360;50.608;3.021
59361;50.311;3.358
59363;50.217;3.64
59364;50.557;3.19
59365;50.258;3.954
59366;50.719;2.435
59367;50.672;3.217
59368;50.655;3.07
59369;50.304;3.488
59370;50.314;3.973
59371;50.618;2.878
59372;50.035;3.325
59374;50.128;3.836
59375;50.414;3.264
59377;50.114;3.173
59378;50.675;3.101
59379;50.288;3.235
59381;50.294;3.576
59382;50.045;3.42
59383;50.345;3.55
59384;50.132;3.758
59385;50.291;4.076
59386;50.674;3.059
59387;50.292;3.271
59388;50.551;2.868
59389;50.105;3.202
59390;50.341;3.196
59391;50.306;3.298
59392;50.284;3.963
59393;50.495;3.425
59394;50.073;3.459
59395;50.049;3.597
59396;50.27;3.802
59397;50.87;2.278
59398;50.507;3.122
59399;50.718;2.657
59400;50.645;2.636
59401;50.748;2.676
59402;50.856;2.251
59403;50.429;3.377
59405;50.16;3.068
59406;50.172;3.857
59407;50.284;3.458
59408;50.457;3.088
59409;50.306;3.211
59410;50.643;3.109
59411;50.482;3.103
59412;50.122;3.535
59413;50.091;3.414
59414;50.368;3.18
59415;50.226;3.446
59416;50.677;2.536
59418;50.5;3.453
59419;50.517;3.286
59420;50.092;4.196
59421;50.704;3.136
59422;50.203;3.317
59423;50.665;2.665
59424;50.265;3.909
59425;50.2;3.579
59426;50.753;3.16
59427;50.497;3.054
59428;50.188;3.219
59429;50.29;3.352
59430;50.135;3.51
59431;50.699;2.832
59432;50.142;3.256
59433;50.795;2.28
59434;50.468;3.46
59435;50.501;3.239
59436;50.794;2.367
59437;50.573;3.022
59438;50.137;3.176
59439;50.162;3.795
59440;50.279;3.382
59441;50.269;3.776
59442;50.222;4.037
59443;50.819;2.4
59444;50.448;3.539
59445;50.037;4.126
59446;50.352;3.433
59447;50.387;3.597
59448;50.93;2.589
59449;50.468;3.239
59450;50.105;3.631
59451;50.272;3.633
59452;50.457;3.033
59453;50.84;2.51
59454;50.781;2.47
59455;50.249;3.264
59456;50.376;3.219
59457;50.67;2.969
59458;50.564;3.172
59459;50.375;3.476
59461;50.102;3.826
59462;50.513;3.022
59463;50.93;2.34
59464;50.185;3.617
59465;50.117;3.587
59466;50.521;3.115
59467;50.232;3.845
59468;50.239;3.665
59469;50.734;2.603
59470;50.661;2.948
59471;50.311;3.574
59472;50.165;3.655
59473;50.289;3.699
59474;50.078;3.759
59475;50.324;3.457
59476;50.156;3.204
59477;50.513;2.911
59478;50.938;2.46
59479;50.404;3.627
59480;50.285;3.508
59481;50.251;3.625
59482;50.713;3.009
59483;50.235;4.068
59484;50.392;3.659
59485;50.163;3.422
59486;50.42;3.137
59487;50.628;2.899
59488;50.188;3.178
59489;50.436;3.103
59490;50.07;3.998
59491;50.41;3.489
59492;50.207;3.249
59493;50.116;4.034
59494;50.207;3.656
59495;50.277;4.048
59496;50.045;3.635
59497;50.736;2.378
59498;50.085;3.478
59499;50.935;2.545
59500;50.104;3.132
59501;50.387;3.265
59502;50.204;3.352
59503;50.156;3.646
59504;50.313;3.328
59505;50.368;3.64
59506;50.197;3.543
59507;50.604;3.092
59508;50.747;3.118
59509;50.415;3.104
59511;50.452;3.362
59512;50.688;3.183
59513;50.328;3.147
59514;50.271;4.0
59515;50.334;3.441
59516;50.833;2.362
59517;50.076;3.234
59518;50.263;3.582
59519;50.492;3.353
59520;50.13;3.228
59521;50.199;3.179
59522;50.646;3.228
59523;50.588;3.163
59524;50.558;2.897
59525;50.086;4.032
59526;50.44;3.445
59527;50.66;3.046
59528;50.208;3.417
59529;50.171;3.912
59530;50.451;3.65
59531;50.076;3.532
59532;50.967;2.157
59533;50.181;3.417
59534;50.137;3.9
59535;50.768;2.722
59536;50.78;2.516
59537;50.24;3.517
59538;50.813;2.241
59539;50.895;2.19
59541;50.194;3.475
59542;50.18;3.879
59543;50.228;3.902
59544;50.375;3.566
59545;50.053;3.516
59546;50.776;2.55
59547;50.194;3.435
59548;50.301;3.748
59549;50.208;3.596
59550;50.536;2.837
59551;50.477;3.332
59552;50.214;3.191
59553;50.591;2.961
59554;50.447;3.33
59555;50.162;4.044
59556;50.179;3.798
59557;50.335;3.58
59558;50.242;3.439
59559;50.344;3.645
59560;50.546;3.034
59562;50.105;3.988
59563;50.164;3.968
59564;50.349;3.475
59565;50.277;3.561
59566;50.625;2.982
59567;50.127;3.277
59568;50.708;2.452
59569;50.368;3.121
59570;50.936;2.424
59571;50.172;3.52
59572;50.172;4.096
59573;50.203;4.073
59574;50.36;3.275
59575;50.267;3.496
59576;50.975;2.314
59577;50.752;2.449
59578;50.677;2.488
59579;50.953;2.372
59580;50.821;2.586
59581;50.686;2.769
59582;50.724;2.62
59583;50.146;3.812
59584;50.322;3.851
59585;50.571;3.059
59586;50.533;3.173
59587;50.798;2.555
59588;51.016;2.453
59589;50.298;3.439
59590;50.651;2.476
59591;50.446;3.628
59592;50.473;3.064
59593;50.226;3.281
59594;50.485;3.448
59595;50.218;3.303
59596;50.425;3.323
59597;50.201;3.214
59598;50.661;3.233
59599;50.725;3.159
59600;50.504;3.085
59601;50.076;4.122
59602;50.617;3.189
59603;50.331;3.486
59604;50.102;3.473
59605;51.024;2.492
59606;50.359;3.516
59607;50.178;3.578
59608;50.26;3.508
59609;50.573;3.081
59610;50.266;3.463
59611;50.682;3.001
59612;50.212;3.523
59613;50.414;3.608
59614;50.157;3.456
59615;50.693;2.621
59616;50.474;3.566
59617;50.26;3.871
59618;50.321;4.046
59619;50.248;3.681
59620;50.302;3.176
59622;50.226;3.394
59623;50.036;3.153
59624;50.03;3.292
59625;50.079;3.137
59626;50.289;3.615
59627;50.34;4.013
59628;50.84;2.299
59629;50.394;3.232
59630;50.484;3.03
59631;50.073;3.339
59632;50.381;3.393
59633;50.061;4.167
59634;50.728;2.482
59635;50.128;3.309
59636;50.696;3.047
59637;50.397;3.324
59638;50.571;3.27
59639;50.308;3.659
59640;50.299;3.683
59641;50.977;2.503
59642;50.409;3.324
59643;50.745;2.967
59645;50.27;3.254
59646;50.675;3.129
59647;50.834;2.226
59648;50.586;3.042
59649;50.2;4.002
59650;50.706;3.216
59651;50.334;3.422
59652;50.271;3.282
59653;50.573;2.933
59654;50.384;3.112
59655;50.815;2.441
59656;50.762;3.051
59657;50.925;2.509
59658;50.569;2.869
59659;50.012;4.007
59660;50.631;3.229
59661;50.121;4.105
59662;50.85;2.564
59663;50.878;2.479
59664;50.828;2.253
59665;50.911;2.487
59666;50.883;2.385
59667;50.832;2.459
59668;51.064;2.488
59669;50.792;2.423
59670;50.544;2.916
60001;49.693;1.769
60002;49.361;2.155
60003;49.52;2.166
60004;49.556;1.972
60005;49.109;2.955
60006;49.318;2.589
60007;49.396;2.382
60008;49.422;2.418
60009;49.396;2.119
60010;49.207;2.121
60011;49.641;2.834
60012;49.258;2.168
60013;49.315;2.502
60014;49.489;2.5
60015;49.334;2.328
60016;49.35;2.364
60017;49.567;2.386
60019;49.5;2.734
60020;49.155;2.988
60021;49.582;3.121
60022;49.229;2.514
60023;49.371;2.764
60024;49.406;2.69
60025;49.426;3.044
60026;49.574;2.12
60027;49.212;2.813
60028;49.233;2.553
60029;49.37;1.996
60030;49.345;2.092
60031;49.179;3.064
60032;49.449;3.127
60033;49.184;2.528
60034;49.445;2.424
60035;49.65;2.864
60036;49.389;2.577
60037;49.582;3.091
60039;49.622;2.383
60040;49.421;2.584
60041;49.385;2.23
60042;49.349;2.466
60043;49.5;2.982
60044;49.297;2.321
60045;49.222;2.673
60046;49.178;2.958
60047;49.176;2.735
60048;49.456;2.755
60049;49.55;1.739
60050;49.343;2.623
60051;49.679;2.059
60052;49.637;3.1
60053;49.665;2.912
60054;49.326;2.004
60055;49.607;2.975
60056;49.292;2.57
60057;49.437;2.086
60058;49.606;2.33
60059;49.598;3.064
60060;49.188;2.215
60061;49.535;2.653
60062;49.679;3.084
60063;49.358;2.058
60064;49.422;3.0
60065;49.345;2.223
60066;49.279;2.876
60067;49.288;2.812
60068;49.308;2.804
60069;49.156;2.943
60070;49.448;2.825
60071;49.577;2.739
60072;49.415;3.078
60073;49.456;1.863
60074;49.228;2.344
60075;49.662;2.19
60076;49.671;1.763
60077;49.561;2.06
60078;49.385;2.619
60079;49.166;2.882
60081;49.473;2.15
60082;49.681;2.242
60083;49.28;2.981
60084;49.508;1.957
60085;49.586;2.352
60086;49.175;2.352
60087;49.189;2.672
60088;49.192;2.185
60089;49.217;1.871
60090;49.174;1.9
60091;49.118;2.912
60092;49.13;3.01
60093;49.608;2.701
60094;49.198;3.047
60095;49.242;1.737
60097;49.321;1.87
60098;49.651;1.757
60099;49.476;2.774
60100;49.252;2.679
60101;49.09;2.874
60102;49.307;2.55
60103;49.414;2.25
60104;49.634;2.292
60105;49.56;3.117
60106;49.378;2.456
60107;49.362;2.426
60108;49.641;1.917
60109;49.646;1.888
60110;49.663;1.836
60111;49.628;2.454
60112;49.556;2.454
60113;49.525;2.317
60114;49.534;1.815
60115;49.457;2.335
60116;49.313;2.359
60117;49.631;2.981
60118;49.52;3.064
60119;49.506;2.898
60120;49.326;2.401
60121;49.65;2.961
60122;49.614;1.755
60123;49.564;2.327
60124;49.629;2.888
60125;49.389;2.7
60126;49.548;2.896
60127;49.603;2.801
60128;49.608;1.718
60129;49.519;3.022
60130;49.379;2.518
60131;49.649;2.106
60132;49.635;2.942
60133;49.527;2.378
60134;49.313;2.43
60135;49.303;2.24
60136;49.658;1.985
60137;49.443;2.539
60138;49.226;2.619
60139;49.172;2.247
60140;49.26;1.811
60141;49.176;2.481
60142;49.121;2.527
60143;49.273;1.882
60144;49.187;1.992
60145;49.347;3.04
60146;49.605;2.381
60147;49.517;2.851
60148;49.119;2.858
60149;49.346;2.68
60150;49.53;2.971
60151;49.442;2.896
60152;49.378;2.597
60153;49.65;2.075
60154;49.324;2.534
60155;49.263;2.337
60156;49.441;2.845
60157;49.378;2.409
60158;49.555;2.551
60159;49.399;2.853
60160;49.607;2.736
60161;49.653;2.054
60162;49.277;2.111
60163;49.642;2.197
60164;49.401;1.832
60165;49.309;2.124
60166;49.458;2.8
60167;49.4;3.028
60168;49.57;2.626
60169;49.259;1.736
60170;49.206;2.544
60171;49.385;3.085
60172;49.145;2.47
60173;49.249;2.396
60174;49.64;2.807
60175;49.253;2.485
60176;49.236;2.897
60177;49.448;2.568
60178;49.612;2.085
60179;49.574;2.499
60180;49.526;1.926
60181;49.623;3.024
60182;49.621;2.189
60183;49.69;2.172
60184;49.377;3.036
60185;49.21;2.32
60186;49.448;2.472
60187;49.432;1.835
60188;49.386;3.0
60189;49.534;3.103
60190;49.174;2.998
60191;49.549;2.701
60192;49.586;2.91
60193;49.701;1.923
60194;49.699;1.981
60195;49.24;1.832
60196;49.294;2.111
60197;49.241;2.24
60198;49.591;2.879
60199;49.628;2.165
60200;49.599;2.557
60201;49.593;2.534
60203;49.232;2.849
60204;49.647;2.917
60205;49.693;1.895
60206;49.532;2.829
60207;49.28;3.025
60208;49.305;1.844
60209;49.296;1.918
60210;49.4;2.55
60211;49.312;1.787
60212;49.234;2.308
60213;49.126;2.696
60214;49.593;1.795
60215;49.414;2.456
60216;49.46;2.49
60217;49.557;1.806
60218;49.232;2.174
60219;49.744;1.803
60220;49.424;1.866
60221;49.655;2.269
60222;49.48;2.281
60223;49.426;2.63
60224;49.128;2.98
60225;49.428;2.37
60226;49.088;2.709
60227;49.57;2.916
60228;49.25;1.945
60229;49.372;2.697
60230;49.449;2.251
60231;49.261;2.915
60232;49.589;2.513
60233;49.65;1.85
60234;49.399;2.429
60235;49.346;1.829
60236;49.685;3.048
60237;49.659;2.231
60238;49.262;2.593
60239;49.246;1.967
60240;49.664;2.149
60241;49.155;2.66
60242;49.599;1.954
60243;49.504;2.147
60244;49.568;1.766
60245;49.649;1.728
60247;49.427;2.54
60248;49.731;1.818
60249;49.277;2.314
60250;49.465;2.03
60251;49.459;2.214
60252;49.464;2.382
60253;49.59;2.149
60254;49.447;2.667
60255;49.674;3.005
60256;49.288;2.011
60257;49.251;1.989
60258;49.623;2.809
60259;49.199;2.262
60260;49.278;2.927
60261;49.213;2.763
60262;49.596;2.608
60263;49.662;2.973
60264;49.381;2.084
60265;49.566;2.215
60267;49.625;2.112
60268;49.574;2.419
60269;49.618;1.96
60270;49.612;2.996
60271;49.539;1.842
60272;49.301;2.89
60273;49.474;2.825
60274;49.273;2.84
60275;49.495;1.901
60276;49.582;2.547
60277;49.425;2.033
60278;49.703;3.069
60279;49.22;2.949
60280;49.726;1.779
60281;49.501;2.691
60282;49.19;2.42
60283;49.695;2.217
60284;49.376;2.659
60285;49.464;2.606
60286;49.666;1.935
60287;49.613;3.079
60288;49.559;1.906
60289;49.634;1.979
60290;49.487;2.129
60291;49.658;3.055
60292;49.57;2.801
60293;49.189;1.853
60294;49.591;2.682
60295;49.65;1.937
60296;49.509;1.808
60297;49.645;2.012
60298;49.509;1.881
60299;49.619;2.225
60301;49.506;1.931
60302;49.487;2.241
60303;49.628;1.87
60304;49.583;2.007
60305;49.364;3.063
60306;49.524;1.78
60307;49.333;2.27
60308;49.472;2.673
60309;49.21;2.056
60310;49.483;2.003
60311;49.598;2.422
60312;49.587;1.764
60313;49.359;2.256
60314;49.632;2.041
60315;49.472;1.91
60316;49.336;2.142
60317;49.345;2.308
60318;49.338;2.648
60319;49.354;1.948
60320;49.2;3.019
60321;49.232;2.03
60322;49.302;1.874
60323;49.454;2.859
60324;49.388;3.06
60325;49.396;2.767
60326;49.399;2.734
60327;49.322;1.961
60328;49.524;2.091
60329;49.575;2.763
60330;49.287;2.152
60331;49.354;1.898
60332;49.353;2.508
60333;49.447;1.922
60334;49.269;2.236
60335;49.542;1.876
60336;49.562;2.176
60337;49.434;2.747
60338;49.355;2.795
60339;49.494;2.212
60340;49.61;2.915
60341;49.078;2.749
60342;49.297;2.435
60343;49.389;1.785
60344;49.387;1.872
60345;49.43;2.465
60346;49.16;2.42
60347;49.709;1.736
60348;49.571;2.961
60350;49.6;2.844
60351;49.537;2.675
60352;49.241;1.809
60353;49.68;2.101
60354;49.686;2.011
60355;49.43;2.201
60356;49.19;1.934
60357;49.499;2.532
60358;49.197;2.915
60359;49.488;1.931
60360;49.33;2.465
60361;49.233;1.906
60362;49.688;2.98
60363;49.197;1.891
60364;49.474;2.49
60365;49.605;2.039
60366;49.426;2.324
60367;49.257;1.92
60368;49.467;2.854
60369;49.34;2.711
60370;49.255;2.104
60371;49.593;1.83
60372;49.552;2.115
60373;49.51;2.876
60374;49.548;2.513
60375;49.415;2.522
60376;49.515;2.121
60377;49.59;2.219
60378;49.503;2.825
60379;49.549;2.797
60380;49.139;3.073
60381;49.672;2.869
60382;49.433;2.806
60383;49.529;2.779
60385;49.164;3.108
60386;49.516;2.748
60387;49.575;1.958
60388;49.53;1.904
60389;49.633;3.078
60390;49.544;2.166
60391;49.252;2.367
60392;49.489;2.85
60393;49.278;2.376
60394;49.521;2.604
60395;49.245;2.135
60396;49.544;2.631
60397;49.668;2.064
60398;49.176;2.282
60399;49.626;2.41
60400;49.482;2.349
60401;49.306;1.991
60402;49.368;2.745
60403;49.509;2.014
60404;49.313;2.473
60405;49.671;1.815
60406;49.327;2.566
60407;49.652;1.788
60408;49.477;2.738
60409;49.297;2.468
60410;49.601;3.109
60411;49.212;1.971
60412;49.194;1.796
60413;49.13;2.747
60414;49.263;2.431
60415;49.214;2.709
60416;49.539;2.584
60418;49.504;2.57
60420;49.217;1.793
60421;49.19;2.634
60422;49.156;2.707
60423;49.482;2.915
60424;49.466;2.698
60425;49.512;2.274
60426;49.381;2.194
60427;49.219;2.001
60428;49.449;2.014
60429;49.195;2.305
60430;49.31;2.93
60431;49.569;3.042
60432;49.122;2.609
60433;49.265;2.189
60434;49.569;2.673
60435;49.584;1.872
60436;49.594;2.398
60437;49.324;2.246
60438;49.466;3.067
60439;49.317;2.3
60440;49.487;2.633
60441;49.407;2.643
60442;49.533;2.136
60443;49.648;3.002
60444;49.623;1.787
60445;49.492;3.091
60446;49.137;2.811
60447;49.271;2.771
60448;49.116;3.052
60449;49.509;2.654
60450;49.229;2.28
60451;49.35;2.401
60452;49.203;2.015
60454;49.386;2.327
60456;49.479;2.582
60457;49.532;2.196
60458;49.569;2.014
60459;49.552;2.745
60460;49.489;1.967
60461;49.451;2.167
60462;49.319;2.194
60463;49.276;2.464
60464;49.383;2.488
60465;49.548;2.214
60466;49.443;2.51
60468;49.501;2.364
60469;49.27;2.217
60470;49.548;2.266
60471;49.577;3.008
60472;49.697;2.039
60473;49.099;2.829
60474;49.688;2.914
60476;49.617;1.834
60477;49.417;1.919
60478;49.196;2.958
60479;49.197;2.847
60480;49.496;2.18
60481;49.307;2.858
60482;49.141;2.509
60483;49.574;2.71
60484;49.549;2.027
60485;49.602;2.178
60486;49.665;2.321
60487;49.2;1.749
60488;49.556;2.966
60489;49.166;2.843
60490;49.474;1.979
60491;49.348;2.966
60492;49.512;2.952
60493;49.538;2.056
60494;49.111;2.578
60495;49.534;2.458
60496;49.613;2.45
60497;49.492;2.318
60498;49.508;2.46
60499;49.572;2.828
60500;49.099;2.759
60501;49.462;2.908
60502;49.684;3.066
60503;49.586;2.582
60504;49.348;2.184
60505;49.165;2.558
60506;49.563;2.987
60507;49.544;3.048
60508;49.3;2.648
60509;49.305;2.608
60510;49.336;1.924
60511;49.597;2.955
60512;49.276;2.032
60513;49.203;2.362
60514;49.617;2.0
60515;49.468;2.54
60516;49.411;1.778
60517;49.218;2.231
60518;49.584;2.19
60519;49.632;3.055
60520;49.51;2.314
60521;49.746;1.769
60522;49.547;2.419
60523;49.407;1.998
60524;49.334;2.436
60525;49.263;2.72
60526;49.514;2.499
60527;49.091;2.924
60528;49.241;1.857
60529;49.43;2.492
60530;49.448;2.29
60531;49.435;2.703
60533;49.534;2.733
60534;49.429;2.945
60535;49.522;2.226
60536;49.304;2.698
60537;49.522;2.919
60538;49.561;2.758
60539;49.3;2.512
60540;49.346;2.738
60541;49.291;2.685
60542;49.404;2.189
60543;49.26;2.82
60544;49.648;2.41
60545;49.712;1.8
60546;49.186;2.781
60547;49.339;2.509
60548;49.096;2.99
60549;49.585;2.088
60550;49.598;1.99
60551;49.298;2.393
60552;49.21;2.881
60553;49.456;2.63
60554;49.106;3.022
60555;49.651;2.359
60556;49.612;2.528
60557;49.58;1.92
60558;49.594;2.771
60559;49.414;2.291
60560;49.239;2.725
60561;49.25;2.956
60562;49.357;2.555
60563;49.37;2.628
60564;49.578;2.464
60565;49.582;2.301
60566;49.636;1.806
60567;49.426;1.889
60568;49.412;2.49
60569;49.445;2.985
60570;49.259;2.068
60571;49.606;1.864
60572;49.36;3.011
60573;49.575;2.25
60574;49.355;2.284
60575;49.289;2.198
60576;49.442;1.972
60577;49.442;1.782
60578;49.302;2.768
60579;49.35;2.887
60581;49.511;2.418
60582;49.478;2.952
60583;49.388;2.026
60584;49.229;2.409
60585;49.525;2.56
60586;49.396;2.059
60587;49.348;2.6
60588;49.617;1.922
60589;49.224;2.459
60590;49.533;2.002
60591;49.428;1.987
60592;49.423;1.741
60593;49.432;3.085
60594;49.52;1.748
60595;49.47;2.424
60596;49.593;1.74
60597;49.328;2.806
60598;49.349;2.123
60599;49.694;1.824
60600;49.296;2.745
60601;49.277;2.4
60602;49.725;1.729
60603;49.588;3.046
60604;49.681;1.876
60605;49.68;1.925
60608;49.631;2.136
60609;49.463;1.958
60610;49.553;3.0
60611;49.482;1.834
60612;49.212;2.586
60613;49.26;2.014
60614;49.191;1.827
60615;49.635;2.435
60616;49.362;1.794
60617;49.617;2.953
60618;49.258;2.86
60619;49.108;2.787
60620;49.318;2.153
60621;49.698;2.884
60622;49.675;2.004
60623;49.563;1.852
60624;49.558;1.779
60625;49.583;2.939
60626;49.389;1.75
60627;49.635;2.362
60628;49.423;2.153
60629;49.603;1.894
60630;49.309;1.902
60631;49.154;2.578
60632;49.56;2.867
60633;49.635;1.946
60634;49.544;2.31
60635;49.246;2.428
60636;49.479;2.881
60637;49.152;3.029
60638;49.358;2.329
60639;49.464;2.118
60640;49.22;1.942
60641;49.469;3.004
60642;49.491;3.014
60643;49.563;2.585
60644;49.287;1.814
60645;49.286;1.842
60646;49.484;2.058
60647;49.4;2.966
60648;49.604;2.248
60650;49.24;2.787
60651;49.274;2.276
60652;49.307;2.054
60653;49.485;2.437
60654;49.508;2.797
60655;49.557;3.078
60656;49.094;3.048
60657;49.586;2.968
60658;49.229;3.016
60659;49.229;1.761
60660;49.343;1.866
60661;49.24;2.982
60662;49.381;1.915
60663;49.473;2.188
60664;49.61;2.292
60665;49.42;2.784
60666;49.106;2.673
60667;49.306;2.733
60668;49.507;2.082
60669;49.329;2.492
60670;49.273;2.535
60671;49.161;2.784
60672;49.257;3.009
60673;49.609;2.128
60674;49.384;2.926
60675;49.497;2.777
60676;49.557;2.934
60677;49.483;1.873
60678;49.233;2.074
60679;49.16;3.061
60680;49.275;2.68
60681;49.403;1.955
60682;49.261;2.635
60683;49.14;2.9
60684;49.288;2.493
60685;49.369;2.209
60686;49.218;2.385
60687;49.476;1.792
60688;49.534;1.961
60689;49.486;2.805
60691;49.574;1.729
60692;49.642;2.229
60693;49.686;3.112
60694;;
60695;49.205;2.501
60697;49.536;1.89
60698;49.508;2.621
60699;49.522;1.845
60700;49.386;2.159
60701;49.547;2.36
60702;49.609;2.483
60703;49.407;2.041
61001;48.432;0.092
61002;48.698;0.126
61005;48.34;0.565
61006;48.732;-0.013
61007;48.795;-0.51
61008;48.732;0.546
61010;48.855;0.228
61011;48.78;-0.553
61012;48.698;0.552
61013;48.547;0.293
61014;48.72;0.055
61015;48.606;0.238
61017;48.705;0.329
61018;48.937;0.314
61020;48.671;-0.099
61021;48.537;-0.618
61023;48.811;-0.024
61024;48.664;-0.557
61026;48.473;0.347
61028;48.829;-0.263
61029;48.551;0.47
61030;48.784;-0.599
61032;48.756;0.511
61034;48.68;0.736
61035;48.62;-0.303
61036;48.611;0.107
61037;48.418;0.491
61038;48.373;0.563
61039;48.621;-0.018
61040;48.691;-0.444
61041;48.264;0.553
61043;48.35;0.74
61044;48.849;-0.478
61046;48.492;0.751
61048;48.515;0.454
61049;48.689;0.061
61050;48.464;0.73
61051;48.569;0.265
61052;48.676;0.562
61053;48.658;0.542
61054;48.916;0.31
61055;48.632;-0.096
61056;48.558;0.099
61060;48.715;0.543
61061;48.436;0.901
61062;48.833;-0.079
61063;48.711;-0.378
61064;48.66;0.324
61066;48.506;0.404
61067;48.558;0.401
61068;48.541;0.204
61069;48.86;-0.446
61070;48.807;-0.604
61071;48.892;0.172
61072;48.948;0.256
61074;48.569;-0.16
61075;48.494;-0.635
61076;48.594;0.01
61077;48.444;0.132
61078;48.783;-0.624
61079;48.225;0.758
61080;48.562;-0.116
61081;48.657;0.196
61082;48.592;0.312
61084;48.798;-0.228
61085;48.604;-0.205
61086;48.888;0.134
61087;48.577;0.439
61088;48.726;0.325
61089;48.863;0.167
61091;48.605;-0.525
61092;48.742;0.744
61093;48.722;-0.673
61094;48.703;-0.592
61095;48.713;-0.622
61096;48.544;-0.466
61097;48.485;0.66
61098;48.567;0.154
61099;48.318;0.588
61100;48.71;0.612
61101;48.673;0.131
61102;48.678;-0.583
61103;48.844;0.338
61104;48.602;-0.267
61105;48.36;0.452
61107;48.507;-0.133
61108;48.777;0.358
61111;48.476;0.051
61113;48.46;0.586
61114;48.788;-0.099
61116;48.379;0.865
61117;48.434;0.034
61118;48.46;0.643
61120;48.849;0.137
61121;48.48;0.461
61122;48.767;0.303
61123;48.832;0.016
61124;48.638;-0.467
61126;48.53;0.395
61129;48.479;0.611
61130;48.508;0.49
61133;48.625;0.348
61137;48.745;-0.372
61138;48.763;0.267
61139;48.922;0.136
61140;48.696;0.659
61141;48.472;0.002
61142;48.355;0.618
61143;48.451;0.072
61145;48.582;-0.614
61146;48.637;-0.553
61148;48.741;-0.442
61149;48.722;-0.492
61150;48.732;0.395
61151;48.719;0.576
61152;48.874;0.086
61153;48.715;-0.111
61156;48.54;0.242
61158;48.669;-0.289
61159;48.661;0.408
61160;48.543;0.649
61162;48.68;0.506
61163;48.652;-0.509
61164;48.575;0.071
61165;48.416;-0.037
61166;48.653;0.377
61167;48.836;0.508
61168;48.582;-0.367
61169;48.74;-0.562
61170;48.683;-0.051
61171;48.861;0.003
61176;48.638;-0.06
61178;48.833;0.227
61180;48.872;0.207
61181;48.79;0.308
61182;48.471;-0.086
61183;48.624;0.294
61187;48.661;0.582
61188;48.684;0.319
61189;48.765;-0.208
61190;48.744;0.21
61192;48.676;0.25
61193;48.816;0.49
61194;48.736;-0.09
61195;48.64;-0.32
61196;48.372;0.51
61197;48.836;-0.015
61198;48.901;0.216
61199;48.791;-0.178
61202;48.481;0.205
61203;48.397;0.035
61206;48.6;0.736
61207;48.313;0.517
61208;48.674;0.689
61209;48.585;-0.231
61210;48.68;-0.14
61211;48.558;-0.497
61212;48.724;0.024
61213;48.469;-0.128
61214;48.756;0.611
61215;48.542;0.366
61216;48.584;-0.055
61217;48.701;-0.25
61218;48.754;-0.598
61219;48.827;-0.434
61221;48.744;-0.478
61222;48.753;-0.659
61224;48.493;0.167
61225;48.737;0.306
61227;48.674;-0.343
61228;48.508;-0.038
61229;48.505;0.586
61230;48.529;0.758
61232;48.65;-0.705
61233;48.65;-0.346
61234;48.453;0.036
61237;48.701;-0.221
61238;48.869;0.028
61240;48.648;0.137
61241;48.469;0.899
61242;48.505;0.814
61243;48.571;-0.323
61244;48.666;0.439
61248;48.511;-0.814
61251;48.523;0.315
61252;48.829;0.263
61255;48.438;0.608
61256;48.673;0.079
61257;48.509;-0.381
61258;48.511;0.353
61259;48.706;0.511
61260;48.661;-0.398
61261;48.48;0.238
61262;48.762;-0.792
61263;48.509;0.184
61264;48.731;0.265
61265;48.754;-0.297
61266;48.58;0.294
61267;48.826;-0.318
61268;48.802;0.233
61269;48.849;-0.416
61271;48.613;-0.125
61272;48.745;0.294
61273;48.85;-0.319
61274;48.518;0.934
61275;48.701;0.28
61276;48.85;-0.048
61277;48.522;0.434
61278;48.714;-0.539
61279;48.412;-0.002
61281;48.833;-0.675
61283;48.811;-0.086
61284;48.582;0.334
61286;48.409;0.397
61287;48.815;-0.571
61288;48.631;0.032
61289;48.836;0.153
61290;48.682;-0.266
61291;48.884;0.034
61292;48.796;-0.677
61293;48.52;0.561
61294;48.638;0.08
61295;48.566;-0.269
61297;48.65;0.475
61298;48.753;-0.065
61300;48.483;0.857
61301;48.564;0.194
61302;48.852;0.096
61303;48.828;-0.118
61304;48.504;0.22
61307;48.862;0.281
61308;48.822;-0.19
61309;48.381;0.687
61310;48.703;0.207
61314;48.781;-0.066
61316;48.855;-0.024
61317;48.752;0.346
61319;48.335;0.418
61321;48.446;-0.006
61322;48.48;0.506
61323;48.494;0.928
61324;48.514;-0.76
61326;48.576;-0.548
61327;48.444;0.411
61328;48.747;0.137
61329;48.445;0.545
61330;48.69;0.378
61331;48.604;0.397
61332;48.694;-0.348
61333;48.93;0.262
61336;48.28;0.519
61339;48.766;-0.252
61341;48.509;0.086
61342;48.756;0.563
61344;48.644;-0.218
61345;48.45;0.779
61346;48.919;0.099
61347;48.79;0.277
61348;48.481;0.563
61349;48.788;-0.139
61350;48.49;-0.066
61351;48.88;0.236
61352;48.81;-0.135
61357;48.549;-0.078
61358;48.741;0.024
61360;48.622;0.429
61361;48.734;-0.327
61362;48.688;-0.522
61363;48.641;0.527
61365;48.542;0.338
61366;48.949;0.372
61367;48.609;0.453
61369;48.645;-0.623
61370;48.55;-0.642
61371;48.678;-0.193
61372;48.389;-0.04
61373;48.586;0.526
61374;48.742;-0.832
61375;48.657;0.002
61376;48.689;-0.626
61379;48.321;0.642
61381;48.471;0.532
61382;48.458;-0.037
61384;48.524;-0.098
61385;48.812;0.313
61386;48.779;0.452
61387;48.499;-0.712
61388;48.32;0.453
61389;48.708;0.444
61390;48.631;-0.266
61391;48.767;-0.568
61392;48.929;0.382
61393;48.726;0.241
61394;48.272;0.592
61395;48.405;0.816
61396;48.587;0.467
61397;48.418;0.058
61398;48.611;0.311
61399;48.902;0.073
61400;48.537;0.15
61401;48.585;-0.698
61402;48.707;-0.308
61404;48.555;0.54
61405;48.312;0.746
61406;48.725;0.508
61407;48.825;-0.476
61408;48.777;-0.382
61411;48.449;0.482
61412;48.49;0.373
61413;48.83;0.091
61414;48.51;0.532
61415;48.495;0.317
61416;48.646;0.277
61418;48.51;0.634
61419;48.594;-0.151
61420;48.626;-0.144
61421;48.551;-0.734
61422;48.675;0.61
61423;48.795;0.669
61424;48.546;-0.156
61425;48.627;0.489
61426;48.372;0.547
61427;48.603;-0.18
61429;48.639;0.753
61432;48.754;0.687
61433;48.506;0.027
61435;48.812;0.598
61436;48.736;-0.411
61438;48.599;0.492
61439;48.509;-0.351
61440;48.736;0.671
61442;48.534;-0.286
61443;48.739;-0.63
61444;48.835;-0.376
61445;48.812;-0.65
61446;48.743;0.466
61447;48.834;-0.541
61448;48.359;0.799
61450;48.479;0.419
61451;48.783;-0.752
61452;48.576;-0.745
61453;48.59;-0.109
61454;48.581;0.385
61456;48.776;0.671
61457;48.786;0.557
61459;48.69;-0.488
61460;48.888;0.339
61461;48.829;0.39
61462;48.716;-0.035
61463;48.613;-0.436
61464;48.605;0.169
61466;48.735;-0.533
61467;48.474;0.155
61472;48.773;-0.02
61473;48.705;-0.152
61474;48.752;0.065
61475;48.627;0.549
61476;48.369;0.406
61479;48.686;-0.074
61480;48.565;0.009
61481;48.621;0.394
61482;48.531;-0.429
61483;48.556;-0.42
61484;48.268;0.651
61485;48.908;0.259
61486;48.756;-0.736
61487;48.54;-0.675
61488;48.797;0.414
61490;48.811;0.044
61491;48.589;0.66
61492;48.599;0.274
61493;48.801;0.38
61494;48.851;0.046
61497;48.465;0.111
61498;48.347;0.487
61499;48.507;0.266
61500;48.612;0.689
61501;48.394;0.752
61502;48.46;0.377
61503;48.65;-0.151
61505;48.8;0.018
61507;48.539;0.593
61508;48.924;0.201
61510;48.716;0.709
61512;48.709;-0.27
62001;50.397;2.697
62002;50.154;2.742
62003;50.384;2.882
62004;50.272;2.756
62005;50.132;2.779
62006;50.126;2.755
62007;50.349;2.655
62008;50.729;2.077
62009;50.194;2.706
62010;50.69;2.075
62011;50.31;2.65
62012;50.354;2.608
62013;50.253;2.761
62014;50.644;2.395
62015;50.441;1.668
62016;50.427;1.671
62017;50.587;2.0
62018;50.48;1.861
62019;50.421;2.713
62020;50.781;1.872
62021;50.524;1.851
62022;50.721;1.81
62023;50.532;2.505
62024;50.734;1.993
62025;50.812;1.621
62026;50.466;2.171
62027;50.308;2.467
62028;50.536;2.415
62029;50.527;2.394
62030;50.138;2.397
62031;50.866;1.918
62032;50.41;2.751
62033;50.462;2.882
62034;50.503;2.72
62035;50.54;2.619
62036;50.45;2.258
62037;50.318;2.741
62038;50.877;1.984
62039;50.364;2.87
62040;50.74;2.319
62041;50.29;2.766
62042;50.307;2.842
62043;50.9;1.937
62044;50.492;1.755
62045;50.348;2.586
62046;50.387;1.963
62047;50.304;2.176
62048;50.51;2.469
62049;50.551;2.373
62050;50.409;2.095
62051;50.506;2.781
62052;50.859;1.691
62053;50.579;2.127
62054;50.852;1.608
62055;50.771;1.984
62056;50.829;1.611
62057;50.885;2.082
62058;50.506;2.407
62059;50.842;1.986
62060;50.231;2.117
62061;50.345;2.445
62062;50.552;1.962
62063;50.272;2.529
62064;50.105;2.833
62065;50.404;2.827
62066;50.479;2.101
62067;50.632;2.146
62068;50.17;2.733
62069;50.459;2.117
62070;50.373;2.449
62071;50.508;2.38
62072;50.211;2.604
62073;50.336;2.844
62074;50.222;2.627
62075;50.701;1.713
62076;50.751;1.902
62077;50.421;2.472
62078;50.861;1.94
62079;50.102;2.89
62080;50.101;2.855
62081;50.214;3.057
62082;50.071;2.939
62083;50.456;2.614
62084;50.248;2.538
62085;50.229;2.647
62086;50.224;2.564
62087;50.806;2.116
62088;50.705;2.076
62089;50.831;1.658
62090;50.436;2.126
62091;50.251;2.408
62092;50.276;2.486
62093;50.073;2.869
62094;50.446;1.797
62095;50.544;2.219
62096;50.126;2.987
62097;50.246;2.659
62099;50.258;2.79
62100;50.42;1.903
62101;50.374;2.234
62102;50.64;1.902
62103;50.142;2.828
62104;50.733;1.778
62105;50.747;1.766
62106;50.301;3.043
62107;50.476;2.827
62108;50.414;1.582
62109;50.466;2.249
62111;50.273;2.424
62112;50.2;2.63
62113;50.345;2.526
62114;50.408;2.233
62115;50.264;2.673
62116;50.555;1.772
62117;50.088;2.981
62118;50.383;2.544
62119;50.529;2.642
62120;50.442;2.508
62121;50.132;2.876
62122;50.118;2.932
62123;50.558;1.815
62124;50.497;1.727
62125;50.799;1.674
62126;50.533;2.692
62127;50.599;1.852
62128;50.315;2.942
62129;50.118;2.822
62130;50.166;2.609
62131;50.127;2.801
62132;50.52;2.867
62133;50.415;2.908
62134;50.541;1.91
62135;50.218;2.714
62137;50.324;2.221
62138;50.424;2.174
62139;50.716;2.275
62140;50.664;1.971
62141;50.616;2.331
62142;50.405;2.15
62143;50.257;2.199
62144;50.214;2.82
62145;50.274;2.942
62146;50.193;2.759
62147;50.2;2.746
62148;50.378;2.913
62149;50.749;2.094
62150;50.408;1.781
62151;50.213;2.778
62152;50.213;2.796
62153;50.569;2.224
62154;50.237;2.268
62155;50.776;2.022
62156;50.893;1.771
62157;50.479;1.947
62158;50.291;2.237
62160;50.727;1.608
62161;50.816;1.9
62162;50.577;2.436
62163;50.268;2.323
62164;50.18;3.121
62165;50.698;1.846
62166;50.449;2.407
62167;50.77;1.826
62168;50.613;1.935
62169;50.735;2.033
62170;50.423;2.673
62171;50.473;2.312
62172;50.197;2.821
62173;50.338;3.02
62174;50.848;1.956
62175;50.347;2.021
62176;50.508;1.721
62177;50.436;1.836
62178;50.49;2.552
62179;50.715;1.888
62180;50.411;2.385
62181;50.146;2.697
62182;50.263;2.153
62183;50.393;1.823
62184;50.201;3.03
62185;50.193;2.929
62186;50.445;2.719
62187;50.325;2.348
62188;50.532;2.462
62189;50.064;2.964
62190;50.589;2.514
62191;50.844;1.811
62192;50.208;2.994
62193;50.95;1.876
62194;50.49;2.485
62195;50.614;2.609
62196;50.479;1.718
62197;50.477;2.451
62198;50.38;2.61
62199;50.373;2.636
62200;50.512;2.737
62201;50.564;1.613
62202;50.619;1.996
62203;50.841;1.898
62204;50.401;1.866
62205;50.714;2.334
62206;50.432;1.706
62207;50.441;1.736
62208;50.28;2.363
62209;50.486;2.146
62211;50.346;2.618
62212;50.347;1.991
62213;50.379;2.7
62214;50.655;1.711
62215;50.49;2.949
62216;50.205;2.582
62217;50.505;2.45
62218;50.394;2.572
62219;50.293;2.031
62220;50.421;2.004
62221;50.382;2.488
62222;50.312;2.034
62223;50.234;2.913
62224;50.54;2.562
62225;50.769;2.343
62227;50.528;1.885
62228;50.794;1.984
62229;50.653;2.182
62230;50.75;1.827
62231;50.343;1.674
62232;50.426;2.5
62233;50.368;1.675
62234;50.293;2.192
62235;50.65;1.64
62236;50.417;1.962
62237;50.744;1.73
62238;50.433;2.329
62239;50.93;1.814
62240;50.335;3.048
62241;50.564;1.743
62242;50.134;2.534
62243;50.218;2.482
62244;50.917;1.887
62245;50.709;2.0
62246;50.498;2.108
62247;50.533;2.078
62248;50.158;2.777
62249;50.415;3.015
62250;50.453;2.946
62251;50.644;1.852
62252;50.579;2.7
62253;50.207;2.498
62254;50.601;2.185
62255;50.701;1.789
62256;50.472;2.203
62257;50.503;2.039
62258;50.354;2.265
62259;50.198;2.881
62260;50.383;2.273
62261;50.486;1.613
62262;50.519;2.746
62263;50.277;2.714
62264;50.593;1.606
62265;50.622;2.218
62266;50.291;2.447
62267;50.584;2.156
62268;50.675;1.829
62269;50.437;2.448
62270;50.47;2.505
62271;50.627;2.169
62272;50.176;2.71
62273;50.624;1.831
62274;50.439;2.987
62275;50.338;1.882
62276;50.512;2.826
62277;50.39;2.932
62278;50.489;2.633
62279;50.302;2.696
62280;50.248;3.004
62281;50.701;1.655
62282;50.396;2.18
62283;50.325;2.286
62284;50.261;3.062
62285;50.174;2.902
62286;50.56;2.441
62288;50.675;2.289
62289;50.438;1.768
62290;50.333;2.768
62291;50.418;2.812
62292;50.686;2.115
62293;50.496;1.957
62295;50.586;2.293
62296;50.572;1.848
62297;50.818;2.161
62298;50.231;3.159
62299;50.455;2.296
62300;50.679;1.576
62301;50.48;2.235
62302;50.589;1.975
62303;50.43;2.219
62304;50.584;2.251
62306;50.164;2.826
62307;50.911;1.721
62308;50.724;1.936
62309;50.701;2.179
62310;50.548;2.662
62311;50.479;2.907
62312;50.496;1.804
62313;50.593;2.32
62314;50.399;2.611
62315;50.501;1.779
62316;50.269;2.394
62317;50.272;2.998
62318;50.524;1.652
62319;50.256;2.98
62320;50.317;2.682
62321;50.435;3.03
62322;50.144;2.458
62323;50.3;2.872
62324;50.36;2.827
62325;50.593;2.1
62326;50.126;2.859
62327;50.533;2.303
62328;50.521;2.431
62329;50.829;1.768
62330;50.545;2.736
62331;50.285;2.849
62332;50.226;2.746
62333;50.5;2.321
62334;50.824;1.831
62335;50.317;2.162
62336;50.559;2.281
62337;50.321;2.254
62338;50.638;2.831
62339;50.424;2.253
62340;50.497;2.429
62341;50.146;2.623
62342;50.499;2.284
62343;50.216;2.904
62344;50.528;2.338
62345;50.302;2.067
62346;50.258;2.23
62347;50.254;2.565
62348;50.35;2.387
62349;50.521;2.599
62350;50.512;2.613
62351;50.429;2.906
62352;50.323;2.305
62353;50.113;2.903
62354;50.562;1.69
62355;50.336;2.929
62356;50.425;2.604
62357;50.374;2.138
62358;50.368;2.896
62359;50.449;2.053
62360;50.912;1.817
62361;50.271;2.293
62362;50.401;2.524
62363;50.351;2.636
62364;50.513;2.123
62365;50.326;2.13
62366;50.409;2.578
62367;50.39;2.316
62368;50.175;2.529
62369;50.326;2.886
62370;50.274;2.063
62371;50.392;2.778
62372;50.3;2.491
62373;50.532;2.76
62374;50.148;2.8
62375;50.138;2.653
62376;50.564;2.568
62377;50.509;2.587
62378;50.296;2.644
62379;50.243;2.591
62380;50.403;2.656
62381;50.323;2.411
62382;50.374;1.909
62383;50.314;3.058
62384;50.142;3.097
62385;50.254;2.474
62386;50.45;2.745
62387;50.102;2.798
62388;50.382;2.064
62389;50.178;2.488
62390;50.385;1.604
62391;50.607;2.489
62392;50.251;2.893
62393;50.918;1.997
62395;50.328;1.995
62396;50.348;2.228
62397;50.858;1.871
62398;50.388;2.003
62399;50.311;2.607
62400;50.476;2.579
62401;50.501;2.797
62402;50.604;1.683
62403;50.701;2.208
62404;50.162;2.425
62405;50.291;2.958
62406;50.183;2.802
62407;50.592;2.453
62408;50.884;1.848
62409;50.162;2.642
62410;50.093;2.937
62411;50.285;2.126
62412;50.797;1.828
62413;50.452;2.903
62414;50.237;2.97
62415;50.33;2.636
62416;50.334;2.317
62418;50.272;2.568
62419;50.738;1.963
62421;50.101;3.073
62422;50.118;2.646
62423;50.692;2.25
62424;50.215;2.949
62425;50.208;2.731
62426;50.233;2.872
62427;50.409;2.959
62428;50.219;2.839
62429;50.726;1.846
62430;50.156;2.532
62432;50.764;1.898
62433;50.338;2.249
62434;50.199;2.559
62435;50.344;2.292
62436;50.353;2.333
62437;50.542;1.99
62438;50.325;2.584
62439;50.804;1.862
62440;50.109;3.037
62441;50.414;2.552
62442;50.415;2.308
62443;50.446;2.642
62444;50.884;1.719
62445;50.497;2.597
62446;50.652;1.678
62447;50.374;2.038
62448;50.669;1.688
62449;50.464;1.942
62450;50.449;2.329
62451;50.481;2.271
62452;50.696;2.294
62453;50.534;2.192
62454;50.571;2.629
62455;50.767;1.932
62456;50.479;2.619
62457;50.455;2.537
62458;50.797;2.165
62459;50.296;2.377
62460;50.583;1.738
62461;50.395;2.024
62462;50.437;2.355
62463;50.568;1.916
62464;50.484;2.811
62465;50.188;2.574
62466;50.5;1.91
62467;50.408;2.21
62468;50.385;2.208
62469;50.175;3.039
62470;50.387;2.15
62471;50.669;2.243
62472;50.537;1.788
62473;50.616;2.456
62474;50.682;1.656
62475;50.238;2.381
62476;50.362;2.946
62477;50.315;2.532
62478;50.753;2.003
62479;50.522;2.572
62480;50.493;2.684
62481;50.294;1.985
62483;50.604;1.762
62484;50.156;2.957
62485;50.538;2.256
62486;50.618;2.405
62487;50.85;1.779
62488;50.816;1.967
62489;50.519;2.532
62490;50.297;2.572
62491;50.612;2.784
62492;50.459;1.978
62493;50.11;2.957
62494;50.054;2.977
62495;50.645;1.974
62496;50.546;1.654
62497;50.439;3.059
62498;50.437;2.821
62499;50.385;1.728
62500;50.555;2.424
62501;50.428;1.864
62502;50.612;2.678
62503;50.854;1.733
62504;50.735;2.169
62505;50.837;1.713
62506;50.796;1.935
62507;50.274;2.449
62508;50.549;2.41
62509;50.597;2.34
62510;50.424;2.773
62511;50.291;2.471
62512;50.563;2.337
62513;50.284;2.26
62514;50.358;2.423
62515;50.08;2.825
62516;50.561;2.482
62517;50.59;2.373
62518;50.342;2.203
62519;50.511;2.223
62520;50.57;2.667
62521;50.409;2.035
62522;50.445;1.919
62523;50.444;2.858
62524;50.654;1.808
62525;50.736;2.244
62526;50.729;1.88
62527;50.535;1.744
62528;50.457;2.786
62529;50.567;2.798
62530;50.677;1.936
62531;50.827;2.0
62532;50.517;2.495
62533;50.522;2.174
62534;50.705;2.117
62535;50.466;1.749
62536;50.403;2.482
62537;50.3;2.411
62538;50.37;1.816
62539;50.347;2.358
62540;50.448;2.578
62541;50.451;2.148
62542;50.322;2.441
62543;50.63;2.309
62544;50.297;2.507
62545;50.548;1.94
62546;50.77;1.672
62547;50.471;1.84
62548;50.954;1.95
62549;50.366;2.032
62550;50.37;2.007
62551;50.452;1.874
62552;50.4;1.935
62553;50.467;2.418
62554;50.523;1.73
62555;50.502;2.506
62556;50.464;1.82
62557;50.331;2.71
62558;50.38;2.421
62559;50.204;3.096
62560;50.813;1.701
62561;50.051;2.769
62562;50.546;2.167
62563;50.468;2.726
62564;50.605;2.413
62565;50.558;2.145
62566;50.674;1.863
62567;50.773;2.092
62568;50.235;2.788
62569;50.636;2.108
62570;50.399;2.868
62571;50.453;1.608
62572;50.062;3.063
62573;50.494;2.894
62574;50.376;2.569
62576;50.314;2.364
62577;50.304;2.218
62578;50.238;2.623
62579;50.18;2.658
62580;50.398;2.436
62581;50.434;2.281
62582;50.268;2.895
62583;50.174;2.467
62584;50.589;2.598
62585;50.52;1.816
62586;50.293;2.629
62587;50.428;2.93
62588;50.466;1.771
62589;50.35;2.69
62590;50.321;2.386
62591;50.137;2.955
62592;50.763;2.127
62593;50.029;2.868
62594;50.157;2.858
62595;50.788;2.171
62596;50.347;1.955
62597;50.18;2.771
62598;50.839;2.118
62599;50.742;1.863
62600;50.518;2.363
62601;50.527;2.355
62602;50.361;1.739
62603;50.623;1.66
62604;50.617;1.617
62605;50.381;2.167
62606;50.585;2.78
62607;50.334;2.37
62608;50.067;3.025
62609;50.358;2.755
62610;50.479;1.795
62611;50.248;2.82
62612;50.353;2.914
62613;50.675;2.03
62614;50.849;2.007
62615;50.907;1.832
62616;50.241;2.182
62617;50.475;2.663
62618;50.814;2.085
62619;50.17;2.939
62620;50.588;2.409
62621;50.878;2.033
62622;50.796;2.089
62623;50.932;2.046
62624;50.418;2.994
62625;50.375;2.177
62626;50.491;2.728
62627;50.309;3.022
62628;50.429;2.876
62629;50.298;2.592
62630;50.292;2.545
62631;50.308;2.287
62632;50.551;2.594
62633;50.363;2.212
62634;50.932;2.02
62635;50.442;1.952
62636;50.786;1.698
62637;50.464;2.993
62638;50.25;3.122
62639;50.347;2.889
62640;50.129;2.419
62641;50.394;2.398
62642;50.456;2.471
62643;50.698;1.592
62644;50.653;2.144
62645;50.981;2.039
62646;50.265;3.095
62647;50.382;2.086
62648;50.594;1.801
62649;50.152;2.491
62650;50.287;2.918
62651;50.33;2.488
62652;50.487;2.402
62653;50.749;1.697
62654;50.914;1.76
62655;50.398;2.256
62656;50.676;2.212
62657;50.872;1.791
62658;50.762;1.685
62659;50.466;2.089
62660;50.306;2.918
62661;50.376;1.982
62662;50.862;2.109
62663;50.168;2.442
62664;50.181;2.595
62665;50.257;2.085
62666;50.476;2.888
62667;50.713;1.576
62668;50.505;2.259
62669;50.474;2.39
62670;50.573;1.882
62671;50.166;3.008
62672;50.106;2.689
62673;50.177;2.985
62674;50.734;2.126
62675;50.752;2.045
62676;50.602;2.368
62677;50.332;2.038
62678;50.702;1.942
62679;50.665;1.746
62680;50.366;2.984
62681;50.68;2.329
62682;50.53;1.934
62683;50.301;2.104
62684;50.695;2.36
62685;50.547;2.118
62686;50.364;2.307
62688;50.42;1.634
62689;50.206;2.677
62690;50.303;1.959
62691;50.649;2.303
62692;50.753;1.953
62693;50.432;2.549
62694;50.266;2.341
62695;50.258;2.364
62696;50.573;2.175
62697;50.257;3.028
62698;50.518;1.779
62699;50.836;2.08
62700;50.316;2.001
62701;50.576;2.362
62702;50.67;2.175
62703;50.257;2.959
62704;50.58;2.069
62705;50.793;1.785
62706;50.579;2.747
62708;50.088;2.88
62709;50.194;2.961
62710;50.515;1.989
62711;50.807;1.741
62712;50.232;2.686
62713;50.594;2.551
62714;50.33;2.79
62715;50.056;2.924
62716;50.834;1.93
62717;50.368;2.388
62718;50.302;2.899
62719;50.412;2.126
62720;50.595;2.39
62721;50.666;2.338
62722;50.276;2.17
62723;50.371;1.775
62724;50.399;2.905
62725;50.473;2.0
62726;50.484;2.116
62727;50.466;2.591
62728;50.238;3.065
62729;50.579;2.018
62730;50.856;2.168
62731;50.083;3.016
62732;50.493;2.367
62733;50.121;2.599
62734;50.288;2.99
62735;50.502;2.703
62736;50.653;2.792
62737;50.451;2.684
62738;50.472;2.049
62739;50.186;3.078
62740;50.479;2.349
62741;50.17;2.561
62742;50.454;1.669
62743;50.358;2.044
62744;50.315;2.762
62745;50.477;1.91
62746;50.666;1.602
62747;50.624;2.579
62748;50.938;2.125
62749;50.352;2.073
62750;50.567;2.397
62751;50.872;1.744
62752;50.482;1.664
62753;50.308;2.811
62754;50.184;2.852
62755;50.696;1.623
62756;50.892;2.151
62757;50.757;2.23
62758;50.724;1.648
62759;50.668;1.888
62760;50.611;2.105
62761;50.229;2.852
62762;50.518;1.936
62763;50.375;2.36
62764;50.309;2.785
62765;50.768;2.263
62766;50.945;2.101
62767;50.388;2.35
62768;50.368;1.869
62769;50.893;1.827
62770;50.623;2.525
62771;50.42;2.86
62772;50.768;2.22
62773;50.634;1.755
62774;50.941;1.77
62775;50.773;1.893
62776;50.132;2.837
62777;50.067;2.783
62778;50.298;2.432
62779;50.109;2.431
62780;50.236;3.09
62781;50.22;3.116
62782;50.239;3.031
62783;50.354;1.851
62784;50.212;2.525
62785;50.354;2.558
62786;50.696;1.89
62787;50.496;1.878
62788;50.698;2.027
62789;50.65;1.936
62790;50.534;2.147
62791;50.296;2.313
62792;50.791;2.202
62793;50.407;2.636
62794;50.714;2.156
62795;50.305;2.331
62796;50.254;2.634
62797;50.371;2.268
62798;50.238;2.505
62799;50.456;1.714
62800;50.149;2.57
62801;50.389;2.744
62802;50.223;2.362
62803;50.743;1.923
62804;50.239;2.435
62805;50.462;2.36
62806;50.866;1.643
62808;50.452;2.22
62809;50.339;2.398
62810;50.351;2.8
62811;50.629;2.251
62812;50.624;2.047
62813;50.414;2.433
62814;50.132;2.448
62815;50.355;1.708
62816;50.329;2.554
62817;50.277;2.822
62818;50.444;2.187
62819;50.773;2.202
62820;50.36;2.494
62821;50.611;1.722
62822;50.278;2.014
62823;50.484;2.021
62824;50.336;1.915
62825;50.291;3.033
62826;50.508;1.599
62827;50.792;2.048
62828;50.47;2.152
62829;50.05;2.892
62830;50.09;3.097
62831;50.412;2.344
62832;50.522;1.699
62833;50.27;2.208
62834;50.323;2.074
62835;50.434;2.383
62836;50.5;2.619
62837;50.654;2.024
62838;50.271;2.105
62839;50.144;2.905
62840;50.101;2.974
62841;50.546;2.607
62842;50.47;2.854
62843;50.493;2.179
62844;50.555;2.04
62845;50.629;1.692
62846;50.487;2.757
62847;50.503;2.662
62848;50.501;2.642
62849;50.402;1.651
62850;50.363;2.113
62851;50.593;2.717
62852;50.933;2.076
62853;50.662;1.911
62854;50.378;2.664
62855;50.079;2.905
62856;50.373;2.529
62857;50.375;2.59
62858;50.225;3.01
62859;50.229;2.21
62860;50.315;2.492
62861;50.378;2.811
62862;50.556;2.179
62863;50.538;2.78
62864;50.246;2.936
62865;50.326;2.981
62866;50.382;1.65
62867;50.781;1.669
62868;50.338;2.119
62869;50.249;2.724
62870;50.408;1.73
62871;50.434;2.024
62872;50.415;2.062
62873;50.256;2.855
62874;50.272;2.614
62875;50.705;2.346
62876;50.081;2.791
62877;50.184;2.506
62878;50.279;2.665
62879;50.231;2.469
62880;50.75;1.798
62881;50.217;2.165
62882;50.675;2.138
62883;50.409;2.284
62885;50.545;2.344
62886;50.573;1.95
62887;50.584;1.659
62888;50.651;1.768
62889;50.772;1.737
62890;50.359;2.163
62891;50.239;2.078
62892;50.363;2.849
62893;50.779;1.613
62894;50.765;1.642
62895;50.495;2.858
62896;50.685;1.767
62897;50.661;2.08
62898;50.727;2.191
62899;50.888;1.682
62900;50.614;2.363
62901;50.672;2.388
62902;50.715;2.229
62903;50.615;1.888
62904;50.823;2.053
62905;50.753;2.16
62906;50.853;2.06
62907;50.482;3.0
62908;50.731;1.716
62909;50.065;2.996
63001;46.015;3.201
63002;45.507;3.529
63003;45.556;3.756
63004;45.933;2.805
63005;45.5;3.184
63006;45.331;3.012
63007;45.374;3.148
63008;45.898;3.716
63009;45.398;3.118
63010;45.421;3.723
63011;46.2;2.748
63012;46.006;3.15
63013;45.981;3.193
63014;45.751;3.126
63015;45.753;3.599
63016;45.737;3.631
63017;45.414;3.179
63019;45.793;3.171
63020;45.682;2.916
63021;45.639;3.193
63022;45.451;3.326
63023;45.607;3.519
63024;45.597;2.606
63025;46.062;2.887
63026;45.667;2.984
63027;45.477;3.828
63028;45.498;2.639
63029;45.484;3.36
63030;46.037;3.308
63031;45.443;3.286
63032;45.75;3.087
63033;45.996;3.383
63034;45.814;3.299
63035;45.966;3.113
63036;45.51;3.217
63037;45.618;3.691
63038;45.497;2.907
63039;45.432;3.779
63040;45.725;3.323
63041;45.993;2.693
63042;45.828;3.073
63043;46.034;2.958
63044;45.724;3.427
63045;45.781;3.435
63046;45.452;3.182
63047;45.58;2.75
63048;45.657;2.563
63049;45.78;3.319
63050;45.42;3.321
63051;45.55;3.31
63052;45.467;3.267
63053;45.701;2.654
63054;45.504;3.252
63055;45.832;2.81
63056;45.6;3.464
63057;45.712;3.742
63058;45.885;3.391
63059;45.693;3.262
63060;46.064;2.647
63061;46.007;3.238
63062;46.202;2.837
63063;45.832;3.108
63064;45.85;2.474
63065;45.655;3.516
63066;45.872;3.652
63067;46.096;2.726
63069;45.718;3.194
63070;45.739;3.064
63071;45.77;2.924
63072;45.871;3.699
63073;45.581;3.181
63074;45.465;3.208
63075;45.775;3.061
63076;45.497;3.625
63077;45.56;2.869
63079;45.445;3.416
63080;45.584;3.129
63081;45.516;3.679
63082;46.062;3.094
63083;45.825;3.007
63084;45.695;3.083
63085;45.892;2.855
63086;45.63;3.629
63087;45.442;3.081
63088;45.464;3.392
63089;45.865;3.227
63090;46.03;3.17
63091;45.418;3.282
63092;45.898;2.98
63093;45.992;3.008
63094;45.983;2.644
63095;45.945;3.435
63096;45.747;3.307
63097;45.493;3.062
63098;45.512;2.754
63099;45.854;3.093
63100;46.026;2.887
63101;46.117;2.569
63102;45.973;3.553
63103;45.921;3.063
63104;45.472;3.958
63105;45.458;3.766
63106;45.744;3.278
63107;45.856;3.258
63108;45.957;3.182
63109;45.56;3.15
63110;45.808;2.715
63111;45.564;3.105
63112;45.916;3.19
63113;45.786;3.116
63114;45.435;3.215
63115;45.841;2.642
63116;45.986;3.081
63117;45.436;2.925
63118;45.862;2.566
63119;45.558;3.478
63120;45.66;3.193
63121;45.61;3.201
63122;45.512;3.046
63123;45.642;3.037
63124;45.743;3.187
63125;45.758;3.541
63126;45.689;3.133
63128;45.902;3.402
63129;45.467;2.608
63130;46.172;2.752
63131;45.86;3.344
63132;45.63;3.563
63134;45.471;3.082
63135;45.947;3.115
63136;45.686;3.533
63137;45.4;3.606
63138;45.896;3.481
63139;45.378;3.757
63140;46.197;2.893
63141;45.796;3.052
63142;45.547;3.531
63143;46.044;3.269
63144;45.421;2.823
63145;45.566;3.42
63146;45.716;3.39
63147;45.469;3.871
63148;45.896;3.216
63149;45.884;3.264
63150;45.897;3.053
63151;45.816;3.554
63152;46.034;2.711
63153;45.395;2.879
63154;45.753;3.335
63155;45.682;3.444
63156;45.453;3.367
63157;45.679;3.41
63158;45.419;3.536
63159;45.818;2.422
63160;45.572;3.294
63161;45.589;3.754
63162;45.521;3.589
63163;45.762;2.771
63164;45.828;3.155
63165;45.799;2.477
63166;45.486;3.218
63167;45.949;3.098
63168;45.751;3.386
63169;45.39;2.917
63170;45.844;2.747
63171;46.064;2.775
63172;45.583;3.047
63173;45.52;3.835
63174;45.596;3.651
63175;45.763;2.57
63176;45.721;2.721
63177;45.653;3.381
63178;45.546;3.245
63179;45.628;3.763
63180;45.868;3.304
63181;46.025;3.099
63182;45.434;3.348
63183;45.496;2.536
63184;45.992;3.594
63185;45.475;3.329
63186;45.883;2.649
63187;46.232;2.878
63188;45.671;3.268
63189;45.651;2.746
63190;45.524;2.554
63191;45.7;2.571
63192;45.544;2.708
63193;45.772;3.193
63194;45.829;3.33
63195;45.829;3.386
63196;45.976;3.446
63197;46.057;2.934
63198;45.937;3.007
63199;45.616;3.099
63200;45.838;3.226
63201;45.959;3.385
63202;45.435;3.176
63203;45.86;3.061
63204;45.811;3.191
63205;45.612;3.357
63206;45.945;2.94
63207;45.673;3.688
63208;46.078;3.034
63209;45.484;3.162
63210;45.921;3.338
63211;45.48;3.722
63212;45.873;3.083
63213;45.83;3.261
63214;45.686;3.2
63215;45.937;3.219
63216;45.704;3.426
63218;45.387;3.7
63219;45.785;2.874
63220;45.395;3.048
63221;45.408;3.818
63222;45.543;3.166
63223;46.111;2.895
63224;45.861;3.133
63225;45.612;2.534
63226;45.749;3.241
63227;45.691;3.225
63228;45.908;2.718
63229;45.778;3.353
63230;45.558;3.652
63231;45.873;3.612
63232;46.0;3.422
63233;46.18;2.802
63234;45.586;3.079
63235;46.015;3.064
63236;45.576;2.81
63237;45.939;2.586
63238;45.871;2.798
63239;45.692;3.358
63240;46.038;3.226
63241;45.625;3.204
63242;45.405;3.259
63243;46.163;2.89
63244;45.968;3.151
63245;45.892;3.085
63246;45.604;2.759
63247;45.586;2.923
63248;45.718;2.919
63249;45.799;3.507
63250;45.592;3.165
63251;46.098;2.868
63252;45.751;3.443
63253;45.918;3.463
63254;45.811;3.058
63255;45.485;3.284
63256;45.429;3.657
63257;45.746;2.87
63258;45.69;3.635
63259;45.623;3.051
63260;45.716;3.664
63261;45.571;3.269
63262;45.705;3.174
63263;45.787;2.997
63264;45.656;2.839
63265;45.86;3.439
63267;45.908;3.642
63268;45.562;3.182
63269;45.623;3.226
63270;45.531;3.287
63271;45.923;3.508
63272;45.733;3.143
63273;45.727;3.234
63274;45.672;2.776
63275;45.545;3.199
63276;45.827;3.481
63277;45.438;3.474
63278;45.923;3.158
63279;45.47;2.792
63280;45.65;3.286
63281;46.12;2.685
63282;45.62;3.148
63283;45.86;2.682
63284;45.798;3.24
63285;45.827;2.854
63286;46.094;2.974
63287;45.513;3.292
63288;45.945;3.072
63289;45.759;2.684
63290;45.882;2.922
63291;45.961;3.497
63292;45.795;2.627
63293;46.122;2.761
63294;45.973;2.837
63295;46.012;3.364
63296;45.787;3.395
63297;45.749;3.356
63298;45.742;3.71
63299;45.425;3.12
63300;45.894;3.132
63301;46.004;3.513
63302;45.714;3.138
63303;45.448;3.02
63304;46.041;2.642
63305;45.682;2.809
63306;45.714;3.223
63307;45.721;3.088
63308;45.758;3.041
63309;45.449;3.926
63310;45.821;3.623
63311;46.04;3.129
63312;45.368;3.627
63313;45.38;2.972
63314;45.578;3.607
63315;45.667;3.11
63317;45.958;3.308
63318;46.002;2.94
63319;45.556;3.896
63320;45.876;2.526
63321;45.603;3.3
63322;45.854;3.184
63323;45.437;3.596
63324;45.461;3.638
63325;45.739;3.255
63326;45.708;2.864
63327;45.928;3.116
63328;45.451;3.478
63329;46.072;2.831
63330;45.546;3.144
63331;45.501;3.936
63332;45.998;3.295
63333;45.976;3.348
63334;45.67;3.482
63335;45.54;3.009
63336;45.463;2.704
63337;45.564;3.567
63338;46.164;2.843
63339;45.817;2.58
63340;45.508;3.401
63341;45.536;3.698
63342;45.539;3.094
63343;45.711;3.51
63344;46.108;2.994
63345;45.723;2.999
63346;45.416;2.725
63347;46.063;3.212
63348;45.518;3.481
63349;45.943;2.865
63350;45.715;3.261
63351;45.724;2.553
63352;45.453;3.243
63353;45.463;3.545
63354;46.019;2.831
63355;45.67;3.613
63356;45.401;3.213
63357;45.46;3.14
63358;46.04;3.045
63359;45.808;2.665
63360;46.106;2.62
63362;45.92;3.273
63363;45.897;2.766
63364;45.815;3.446
63365;45.642;3.437
63366;45.513;3.365
63367;45.422;3.388
63368;45.69;3.311
63369;46.049;2.741
63370;45.662;2.68
63371;45.458;3.81
63372;45.898;3.293
63373;46.078;2.686
63374;45.527;3.804
63375;45.495;3.311
63376;45.417;3.449
63377;46.069;2.593
63378;45.671;3.238
63379;45.987;3.13
63380;45.592;2.998
63381;45.839;2.916
63382;46.054;3.005
63383;45.514;2.975
63384;45.677;3.755
63385;45.794;2.836
63386;45.729;2.815
63387;46.029;3.44
63388;45.972;2.749
63389;45.545;3.416
63390;46.092;3.07
63391;46.077;2.948
63392;45.51;3.325
63393;45.896;3.585
63394;45.492;3.896
63395;45.638;3.108
63396;45.664;3.074
63397;45.612;2.693
63398;45.395;3.664
63399;45.647;2.62
63400;46.049;3.396
63401;45.549;2.935
63402;45.938;3.611
63403;45.547;3.126
63404;45.575;3.226
63405;45.646;3.326
63406;45.963;3.223
63407;45.631;2.892
63408;45.99;2.803
63409;45.536;3.055
63410;45.756;2.609
63411;45.59;3.208
63412;45.393;3.865
63413;45.642;3.165
63414;45.719;3.557
63415;45.563;3.372
63416;45.58;2.497
63417;45.839;3.034
63418;45.764;3.486
63419;46.138;2.932
63420;45.806;3.336
63421;45.56;2.552
63422;45.523;3.185
63423;45.6;3.412
63424;45.94;3.259
63425;45.662;3.134
63426;45.564;2.627
63427;45.962;3.052
63428;46.102;2.816
63429;45.481;3.128
63430;45.862;3.54
63431;45.582;3.694
63432;45.974;3.262
63433;45.727;2.66
63434;45.674;3.576
63435;45.521;3.118
63436;45.901;2.594
63437;45.486;2.564
63438;45.719;3.473
63439;45.527;3.343
63440;45.474;2.998
63441;45.602;3.821
63442;45.431;3.422
63443;45.94;3.186
63444;45.535;3.324
63445;45.76;3.312
63446;46.054;3.166
63447;46.024;2.622
63448;45.478;3.454
63449;45.616;2.94
63450;45.755;2.52
63451;45.667;2.878
63452;45.568;3.036
63453;45.775;3.284
63454;45.654;3.738
63455;45.673;3.164
63456;45.424;3.241
63457;45.644;3.24
63458;45.478;3.188
63459;46.019;3.329
63460;45.919;2.645
63461;45.928;3.416
63462;46.155;2.702
63463;45.829;3.69
63464;45.979;2.895
63465;45.432;3.882
63466;45.504;3.135
63467;45.806;2.54
63468;45.783;3.688
63469;45.784;3.611
63470;45.868;3.019
63471;46.141;2.804
63472;45.61;3.253
63473;45.934;3.092
64001;43.291;-0.082
64002;43.387;-0.175
64003;43.395;-0.628
64004;43.417;-0.998
64005;43.354;-0.551
64006;42.94;-0.579
64007;43.154;-0.629
64008;43.144;-1.164
64009;43.404;-1.571
64010;43.354;-1.016
64011;43.134;-1.198
64012;43.255;-0.936
64013;43.214;-1.16
64014;43.297;-1.485
64015;43.087;-0.976
64016;43.092;-1.435
64017;43.113;-0.878
64018;43.344;-1.044
64019;43.363;-1.124
64021;43.3;-0.223
64022;43.4;-0.889
64023;43.239;-0.247
64024;43.492;-1.516
64025;43.293;-0.812
64026;43.146;-1.301
64027;43.398;-0.289
64028;43.396;-0.136
64029;43.132;-0.724
64031;43.444;-1.053
64032;43.351;-0.83
64033;43.341;-0.819
64034;43.341;-0.992
64035;43.422;-1.549
64036;43.372;-0.99
64037;43.324;-0.506
64038;43.426;-1.517
64039;43.248;-0.726
64040;43.04;-0.736
64041;43.278;-0.328
64042;43.462;-0.676
64043;43.449;-0.346
64044;43.545;-0.532
64045;43.255;-1.024
64046;43.3;-1.162
64047;43.086;-1.276
64048;43.459;-0.533
64049;43.308;-0.928
64050;43.286;-0.85
64051;43.42;-1.113
64052;43.502;-0.142
64053;43.313;-0.162
64054;43.182;-0.295
64056;43.547;-0.111
64057;43.466;-0.62
64058;43.089;-0.253
64059;43.272;-0.244
64060;43.314;-0.473
64061;43.398;-0.574
64062;43.1;-0.474
64063;43.541;-0.425
64064;43.118;-0.63
64065;43.34;-1.631
64066;43.183;-1.263
64067;43.258;-0.288
64068;43.093;-0.249
64069;43.03;-0.398
64070;43.437;-0.322
64071;43.413;-0.965
64072;43.272;-0.481
64073;43.436;-0.422
64074;43.576;-0.141
64075;43.373;-0.78
64077;43.477;-0.379
64078;43.454;-0.32
64079;43.531;-0.131
64080;43.358;-0.479
64081;43.129;-0.979
64082;43.466;-1.009
64083;43.396;-0.978
64084;43.571;-0.113
64085;42.999;-0.519
64086;43.379;-1.245
64087;43.525;-0.846
64088;43.491;-0.693
64089;43.376;-0.136
64090;43.541;-0.25
64091;43.228;-0.308
64092;43.1;-1.372
64093;43.177;-0.795
64094;43.468;-1.223
64095;43.404;-0.27
64096;43.383;-0.901
64097;43.215;-0.134
64098;43.453;-0.076
64099;43.353;-0.752
64100;43.444;-1.496
64101;43.206;-0.259
64102;43.492;-1.466
64103;43.346;-0.098
64104;43.006;-0.588
64105;43.351;-1.098
64106;43.319;-1.008
64107;43.12;-1.085
64108;43.509;-0.921
64109;43.195;-0.19
64110;42.98;-0.33
64111;43.396;-0.062
64112;43.493;-0.868
64113;43.425;-1.062
64114;43.377;-0.282
64115;43.25;-0.863
64116;43.13;-0.424
64117;43.374;-0.569
64118;43.518;-0.054
64119;43.222;-0.229
64120;43.311;-1.097
64121;43.372;-0.465
64122;43.47;-1.553
64123;43.464;-1.145
64124;43.272;-1.354
64125;43.438;-1.58
64126;43.175;-0.605
64127;43.044;-0.467
64128;43.066;-0.483
64129;43.304;-0.394
64130;43.324;-1.73
64131;43.463;-0.741
64132;43.292;-0.337
64133;43.228;-0.251
64134;43.367;-1.268
64135;43.55;-0.766
64136;42.858;-0.588
64137;43.205;-0.213
64138;43.244;-0.273
64139;43.201;-0.358
64140;43.525;-1.48
64141;43.539;-0.315
64142;43.392;-0.469
64143;43.495;-0.508
64144;43.442;-0.514
64145;43.194;-0.27
64146;43.439;-0.395
64147;43.456;-1.325
64148;43.125;-0.304
64149;43.369;-0.754
64150;43.207;-1.064
64151;43.418;-0.907
64152;43.346;-0.316
64153;43.513;-0.209
64154;43.169;-1.147
64155;43.187;-1.185
64156;43.144;-0.476
64157;43.141;-0.446
64158;43.54;-0.464
64159;43.524;-0.155
64160;43.362;-1.385
64161;43.481;-1.092
64162;43.119;-0.922
64165;43.263;-0.593
64166;43.149;-1.221
64167;43.479;-0.278
64168;43.487;-0.999
64170;43.456;-0.974
64171;43.424;-0.528
64172;43.525;-0.558
64173;43.374;-0.011
64174;43.406;-0.035
64175;43.055;-0.373
64176;43.397;-0.792
64177;43.476;-0.719
64178;43.323;-0.797
64179;43.44;-0.73
64180;43.563;-0.228
64181;43.465;-0.575
64182;43.483;-0.13
64183;43.418;-0.403
64184;43.412;-0.504
64185;42.936;-0.569
64186;43.311;-0.855
64187;43.295;-0.897
64188;43.23;-0.822
64189;43.375;-1.661
64190;43.506;-0.293
64191;43.168;-0.21
64192;43.546;-0.169
64193;43.476;-0.09
64194;43.452;-0.229
64195;43.538;-0.364
64196;43.531;-0.082
64197;43.31;-0.553
64198;43.371;-0.5
64199;43.567;-0.171
64200;43.455;-0.553
64201;43.289;-0.733
64202;43.327;-0.966
64203;43.445;-0.377
64204;42.952;-0.358
64205;43.443;-1.006
64206;43.078;-0.565
64207;43.184;-0.529
64208;43.418;-0.243
64209;43.188;-0.554
64210;43.466;-0.123
64211;43.3;-0.141
64212;43.316;-0.195
64213;43.324;-1.452
64214;43.275;-0.89
64215;43.354;-0.915
64216;43.252;-0.155
64217;43.186;-0.724
64218;43.082;-1.182
64219;43.221;-0.552
64220;43.213;-0.606
64221;43.332;-0.928
64222;43.067;-0.904
64223;42.897;-0.528
64224;43.137;-0.584
64225;43.168;-0.697
64226;43.486;-0.439
64227;43.357;-0.216
64228;43.376;-1.031
64229;43.195;-1.13
64230;43.209;-0.41
64231;43.219;-0.924
64232;43.51;-0.335
64233;43.56;-0.272
64234;43.507;-0.482
64235;43.339;-1.059
64236;43.485;-0.166
64237;43.256;-0.37
64238;43.254;-0.059
64239;43.409;-0.171
64240;43.022;-0.447
64241;43.222;-0.71
64242;43.353;-0.882
64243;43.481;-0.523
64244;43.238;-0.731
64245;43.218;-0.576
64246;43.248;-0.197
64247;43.192;-0.889
64249;43.422;-1.61
64250;43.51;-1.208
64251;43.384;-0.947
64252;43.158;-0.599
64253;43.277;-0.759
64254;43.511;-0.613
64255;43.385;-1.411
64256;43.398;-1.326
64257;43.169;-0.328
64258;43.061;-0.838
64259;43.306;-1.246
64260;43.366;-1.764
64261;43.16;-0.546
64262;43.379;-0.251
64263;43.441;-0.853
64264;43.256;-0.77
64265;43.148;-1.075
64266;43.223;-0.173
64267;43.193;-1.098
64268;43.174;-0.923
64269;43.298;-0.306
64270;43.153;-0.232
64271;43.274;-1.177
64272;43.402;-1.032
64273;43.262;-1.236
64274;43.185;-1.289
64275;43.183;-1.24
64276;43.09;-0.658
64277;43.37;-1.204
64279;43.31;-1.405
64280;43.084;-0.444
64281;43.314;-0.734
64282;43.407;-1.412
64283;43.204;-1.208
64284;43.27;-0.407
64285;43.231;-1.041
64286;43.456;-0.771
64287;43.386;-0.854
64288;43.376;-0.54
64289;43.418;-1.232
64290;43.391;-0.527
64291;43.454;-1.036
64292;43.183;-0.15
64293;43.417;-0.014
64294;43.39;-1.064
64295;43.542;-0.632
64296;43.526;-0.655
64297;43.188;-1.162
64298;43.071;-0.95
64299;43.276;-0.509
64300;43.422;-0.612
64301;43.383;-0.667
64302;43.212;-0.221
64303;43.096;-0.849
64304;43.484;-1.396
64305;43.521;-0.968
64306;43.352;-0.63
64307;43.481;-0.189
64308;43.489;-0.317
64309;43.385;-0.03
64310;43.073;-0.784
64311;43.482;-0.217
64312;43.46;-0.828
64313;43.258;-1.128
64314;43.225;-1.099
64315;43.297;-0.437
64316;43.01;-0.972
64317;43.37;-1.443
64318;43.473;-0.471
64319;43.29;-1.003
64320;42.892;-0.42
64321;43.434;-0.292
64322;43.136;-1.283
64323;43.512;-0.08
64324;43.214;-0.483
64325;43.183;-0.448
64326;43.294;-0.709
64327;43.068;-1.125
64328;43.232;-0.611
64329;43.291;-0.287
64330;42.971;-0.668
64331;43.452;-0.105
64332;43.496;-0.36
64334;43.504;-1.05
64335;43.34;-0.428
64336;42.918;-0.677
64337;43.469;-0.155
64338;43.36;-0.155
64339;43.122;-0.214
64340;43.093;-0.881
64341;43.309;-0.881
64342;43.055;-0.879
64343;43.278;-0.183
64344;43.233;-0.128
64345;43.271;-0.966
64346;43.329;-0.133
64347;43.471;-0.42
64348;43.321;-0.402
64349;43.421;-0.757
64350;43.312;-1.348
64351;43.042;-0.656
64352;43.286;-0.16
64353;43.073;-0.337
64354;43.014;-0.333
64355;43.505;-0.445
64356;43.427;-0.073
64357;43.404;-0.085
64358;43.232;-0.194
64359;43.298;-0.648
64360;43.108;-0.603
64361;43.442;-0.199
64362;43.349;-1.073
64363;43.134;-0.347
64364;43.322;-1.324
64365;43.57;-0.47
64366;43.54;-0.218
64367;43.427;-0.699
64368;43.392;-1.087
64369;43.425;-0.148
64370;43.357;-0.285
64371;43.217;-0.883
64372;43.378;-0.078
64373;43.273;-0.355
64374;43.443;-0.479
64375;43.331;-1.151
64376;43.27;-0.308
64377;43.338;-1.286
64378;43.169;-0.886
64379;43.083;-1.082
64380;43.512;-0.383
64381;43.339;-0.75
64382;43.494;-0.652
64383;43.5;-0.409
64385;43.468;-0.302
64386;43.193;-0.251
64387;43.444;-0.443
64388;43.388;-0.103
64389;43.413;-0.203
64390;43.48;-0.054
64391;43.266;-0.828
64392;43.581;-0.223
64393;43.291;-0.562
64394;43.501;-0.064
64395;43.436;-0.013
64396;43.427;-0.659
64397;43.549;-0.501
64398;43.346;-0.013
64399;43.365;-0.35
64400;43.133;-0.181
64401;43.554;-0.149
64403;43.369;-0.864
64404;43.1;-0.81
64405;43.335;-0.268
64406;43.509;-0.542
64407;43.458;-1.405
64408;43.492;-0.254
64409;43.211;-0.662
64410;43.374;-0.618
64411;43.187;-0.995
64412;43.332;-0.889
64413;43.242;-0.321
64414;43.384;-0.825
64415;43.415;-0.342
64416;43.329;-0.736
64417;43.176;-0.263
64418;43.371;-0.6
64419;43.265;-0.219
64420;43.318;-0.698
64421;43.156;-0.504
64422;43.156;-0.588
64423;43.435;-0.966
64424;43.19;-0.964
64425;43.405;-1.165
64426;43.226;-0.676
64427;43.421;-0.863
64428;43.405;-0.85
64429;43.29;-1.064
64430;43.494;-0.78
64431;43.389;-0.614
64432;43.138;-0.907
64433;43.01;-0.67
64434;43.376;-0.808
64435;43.372;-0.953
64436;43.242;-1.275
64437;43.26;-1.068
64438;43.327;-0.228
64439;43.279;-0.267
64440;43.434;-0.808
64441;43.225;-1.0
64442;43.333;-0.55
64443;43.367;-0.586
64444;43.214;-0.311
64445;43.32;-0.35
64446;43.419;-0.102
64447;43.528;-0.505
64448;43.356;-0.457
64449;43.247;-0.663
64450;43.486;-0.553
64451;43.33;-0.05
64452;43.306;-0.055
64453;43.198;-0.104
64454;43.363;-0.057
64455;43.578;-0.187
64456;43.524;-0.356
64457;43.554;-0.378
64458;43.258;-0.732
64459;43.28;-0.706
64460;43.196;-0.573
64461;43.536;-0.904
64462;43.525;-0.88
64463;43.156;-0.395
64464;43.522;-0.276
64465;43.401;-0.232
64466;43.343;-0.86
64467;43.248;-0.339
64468;43.186;-0.841
64469;43.204;-0.3
64470;43.408;-0.307
64471;43.529;-0.806
64472;43.374;-0.31
64473;43.11;-0.382
64474;43.473;-1.023
64475;42.994;-0.84
64476;43.329;-1.216
64477;43.179;-1.351
64478;43.27;-0.448
64479;43.551;-0.824
64480;43.371;-0.923
64481;43.231;-0.725
64482;43.362;-0.253
64483;43.395;-1.631
64484;43.171;-1.207
64485;43.159;-1.235
64486;43.528;-0.185
64487;43.168;-1.048
64488;43.383;-0.205
64489;43.343;-1.184
64490;43.228;-1.316
64491;43.535;-0.587
64492;43.089;-1.234
64493;43.315;-1.038
64494;43.491;-1.039
64495;43.356;-1.555
64496;43.463;-1.442
64498;43.161;-0.16
64499;43.468;-0.918
64500;43.486;-0.839
64501;43.521;-0.719
64502;43.528;-1.168
64503;43.434;-0.12
64504;43.296;-1.586
64505;43.455;-0.716
64506;43.045;-0.576
64507;43.311;-0.112
64508;43.266;-0.669
64509;43.158;-0.873
64510;43.541;-0.676
64511;43.393;-0.389
64512;43.391;-0.716
64513;43.412;-0.932
64514;43.48;-0.398
64515;43.356;-0.12
64516;43.34;-0.18
64517;43.504;-0.107
64518;43.302;-0.266
64519;43.38;-0.367
64520;43.323;-0.262
64521;43.417;-0.558
64522;43.138;-0.386
64523;43.452;-0.26
64524;43.447;-0.167
64525;43.343;-0.49
64526;43.262;-0.193
64527;43.344;-1.488
64528;43.234;-1.194
64529;43.291;-0.782
64530;43.312;-0.781
64531;43.361;-0.89
64532;43.547;-0.193
64533;43.128;-0.84
64534;43.512;-0.245
64535;43.356;-0.532
64536;43.475;-0.345
64537;43.14;-0.866
64538;43.129;-1.251
64539;43.274;-1.018
64540;43.485;-1.35
64542;42.835;-0.535
64543;43.059;-1.405
64544;43.34;-0.151
64545;43.35;-1.697
64546;43.483;-1.283
64547;43.402;-1.475
64548;43.472;-0.502
64549;43.396;-0.433
64550;43.261;-0.349
64551;43.232;-0.642
64552;43.509;-0.179
64554;43.412;-0.477
64555;43.337;-0.807
64556;43.356;-0.702
64557;43.523;-0.41
64558;43.442;-1.448
64559;43.248;-0.897
64560;43.462;-0.375
65001;42.975;-0.076
65002;43.142;-0.026
65003;42.802;0.39
65004;43.04;-0.075
65005;43.18;0.127
65006;42.899;0.284
65007;43.316;0.066
65009;43.076;0.464
65010;43.199;0.162
65011;43.084;0.004
65012;43.005;0.592
65013;43.432;0.11
65014;42.992;0.584
65015;43.332;0.29
65016;43.12;0.135
65017;42.784;0.178
65018;42.98;-0.274
65019;43.15;0.091
65020;43.096;0.015
65021;42.959;-0.119
65022;42.996;-0.161
65023;42.928;0.414
65024;43.092;0.197
65025;43.006;-0.096
65026;43.276;0.53
65028;43.181;0.493
65029;42.968;-0.144
65031;42.914;0.338
65032;42.91;-0.26
65033;43.07;0.041
65034;43.031;0.281
65035;43.407;0.083
65036;42.978;-0.041
65037;43.126;0.246
65038;43.073;-0.002
65039;42.936;0.327
65040;43.075;-0.049
65041;43.025;0.253
65042;43.017;0.216
65043;43.097;0.072
65044;43.27;0.25
65045;42.986;-0.201
65046;42.857;0.263
65047;43.25;0.104
65048;43.306;0.096
65049;43.499;0.088
65050;42.848;0.402
65051;43.062;0.524
65052;43.136;-0.003
65053;43.009;0.564
65054;43.065;0.335
65055;43.001;-0.068
65056;43.023;-0.092
65057;43.208;-0.024
65058;42.779;0.36
65059;42.976;0.133
65060;43.039;0.228
65061;43.429;0.126
65062;43.202;0.13
65063;43.164;0.144
65064;42.891;0.437
65065;43.15;-0.096
65066;42.91;0.326
65067;43.139;0.02
65068;43.287;0.477
65069;43.08;0.383
65070;43.133;-0.055
65071;43.06;0.284
65072;43.291;0.076
65073;43.36;0.111
65074;43.222;0.548
65075;42.856;0.346
65076;43.031;0.387
65077;42.952;0.023
65078;42.993;0.138
65079;43.16;0.32
65080;43.153;0.03
65081;43.097;0.28
65082;43.035;-0.033
65083;43.17;0.11
65084;43.155;0.128
65085;43.351;0.318
65086;43.212;0.295
65087;42.999;0.617
65088;43.29;0.573
65089;42.86;0.065
65090;43.272;0.457
65091;43.08;0.219
65092;42.956;0.338
65093;43.035;0.462
65094;43.064;0.44
65095;43.244;0.345
65096;43.108;0.251
65097;43.193;0.381
65098;43.019;-0.073
65099;42.868;0.417
65100;43.266;0.042
65101;43.198;0.215
65102;43.336;0.262
65103;43.309;0.192
65104;43.254;0.135
65105;43.086;0.257
65106;42.832;0.342
65107;43.105;0.003
65108;43.276;0.091
65109;42.978;0.56
65110;43.255;0.311
65111;43.043;0.28
65112;42.97;-0.163
65113;43.188;0.318
65114;43.447;0.148
65115;43.273;0.226
65116;42.894;0.335
65117;42.811;0.295
65118;43.145;0.313
65119;43.409;0.02
65120;43.204;0.164
65121;43.359;0.08
65123;42.962;0.217
65124;42.832;0.358
65125;43.145;0.375
65126;43.279;0.434
65127;43.107;0.332
65128;43.182;0.356
65129;43.295;0.515
65130;43.58;-0.028
65131;43.281;0.201
65132;43.172;0.292
65133;43.322;0.155
65134;43.315;0.583
65135;43.094;0.222
65136;43.243;0.469
65137;43.516;0.01
65138;42.852;-0.126
65139;42.951;0.589
65140;42.888;0.383
65141;42.843;0.434
65142;43.298;0.239
65143;43.143;0.249
65144;43.056;0.03
65145;42.921;-0.022
65146;43.298;0.114
65147;43.122;0.213
65148;43.263;0.489
65149;43.219;0.252
65150;43.154;0.412
65151;43.29;0.168
65153;43.244;0.204
65154;43.001;0.57
65155;43.276;0.55
65156;43.307;0.133
65157;42.797;0.335
65158;42.931;0.575
65159;43.088;0.411
65160;43.346;-0.077
65161;43.346;0.133
65162;43.071;0.231
65163;43.06;0.262
65164;43.107;0.029
65165;43.011;0.306
65166;43.062;0.302
65167;43.079;0.241
65168;42.881;-0.007
65169;42.881;-0.206
65170;43.376;0.286
65171;42.821;0.415
65172;42.816;0.345
65173;42.872;0.011
65174;43.499;0.029
65175;42.921;0.5
65176;43.013;-0.24
65177;43.342;0.369
65178;43.365;0.261
65179;43.061;0.234
65180;42.927;0.38
65181;43.176;0.162
65182;42.994;-0.181
65183;43.223;0.404
65184;43.187;0.407
65185;43.283;-0.106
65186;42.998;0.56
65187;43.223;0.478
65189;43.305;0.049
65190;43.03;0.422
65191;43.001;0.024
65192;42.767;0.042
65193;42.989;0.575
65194;43.026;0.517
65195;42.752;0.392
65196;43.434;0.091
65197;43.053;-0.041
65198;43.059;0.178
65199;42.776;0.441
65200;43.039;0.06
65201;43.04;-0.052
65202;43.013;-0.121
65203;43.088;0.025
65204;43.234;0.21
65205;42.857;0.373
65206;43.245;0.237
65207;43.138;0.268
65208;42.831;0.372
65209;42.872;0.353
65210;42.89;-0.059
65211;42.847;0.348
65212;42.857;0.322
65213;43.323;0.453
65214;43.285;0.455
65215;43.518;-0.028
65216;43.099;0.163
65217;43.058;0.457
65218;43.0;0.374
65219;43.55;-0.002
65220;43.165;0.038
65221;43.136;0.096
65222;43.152;0.163
65223;43.189;0.08
65224;43.155;0.353
65225;43.25;0.176
65226;43.241;0.0
65228;42.964;0.396
65229;42.996;0.602
65230;43.016;0.603
65231;43.058;0.377
65232;43.321;0.216
65233;43.075;-0.017
65234;42.912;0.407
65235;43.2;0.023
65236;43.119;-0.002
65237;43.053;0.001
65238;43.061;0.09
65239;43.036;0.352
65240;43.526;0.034
65241;43.034;0.295
65242;43.356;0.154
65243;43.449;0.077
65244;43.304;0.021
65245;43.129;0.349
65247;43.093;0.045
65248;43.456;-0.014
65249;43.274;0.581
65250;43.312;0.336
65251;43.209;0.076
65252;43.164;-0.101
65253;43.277;0.295
65254;43.332;0.231
65255;42.882;0.368
65256;43.166;0.273
65257;43.163;0.002
65258;43.117;0.394
65259;43.221;0.172
65260;43.325;0.331
65261;43.234;0.473
65262;43.441;0.016
65263;43.314;0.488
65264;43.498;-0.028
65265;43.23;0.166
65266;43.21;0.486
65267;42.993;-0.089
65268;43.137;0.05
65269;43.337;0.157
65270;43.212;0.172
65271;43.099;-0.007
65272;43.202;0.195
65273;43.415;0.101
65274;43.249;0.392
65275;43.062;0.204
65276;43.259;0.146
65277;43.052;0.51
65278;43.047;0.303
65279;43.04;0.374
65280;43.139;-0.083
65281;43.118;0.07
65282;42.73;0.433
65283;42.802;0.44
65284;43.179;0.02
65285;43.301;0.161
65286;43.107;-0.077
65287;43.027;0.604
65288;43.316;0.298
65289;43.296;0.294
65290;43.149;0.182
65291;43.064;-0.039
65292;43.26;-0.118
65293;43.269;0.34
65294;43.134;0.327
65295;42.832;0.016
65296;43.552;-0.057
65297;43.341;0.193
65298;43.259;0.208
65299;43.33;0.085
65300;43.053;0.221
65301;43.301;0.213
65303;43.192;0.174
65304;43.469;0.044
65305;42.95;0.577
65306;43.121;0.281
65307;43.076;0.54
65308;43.355;0.287
65309;43.028;0.402
65310;43.1;0.179
65311;43.374;0.171
65313;43.174;0.081
65314;43.454;0.121
65315;43.236;0.517
65316;43.198;0.469
65317;42.821;0.444
65318;43.214;0.347
65319;43.05;0.499
65320;43.123;0.111
65321;43.182;0.15
65322;43.063;0.413
65323;43.049;0.438
65324;43.226;0.251
65325;43.359;0.244
65326;43.28;0.271
65327;43.06;0.478
65328;43.075;0.071
65329;42.99;0.463
65330;43.427;0.042
65331;43.194;0.056
65332;43.272;0.141
65333;43.161;0.197
65334;43.08;-0.094
65335;43.107;0.141
65336;43.276;0.48
65337;43.234;0.294
65338;43.126;0.169
65339;43.124;0.041
65340;43.276;0.117
65341;43.295;-0.023
65342;43.308;0.264
65343;43.064;-0.076
65344;43.179;-0.043
65345;43.08;0.057
65346;43.175;0.182
65347;42.966;0.544
65348;43.04;0.028
65349;43.032;-0.014
65350;43.286;0.036
65351;43.046;-0.015
65352;43.037;-0.104
65353;43.169;0.254
65354;42.912;0.368
65355;43.115;0.02
65356;43.146;0.296
65357;43.203;0.256
65358;43.321;0.512
65359;43.252;0.262
65360;43.109;-0.116
65361;43.33;0.192
65362;42.962;-0.075
65363;43.117;0.441
65364;43.285;-0.005
65366;43.119;-0.081
65367;43.156;0.216
65368;43.263;0.558
65369;43.268;0.171
65370;43.081;0.13
65371;42.992;-0.071
65372;43.342;0.064
65373;43.303;0.461
65374;43.29;0.401
65375;43.386;0.156
65376;43.201;0.435
65377;43.165;0.453
65378;43.147;0.273
65379;42.886;0.403
65380;43.285;0.145
65381;43.238;0.439
65382;42.986;0.53
65383;43.318;0.411
65384;42.811;0.33
65385;43.045;0.403
65386;43.061;-0.023
65387;43.586;-0.07
65388;42.759;0.286
65389;43.092;0.481
65390;43.359;0.031
65391;42.969;0.629
65392;43.165;0.065
65393;43.016;-0.043
65394;43.086;0.51
65395;43.084;-0.158
65396;42.975;-0.092
65397;43.352;0.226
65398;42.955;0.63
65399;42.902;-0.014
65400;43.03;-0.171
65401;43.187;0.102
65402;42.985;0.6
65403;43.378;0.004
65404;43.309;0.554
65405;43.075;0.28
65406;43.319;0.088
65407;43.017;0.58
65408;42.96;0.412
65409;43.388;0.118
65410;43.232;0.13
65411;42.877;-0.017
65412;43.477;0.106
65413;42.856;-0.043
65414;43.41;0.13
65415;43.06;-0.109
65416;42.996;0.5
65417;43.225;0.109
65418;43.358;0.188
65419;43.266;0.378
65420;43.02;-0.128
65421;43.067;0.015
65422;43.323;-0.092
65423;43.259;0.287
65424;42.913;0.077
65425;43.322;0.036
65426;43.22;0.212
65427;42.97;0.615
65428;42.966;-0.155
65429;43.481;0.0
65430;43.312;0.16
65431;42.897;0.555
65432;43.533;-0.026
65433;43.206;0.1
65435;42.95;-0.073
65436;43.241;0.166
65437;43.182;0.452
65438;43.334;0.037
65439;43.317;-0.008
65440;43.235;0.066
65441;42.957;0.603
65442;43.298;0.603
65443;43.257;0.241
65444;43.052;0.549
65445;43.085;0.31
65446;43.33;0.111
65447;43.186;0.248
65448;43.285;0.358
65449;43.25;0.42
65450;42.754;0.251
65451;43.095;0.107
65452;43.318;0.366
65453;42.975;0.582
65454;43.32;0.248
65455;43.084;0.442
65456;43.14;0.439
65457;43.342;0.104
65458;42.958;-0.091
65459;43.077;0.193
65460;43.391;0.056
65461;43.298;0.332
65462;43.44;-0.046
65463;42.871;0.025
65464;43.143;0.128
65465;42.849;0.208
65466;42.834;0.396
65467;42.993;-0.031
65468;43.255;0.448
65469;42.892;0.017
65470;43.059;-0.057
65471;42.819;0.285
65472;43.502;-0.004
65473;42.942;-0.017
65474;43.28;0.319
65475;43.253;0.556
65476;43.366;-0.094
65477;43.339;0.088
65478;42.917;-0.053
65479;43.139;0.068
65481;42.878;0.114
65482;43.102;0.446
66001;42.476;2.896
66002;42.641;2.982
66003;42.444;2.683
66004;42.58;2.053
66005;42.564;1.951
66006;42.763;2.521
66007;42.666;2.493
66008;42.535;3.024
66009;42.45;2.626
66010;42.553;2.183
66011;42.607;2.889
66012;42.706;2.821
66013;42.564;2.522
66014;42.745;2.806
66015;42.565;2.866
66016;42.462;3.1
66017;42.813;3.028
66018;42.537;2.572
66019;42.721;2.624
66020;42.522;2.065
66021;42.729;2.942
66022;42.588;2.592
66023;42.644;2.588
66024;42.526;2.832
66025;42.438;1.961
66026;42.575;2.895
66027;42.502;2.107
66028;42.679;2.946
66029;42.6;2.662
66030;42.748;2.756
66032;42.552;2.672
66033;42.64;2.689
66034;42.643;2.384
66035;42.695;2.452
66036;42.534;2.224
66037;42.684;3.012
66038;42.652;2.835
66039;42.737;2.56
66040;42.618;2.614
66041;42.787;2.778
66042;42.744;2.624
66043;42.506;2.42
66044;42.619;2.709
66045;42.64;2.423
66046;42.82;2.378
66047;42.564;2.143
66048;42.444;3.148
66049;42.474;2.753
66050;42.764;2.945
66051;42.584;2.451
66052;42.6;2.416
66053;42.513;3.072
66054;42.617;2.339
66055;42.651;2.662
66056;42.66;2.682
66057;42.576;2.383
66058;42.71;2.726
66059;42.623;2.951
66060;42.483;2.541
66061;42.356;2.638
66062;42.514;1.927
66063;42.485;2.844
66064;42.501;2.017
66065;42.601;2.971
66066;42.496;1.893
66067;42.41;2.066
66068;42.535;2.319
66069;42.796;2.822
66070;42.619;2.494
66071;42.768;2.708
66072;42.475;2.009
66073;42.568;2.482
66074;42.658;2.447
66075;42.455;2.109
66076;42.761;2.488
66077;42.782;2.374
66078;42.558;2.422
66079;42.604;2.516
66080;42.463;2.195
66081;42.643;2.053
66082;42.621;2.054
66083;42.786;2.433
66084;42.585;2.777
66085;42.564;2.356
66086;42.594;2.555
66088;42.677;2.616
66089;42.616;2.526
66090;42.584;2.284
66091;42.358;2.52
66092;42.768;2.565
66093;42.512;2.933
66094;42.604;3.005
66095;42.474;1.872
66096;42.77;2.652
66097;42.794;2.545
66098;42.537;2.095
66099;42.546;2.744
66100;42.434;2.09
66101;42.626;2.783
66102;42.453;2.295
66103;42.638;2.484
66104;42.616;2.461
66105;42.577;2.116
66106;42.46;2.801
66107;42.815;2.613
66108;42.699;2.69
66109;42.664;2.396
66111;42.7;2.566
66112;42.577;2.724
66113;42.491;2.632
66114;42.616;2.922
66115;42.518;2.874
66116;42.444;2.564
66117;42.51;2.12
66118;42.741;2.688
66119;42.674;2.304
66120;42.424;1.998
66121;42.696;2.658
66122;42.629;2.261
66123;42.501;2.274
66124;42.513;2.027
66125;42.596;2.243
66126;42.534;2.71
66127;42.88;2.858
66128;42.576;2.222
66129;42.584;2.921
66130;42.395;1.998
66132;42.386;1.98
66133;42.569;2.958
66134;42.565;2.805
66136;42.697;2.899
66137;42.466;2.858
66138;42.748;2.846
66139;42.736;2.489
66140;42.705;2.764
66141;42.749;2.915
66142;42.473;2.146
66143;42.774;2.622
66144;42.638;2.873
66145;42.633;2.826
66146;42.516;1.792
66147;42.555;1.836
66148;42.503;3.105
66149;42.614;2.431
66150;42.42;2.441
66151;42.743;2.459
66152;42.827;2.436
66153;42.566;2.633
66154;42.655;2.105
66155;42.473;2.36
66156;42.727;2.371
66157;42.59;2.159
66158;42.774;2.595
66159;42.641;2.146
66160;42.476;2.706
66161;42.613;2.389
66162;42.628;2.538
66164;42.779;2.877
66165;42.656;2.55
66166;42.524;2.359
66167;42.459;2.04
66168;42.552;2.98
66169;42.777;2.536
66170;42.615;2.74
66171;42.622;3.016
66172;42.715;2.846
66173;42.676;2.718
66174;42.673;2.748
66175;42.55;2.92
66176;42.807;2.974
66177;42.586;2.865
66178;42.516;2.794
66179;42.397;2.621
66180;42.794;3.002
66181;42.434;2.008
66182;42.726;3.017
66183;42.528;2.614
66184;42.785;2.479
66185;42.644;2.625
66186;42.662;2.987
66187;42.821;2.507
66188;42.48;2.118
66189;42.657;2.949
66190;42.837;2.916
66191;42.619;2.181
66192;42.516;2.149
66193;42.576;2.322
66194;42.382;2.557
66195;42.678;2.796
66196;42.5;2.98
66197;42.548;2.284
66198;42.715;2.414
66199;42.517;2.679
66201;42.685;2.511
66202;42.503;1.989
66203;42.514;2.618
66204;42.559;2.442
66205;42.814;2.72
66206;42.442;2.514
66207;42.603;2.76
66208;42.64;2.946
66209;42.504;2.23
66210;42.643;2.759
66211;42.566;2.76
66212;42.753;3.009
66213;42.67;2.824
66214;42.556;2.838
66215;42.71;2.509
66216;42.739;2.521
66217;42.606;2.82
66218;42.462;1.942
66219;42.643;2.3
66220;42.38;2.043
66221;42.522;2.514
66222;42.538;2.416
66223;42.596;2.36
66224;42.726;2.978
66225;42.524;2.9
66226;42.593;2.848
66227;42.64;2.91
66228;42.705;2.799
66230;42.643;2.523
66231;42.858;2.791
66232;42.763;2.394
66233;42.529;2.767
66234;42.764;2.444
67001;48.58;7.625
67002;48.906;7.202
67003;48.362;7.336
67004;48.654;7.367
67005;48.794;7.596
67006;48.72;7.462
67008;48.525;7.539
67009;48.916;6.98
67010;48.391;7.385
67011;48.208;7.6
67012;48.942;7.98
67013;48.881;7.224
67016;48.561;7.494
67017;48.831;7.09
67018;48.582;7.404
67019;48.244;7.536
67020;48.467;7.243
67021;48.415;7.399
67022;48.336;7.278
67023;48.782;7.71
67025;48.854;8.092
67026;48.395;7.235
67027;48.41;7.254
67028;48.366;7.602
67029;48.893;7.145
67030;48.577;7.451
67031;48.447;7.454
67032;48.37;7.407
67033;48.753;7.685
67034;48.682;7.632
67035;48.793;7.68
67036;48.888;7.175
67037;48.9;7.791
67038;48.72;7.783
67039;48.71;7.663
67040;48.287;7.614
67043;48.622;7.759
67044;48.891;7.531
67045;48.486;7.526
67046;48.758;7.86
67047;48.946;7.018
67048;48.863;7.624
67049;48.502;7.609
67050;48.407;7.196
67051;48.345;7.415
67052;48.466;7.375
67053;48.226;7.562
67054;48.425;7.604
67055;48.334;7.678
67056;48.193;7.59
67057;48.806;7.509
67058;48.782;7.567
67059;48.359;7.144
67060;48.419;7.489
67061;48.817;7.465
67062;48.316;7.279
67063;48.374;7.287
67065;48.578;7.599
67066;48.46;7.173
67067;48.72;7.717
67068;48.822;7.562
67069;48.917;8.016
67070;48.898;7.112
67071;48.834;7.235
67072;48.971;7.244
67073;48.28;7.386
67074;48.995;7.886
67075;49.016;7.85
67076;48.392;7.174
67077;48.609;7.362
67078;48.66;7.423
67079;48.932;8.038
67080;48.554;7.54
67081;48.588;7.516
67082;48.771;7.992
67083;49.009;7.641
67084;48.323;7.427
67085;48.565;7.457
67086;48.352;7.729
67087;48.834;7.666
67088;48.985;7.181
67089;48.761;7.454
67090;48.286;7.658
67091;48.888;7.028
67092;48.314;7.326
67093;48.93;7.794
67094;48.307;7.412
67095;48.944;7.204
67096;48.673;7.354
67097;48.622;7.661
67098;48.548;7.424
67099;48.948;7.146
67100;48.722;7.663
67101;48.52;7.48
67102;48.641;7.578
67103;48.814;7.378
67104;48.981;7.878
67105;48.868;7.195
67106;48.761;7.946
67107;48.713;7.543
67108;48.533;7.596
67109;48.685;7.562
67110;48.899;7.763
67111;48.891;7.205
67112;48.524;7.571
67113;48.928;8.067
67115;48.302;7.498
67116;48.303;7.534
67117;48.78;7.324
67118;48.579;7.682
67119;48.685;7.696
67120;48.378;7.441
67121;48.166;7.497
67122;48.621;7.305
67123;48.882;7.616
67124;48.536;7.633
67125;48.351;7.471
67126;48.883;7.358
67127;48.576;7.535
67128;48.564;7.569
67129;48.789;7.377
67130;48.421;7.685
67131;48.483;7.73
67132;48.876;7.739
67133;48.823;7.291
67134;48.858;7.111
67135;48.815;7.586
67136;48.872;7.124
67137;48.497;7.689
67138;48.632;7.547
67139;48.568;7.424
67140;48.863;8.047
67141;48.896;7.711
67142;48.799;8.053
67143;48.316;7.247
67144;48.421;7.19
67145;48.707;7.487
67146;48.309;7.654
67147;48.938;7.719
67148;48.911;7.279
67149;48.72;7.43
67150;48.611;7.558
67151;48.692;7.884
67152;48.514;7.658
67153;48.79;7.5
67154;48.381;7.704
67155;48.412;7.475
67156;48.716;7.76
67159;48.799;7.085
67160;48.959;7.774
67161;48.718;7.358
67162;48.776;7.481
67163;48.704;7.575
67164;48.431;7.483
67165;48.499;7.129
67166;48.815;7.61
67167;48.481;7.305
67168;48.525;7.41
67169;48.751;7.825
67172;48.502;7.531
67173;48.633;7.673
67174;48.903;7.621
67176;48.907;7.682
67177;48.915;7.779
67178;48.878;7.153
67179;48.706;7.298
67180;48.842;7.83
67181;48.599;7.577
67182;48.557;7.612
67183;48.924;7.026
67184;48.894;8.007
67185;48.786;7.436
67186;48.888;7.74
67187;48.204;7.511
67188;48.537;7.378
67189;48.422;7.441
67190;48.668;7.329
67191;49.022;7.082
67192;48.349;7.637
67194;48.732;7.91
67195;48.205;7.552
67196;48.297;7.573
67197;48.466;7.622
67198;48.902;7.296
67199;48.951;6.999
67200;48.466;7.68
67201;48.836;7.124
67202;48.756;7.563
67203;48.776;7.677
67204;48.624;7.754
67205;48.691;7.785
67206;48.933;7.933
67208;48.661;7.467
67209;48.729;7.581
67210;48.401;7.31
67212;48.557;7.644
67213;48.958;7.936
67214;48.617;7.603
67215;48.801;7.639
67216;48.354;7.575
67217;48.479;7.678
67218;48.52;7.731
67220;48.734;7.526
67221;48.971;7.93
67222;48.886;7.469
67223;48.498;7.574
67225;48.804;7.534
67226;48.602;7.605
67227;48.367;7.429
67228;48.656;7.542
67229;48.67;7.418
67230;48.79;7.833
67231;48.854;8.032
67232;48.967;7.884
67233;48.384;7.555
67234;48.976;7.063
67235;48.884;8.059
67236;48.688;7.586
67237;48.684;7.846
67238;48.861;7.596
67239;48.259;7.374
67240;48.606;7.489
67241;48.83;7.064
67242;48.82;7.526
67244;48.694;7.442
67245;48.68;7.458
67246;48.332;7.531
67247;48.562;7.586
67248;48.475;7.566
67249;48.739;7.675
67250;48.757;7.736
67252;48.737;7.805
67253;48.648;7.519
67254;48.939;7.849
67255;48.339;7.235
67256;48.655;7.694
67257;48.97;7.82
67258;48.69;7.503
67259;48.974;7.73
67260;48.88;7.718
67261;48.964;8.186
67263;49.012;7.768
67264;48.852;8.0
67265;48.922;7.484
67266;48.454;7.631
67267;48.554;7.681
67268;48.489;7.657
67269;48.725;7.493
67270;48.794;7.556
67271;48.963;7.844
67272;48.697;7.415
67273;48.855;7.264
67274;48.957;7.182
67275;48.738;7.476
67276;48.538;7.242
67277;48.183;7.582
67278;48.925;7.166
67279;48.698;7.472
67280;48.354;7.259
67281;48.15;7.561
67282;48.619;7.506
67283;48.694;7.371
67285;48.384;7.635
67286;48.452;7.561
67287;48.764;7.515
67288;48.959;7.872
67289;48.864;7.498
67290;48.929;7.829
67291;48.87;7.686
67292;48.876;7.647
67293;48.784;7.624
67295;48.394;7.443
67296;48.614;7.694
67298;48.697;7.652
67299;48.506;7.366
67300;48.545;7.5
67301;48.756;7.65
67302;48.752;7.386
67303;48.91;7.735
67304;48.819;7.629
67305;48.94;8.152
67306;48.512;7.312
67307;48.886;7.555
67308;48.915;8.145
67309;48.64;7.715
67310;48.227;7.518
67311;48.269;7.533
67312;48.741;7.589
67313;48.538;7.455
67314;48.448;7.251
67315;48.952;8.119
67317;48.303;7.318
67319;48.818;8.092
67320;48.326;7.311
67321;48.431;7.264
67322;48.827;7.366
67324;48.964;7.64
67325;48.536;7.35
67326;48.623;7.705
67327;48.971;8.105
67328;48.841;7.635
67329;48.446;7.531
67330;48.913;8.052
67331;48.772;7.744
67333;48.851;7.472
67334;49.038;7.714
67335;48.64;7.501
67336;48.447;7.686
67337;48.356;7.412
67338;48.356;7.685
67339;48.894;7.923
67340;48.938;7.597
67341;48.927;7.768
67342;48.568;7.296
67343;48.607;7.683
67344;49.011;7.914
67345;48.78;7.887
67346;48.945;8.066
67347;48.848;7.54
67348;48.459;7.48
67349;48.927;7.971
67350;48.592;7.646
67351;48.964;7.99
67352;48.851;7.448
67353;49.038;7.673
67354;48.6;7.49
67355;48.998;7.12
67356;48.715;7.927
67358;48.917;7.542
67359;48.812;7.694
67360;48.187;7.504
67361;48.698;7.674
67362;48.247;7.355
67363;48.59;7.562
67364;48.394;7.651
67365;48.547;7.708
67366;48.759;7.342
67367;48.723;7.379
67368;48.443;7.367
67369;48.863;7.229
67370;48.877;7.272
67371;48.866;7.327
67372;48.843;7.599
67373;48.809;7.26
67375;48.644;7.665
67377;48.424;7.137
67378;48.461;7.735
67379;48.947;7.804
67380;48.792;7.477
67381;48.916;7.307
67382;48.627;7.576
67383;48.672;7.477
67384;48.374;7.195
67385;48.951;7.255
67386;48.81;7.112
67387;48.363;7.38
67388;48.938;7.675
67389;48.648;7.757
67391;48.682;7.3
67392;48.948;7.447
67394;48.951;7.886
67395;48.682;7.408
67396;48.906;7.178
67397;48.312;7.704
67398;48.224;7.604
67400;48.989;7.949
67401;48.929;7.117
67403;48.81;7.556
67404;48.892;7.97
67405;48.823;8.04
67406;48.693;7.536
67407;48.75;7.903
67408;48.641;7.38
67409;48.837;8.067
67410;48.509;7.426
67411;48.49;7.412
67412;48.332;7.613
67413;48.932;7.336
67414;48.448;7.207
67415;48.905;7.511
67416;49.019;7.906
67417;48.759;7.712
67418;48.821;7.998
67420;48.486;7.269
67421;48.352;7.11
67422;48.24;7.629
67423;48.708;7.513
67424;48.407;7.174
67425;48.778;7.356
67426;48.35;7.286
67427;48.333;7.335
67428;48.442;7.418
67429;48.385;7.465
67430;48.336;7.364
67432;48.976;8.07
67433;48.378;7.619
67434;48.945;7.089
67435;48.908;7.073
67436;48.392;7.124
67437;48.74;7.342
67438;48.434;7.613
67440;48.912;8.09
67441;48.837;7.568
67442;48.59;7.49
67443;48.97;8.144
67444;48.766;7.533
67445;48.295;7.415
67446;48.871;7.524
67447;48.612;7.744
67448;48.492;7.198
67449;48.796;7.917
67450;48.807;7.925
67451;48.987;8.033
67452;48.66;7.569
67453;48.226;7.651
67454;48.834;7.266
67455;48.95;7.917
67456;48.948;7.054
67458;48.817;7.738
67459;48.715;7.41
67460;48.765;7.603
67461;48.236;7.574
67462;48.248;7.462
67463;48.894;8.105
67464;48.344;7.553
67465;48.795;7.981
67466;48.957;8.04
67467;48.842;7.205
67468;49.062;7.091
67470;48.431;7.2
67471;48.632;7.742
67472;48.809;7.957
67473;48.568;7.478
67474;48.946;7.874
67475;48.88;7.4
67476;48.795;8.018
67477;48.363;7.23
67478;48.764;7.414
67479;49.005;7.928
67480;48.567;7.366
67481;48.376;7.507
67482;48.571;7.768
67483;48.895;7.269
67484;48.924;7.996
67485;48.627;7.627
67486;48.255;7.63
67487;48.91;7.836
67488;48.912;7.138
67489;48.696;7.341
67490;48.325;7.348
67491;48.902;7.244
67492;48.594;7.465
67493;48.343;7.334
67494;48.94;8.018
67495;48.656;7.616
67497;48.82;7.675
67498;48.881;7.58
67499;48.332;7.203
67500;48.539;7.295
67501;48.414;7.596
67502;48.893;7.645
67503;48.846;7.496
67504;48.422;7.526
67505;48.281;7.319
67506;48.668;7.739
67507;48.343;7.303
67508;48.972;7.137
67509;48.94;7.298
67510;48.766;7.687
67511;48.886;7.783
67513;48.418;7.218
67514;48.927;7.231
67515;48.734;7.437
67516;48.743;7.622
67517;48.619;7.463
67519;48.659;7.831
67520;48.639;7.442
67521;48.872;7.441
67522;48.919;7.258
67523;48.762;7.78
67524;48.855;7.409
67525;48.605;7.415
67526;48.407;7.572
67527;48.686;7.454
67528;48.859;7.162
67529;48.716;7.831
67530;48.782;7.533
67531;48.436;7.224
67532;48.674;7.516
67534;48.754;7.5
67535;48.921;7.42
67536;48.991;7.696
67537;49.039;7.814
67538;48.926;7.37
67539;48.73;7.638
67540;48.796;7.706
67541;48.932;8.104
67542;48.658;7.508
67543;48.512;7.217
67544;49.018;7.962
67545;48.313;7.618
67546;48.78;7.655
67547;48.263;7.591
67548;48.638;7.597
67550;48.941;7.744
67551;48.587;7.663
67552;48.876;7.081
67553;48.707;7.451
67554;48.57;7.508
67555;48.67;7.45
67556;48.679;7.488
67557;48.399;7.511
67558;48.916;7.581
67559;48.901;7.337
68001;48.004;7.55
68002;47.602;7.109
68004;47.621;7.245
68005;48.12;7.26
68006;47.693;7.169
68007;48.065;7.436
68008;48.025;7.453
68009;48.115;7.542
68010;47.642;7.233
68011;47.766;7.151
68012;47.779;7.129
68013;47.568;7.469
68014;48.204;7.211
68015;47.799;7.416
68016;47.927;7.532
68017;47.62;7.156
68018;47.673;7.163
68019;48.099;7.553
68020;47.822;7.503
68021;47.636;7.488
68022;47.819;7.415
68023;48.159;7.342
68024;47.69;7.059
68025;47.485;7.277
68026;48.139;7.34
68027;47.581;7.387
68028;48.213;7.358
68029;47.92;7.247
68030;47.927;7.226
68032;47.846;7.218
68033;47.583;7.284
68034;47.512;7.422
68035;47.471;7.436
68036;48.05;7.537
68037;47.962;7.37
68038;48.093;7.428
68039;47.538;7.221
68040;47.827;7.069
68041;47.884;7.526
68042;47.604;7.495
68043;47.854;7.252
68044;48.163;7.099
68045;47.773;7.053
68046;47.798;7.03
68049;47.504;7.341
68050;47.665;7.056
68051;48.011;7.105
68052;47.706;7.064
68054;47.621;7.458
68055;47.7;7.358
68056;47.715;7.326
68057;47.66;7.136
68058;47.924;7.18
68059;47.716;7.154
68060;47.734;7.128
68061;47.557;7.498
68062;47.622;7.195
68063;47.794;7.179
68064;47.832;7.549
68065;47.64;7.031
68066;48.11;7.385
68067;47.469;7.2
68068;47.625;7.122
68069;47.974;7.482
68071;47.706;7.101
68072;47.701;7.426
68073;47.796;6.919
68074;47.492;7.234
68075;47.526;7.338
68076;48.095;7.509
68077;47.656;7.184
68078;48.037;7.3
68079;47.642;7.069
68080;47.628;7.291
68081;47.666;7.204
68082;47.853;7.372
68083;48.022;7.147
68084;47.71;7.392
68085;47.706;7.043
68086;47.681;7.13
68087;47.534;7.256
68088;47.856;7.273
68089;47.916;6.959
68090;47.494;7.316
68091;47.91;7.532
68092;47.514;7.382
68093;47.692;7.326
68094;47.538;7.442
68095;48.085;7.452
68096;47.595;7.354
68097;48.184;7.188
68098;47.562;7.152
68099;47.695;7.257
68100;47.592;7.158
68101;47.704;7.221
68102;47.889;7.072
68103;47.674;7.438
68104;47.978;7.606
68105;47.697;7.14
68106;47.879;7.105
68107;47.641;7.133
68109;48.029;7.172
68110;48.146;7.492
68111;48.007;7.26
68112;47.91;7.21
68113;48.194;7.415
68114;47.683;7.083
68115;47.75;7.091
68116;47.928;7.298
68117;48.061;7.165
68118;47.726;7.433
68119;47.646;7.162
68120;47.531;7.482
68121;47.519;7.456
68122;47.86;7.199
68123;48.015;7.274
68124;47.604;7.318
68125;47.694;7.115
68126;47.561;7.526
68127;47.657;7.234
68128;47.563;7.237
68129;47.725;7.22
68130;47.962;7.546
68131;47.623;7.323
68132;47.604;7.414
68134;48.019;7.325
68135;47.579;7.515
68136;48.008;7.457
68137;47.57;7.142
68138;47.589;7.252
68139;47.591;7.208
68140;47.91;7.447
68141;47.709;7.267
68142;48.063;7.133
68143;48.116;7.419
68144;47.757;7.49
68145;48.083;7.404
68146;48.132;7.375
68147;48.182;7.304
68148;47.598;7.337
68149;47.589;7.581
68150;48.036;7.278
68151;47.88;6.986
68152;47.676;7.266
68153;48.18;7.452
68154;47.774;7.36
68155;48.102;7.31
68156;47.904;7.258
68157;48.123;7.481
68158;47.596;7.379
68159;47.889;7.189
68160;47.614;7.441
68161;48.107;7.282
68162;48.155;7.238
68163;47.679;7.501
68165;47.441;7.357
68166;47.789;7.323
68167;47.786;6.94
68168;47.563;7.402
68169;47.512;7.271
68170;47.649;7.392
68171;47.951;6.963
68172;48.077;7.547
68173;48.11;7.196
68174;47.687;7.385
68175;48.16;7.159
68176;47.561;7.192
68177;47.953;7.164
68178;47.926;7.097
68179;47.762;7.022
68180;47.793;7.096
68181;47.447;7.194
68182;47.5;7.484
68183;47.501;7.45
68184;47.479;7.223
68185;48.268;7.276
68186;47.467;7.301
68187;47.515;7.406
68188;47.952;7.094
68189;48.021;7.419
68190;47.438;7.276
68191;47.658;7.297
68192;47.627;7.056
68193;48.015;7.124
68194;47.458;7.372
68195;47.761;7.273
68196;47.606;7.047
68197;47.639;7.413
68198;47.627;7.395
68199;47.86;7.023
68200;47.612;7.092
68201;47.778;6.995
68202;47.587;7.129
68203;47.909;7.302
68204;47.998;7.025
68205;47.916;7.377
68207;47.594;7.465
68208;47.563;7.438
68209;48.151;7.311
68210;47.994;7.02
68211;47.861;6.998
68212;47.51;7.246
68213;47.859;6.966
68214;47.604;7.024
68215;47.62;7.022
68216;47.511;7.213
68217;47.848;7.03
68218;47.734;7.265
68219;47.739;7.034
68221;47.55;7.373
68222;47.54;7.41
68223;48.029;7.071
68224;47.749;7.326
68225;47.857;7.448
68226;48.045;7.142
68227;48.101;7.469
68228;47.934;7.347
68229;47.917;7.134
68230;47.942;7.565
68231;48.018;7.528
68232;47.524;7.513
68234;47.946;7.398
68235;47.99;7.389
68237;48.101;7.259
68238;47.714;7.498
68239;47.819;6.924
68240;47.56;7.317
68241;47.938;7.381
68242;47.969;7.4
68243;47.451;7.231
68244;48.023;7.295
68245;47.642;7.316
68246;47.986;7.557
68247;47.929;6.994
68248;47.489;7.401
68249;48.115;7.135
68250;47.938;7.229
68251;47.993;7.217
68252;48.157;7.373
68253;47.786;7.493
68254;47.735;7.508
68255;47.996;7.26
68256;47.77;7.295
68257;47.507;7.168
68258;47.842;7.299
68259;47.471;7.354
68260;47.885;7.277
68261;47.794;7.06
68262;47.905;7.022
68263;47.587;7.446
68264;47.58;7.42
68265;47.649;7.371
68266;47.892;7.371
68267;47.756;7.22
68268;47.629;7.088
68269;48.206;7.287
68270;47.785;7.282
68271;47.74;7.366
68273;47.536;7.288
68274;47.904;7.153
68275;47.834;6.942
68276;47.898;7.174
68277;48.179;7.273
68278;47.75;7.407
68279;47.778;7.088
68280;48.238;7.313
68281;47.885;7.475
68282;47.611;7.068
68283;48.293;7.244
68284;47.537;7.33
68285;48.219;7.366
68286;47.639;7.542
68287;47.969;7.273
68288;47.556;7.258
68289;47.822;7.353
68290;47.941;7.475
68291;47.853;7.518
68292;47.888;7.041
68293;47.681;7.054
68294;48.268;7.208
68295;48.011;7.394
68296;48.239;7.346
68297;47.602;7.541
68298;48.229;7.169
68299;47.591;7.112
68300;47.782;7.401
68301;47.684;7.43
68302;47.749;7.176
68303;47.608;7.299
68304;47.754;7.05
68305;47.538;7.168
68306;47.531;7.189
68307;47.808;6.88
68308;47.792;6.986
68309;47.662;7.467
68311;47.978;7.074
68312;47.477;7.334
68313;47.719;7.091
68315;47.883;7.179
68316;48.028;7.204
68317;48.083;7.093
68318;47.97;7.212
68320;47.686;7.219
68321;47.827;7.253
68322;47.822;7.139
68323;47.676;7.364
68324;47.66;7.341
68325;47.558;7.347
68326;47.695;7.091
68327;47.624;7.419
68328;47.864;6.942
68329;48.055;7.061
68330;47.575;7.115
68331;48.043;7.422
68332;47.655;7.264
68333;47.62;7.3
68334;47.814;7.095
68335;48.233;7.294
68336;47.655;7.094
68337;47.671;7.096
68338;48.086;7.251
68340;47.546;7.153
68341;47.644;7.438
68342;47.829;7.165
68343;47.874;7.305
68344;47.88;6.928
68345;48.081;7.491
68347;47.509;7.304
68348;47.804;7.127
68349;47.61;7.568
68350;48.024;7.262
68351;48.011;7.584
68352;48.024;7.544
68353;47.63;7.346
68354;48.07;7.207
68355;47.547;7.317
68356;47.641;7.27
68357;47.656;7.423
68358;47.997;7.154
68359;47.842;7.175
68360;48.004;7.498
68361;47.815;6.976
68362;47.548;7.474
68363;47.521;7.363
68364;47.967;7.255
68365;48.052;7.307
68366;48.111;7.439
68367;48.058;7.483
68368;48.055;7.197
68370;47.988;6.965
68371;47.58;7.325
68372;47.852;7.08
68373;47.459;7.264
68374;48.064;7.272
68375;47.799;7.24
68376;47.81;7.312
68377;47.616;7.273
68378;47.643;7.106
68379;48.028;7.497
68380;47.456;7.407
68381;47.869;7.186
68382;47.62;7.373
68383;48.174;7.34
68384;47.686;7.303
68385;48.075;7.23
68386;47.719;7.382
69001;45.844;4.414
69002;46.28;4.423
69003;45.864;4.831
69004;45.917;4.655
69005;45.929;4.741
69006;45.965;4.327
69007;45.503;4.803
69008;45.832;4.504
69009;45.942;4.708
69010;45.836;4.609
69012;46.189;4.536
69013;46.019;4.711
69014;45.679;4.476
69016;46.192;4.413
69017;45.909;4.62
69018;46.156;4.584
69019;46.102;4.731
69020;45.868;4.668
69021;45.774;4.547
69022;45.797;4.549
69023;46.035;4.636
69024;45.919;4.579
69026;45.891;4.591
69027;45.678;4.753
69028;45.72;4.703
69029;45.734;4.912
69030;45.764;4.493
69031;45.747;4.517
69032;45.859;4.581
69033;45.86;4.884
69034;45.797;4.851
69035;46.279;4.661
69036;46.126;4.667
69037;46.015;4.51
69038;45.774;4.38
69039;45.985;4.499
69040;45.798;4.787
69042;45.65;4.496
69043;45.709;4.746
69044;45.78;4.743
69045;46.084;4.689
69046;45.651;4.79
69047;45.891;4.661
69049;45.875;4.771
69050;45.871;4.642
69051;45.638;4.634
69052;45.876;4.709
69053;46.216;4.708
69054;46.169;4.491
69055;45.893;4.743
69056;45.891;4.616
69057;45.774;4.597
69058;46.186;4.655
69059;45.855;4.711
69060;46.098;4.511
69061;45.988;4.61
69062;45.614;4.469
69063;45.822;4.842
69064;45.474;4.757
69065;46.154;4.725
69066;46.109;4.337
69067;45.741;4.57
69068;45.848;4.822
69069;45.746;4.727
69070;46.024;4.387
69071;45.869;4.818
69072;45.812;4.747
69074;46.005;4.652
69075;45.962;4.461
69076;45.836;4.716
69077;46.154;4.773
69078;45.681;4.523
69080;45.551;4.73
69081;45.782;4.772
69082;46.226;4.673
69083;45.824;4.622
69084;46.195;4.692
69085;45.859;4.85
69086;45.839;4.652
69087;45.843;4.854
69088;45.828;4.857
69089;45.738;4.755
69090;45.922;4.632
69091;45.582;4.757
69092;45.991;4.688
69093;46.033;4.459
69094;45.748;4.69
69095;45.662;4.421
69096;45.608;4.786
69097;45.513;4.739
69098;45.716;4.435
69099;45.714;4.406
69100;45.675;4.818
69102;45.89;4.367
69103;46.242;4.704
69104;46.244;4.664
69105;45.986;4.648
69106;45.927;4.679
69107;46.053;4.509
69108;46.173;4.726
69109;46.156;4.619
69110;45.608;4.515
69111;45.904;4.574
69112;45.812;4.671
69113;45.972;4.526
69115;45.972;4.719
69116;45.83;4.772
69117;45.855;4.746
69118;45.547;4.783
69119;45.505;4.68
69120;45.786;4.426
69121;45.853;4.685
69122;45.914;4.709
69123;;
69124;46.108;4.561
69125;45.868;4.731
69126;45.914;4.676
69127;45.785;4.712
69130;46.046;4.422
69131;45.699;4.672
69132;45.682;4.401
69133;45.63;4.78
69134;45.926;4.602
69135;46.223;4.514
69136;45.625;4.75
69137;46.018;4.602
69138;45.711;4.536
69139;45.8;4.464
69140;45.894;4.7
69141;45.616;4.674
69142;45.73;4.812
69143;45.883;4.844
69145;46.094;4.645
69148;45.661;4.721
69149;45.715;4.803
69151;46.07;4.58
69153;45.855;4.795
69154;45.768;4.659
69155;45.646;4.446
69156;45.958;4.688
69157;45.877;4.496
69159;45.955;4.646
69160;46.143;4.461
69161;46.193;4.451
69162;46.113;4.608
69163;45.914;4.774
69164;46.123;4.402
69165;46.147;4.642
69166;45.599;4.589
69167;46.007;4.58
69168;45.843;4.838
69169;45.987;4.39
69170;45.657;4.618
69171;45.812;4.599
69172;46.045;4.631
69173;45.885;4.555
69174;45.924;4.374
69175;45.82;4.566
69176;45.677;4.692
69177;45.798;4.631
69178;45.704;4.451
69179;45.59;4.696
69180;45.632;4.597
69181;45.977;4.427
69182;46.266;4.472
69183;46.076;4.42
69184;45.603;4.573
69186;46.227;4.408
69187;45.756;4.421
69188;45.925;4.46
69189;45.525;4.859
69190;45.774;4.694
69191;45.819;4.818
69192;46.031;4.539
69193;45.517;4.833
69194;45.815;4.798
69196;46.146;4.535
69197;46.063;4.656
69198;46.077;4.622
69199;45.701;4.85
69200;45.854;4.463
69201;45.705;4.47
69202;45.736;4.793
69203;45.713;4.495
69204;45.694;4.789
69205;45.761;4.726
69206;46.058;4.721
69207;45.882;4.801
69208;45.864;4.613
69209;46.237;4.442
69212;45.875;4.682
69214;46.002;4.333
69215;46.022;4.652
69216;45.8;4.51
69217;46.0;4.453
69218;46.112;4.676
69219;45.643;4.684
69220;45.738;4.465
69225;45.874;4.422
69227;45.658;4.558
69228;45.578;4.641
69229;46.083;4.462
69230;45.972;4.562
69231;45.782;4.616
69233;45.836;4.821
69234;45.856;4.53
69235;45.536;4.826
69236;45.566;4.704
69238;45.631;4.45
69239;45.922;4.52
69240;46.074;4.386
69241;45.636;4.724
69242;46.126;4.763
69243;45.904;4.424
69244;45.763;4.755
69245;45.948;4.522
69246;45.941;4.627
69248;46.03;4.314
69249;45.684;4.626
69250;45.81;4.712
69252;45.535;4.69
69253;45.49;4.774
69254;45.947;4.422
69255;45.732;4.644
69256;45.786;4.926
69257;46.046;4.577
69258;46.217;4.638
69259;45.704;4.881
69260;45.649;4.809
69261;46.164;4.527
69263;45.817;4.407
69264;45.988;4.732
69265;45.97;4.598
69266;45.771;4.888
69267;46.16;4.671
69268;45.658;4.768
69269;45.71;4.595
69270;45.628;4.95
69271;45.738;4.962
69272;45.598;4.839
69273;45.668;4.908
69275;45.772;4.961
69276;45.673;4.857
69277;45.73;5.016
69278;45.898;4.839
69279;45.791;5.042
69280;45.8;5.078
69281;45.623;4.908
69282;45.777;5.006
69283;45.665;4.949
69284;45.877;4.868
69285;45.754;5.067
69286;45.821;4.898
69287;45.696;5.022
69288;45.683;5.061
69289;45.645;5.009
69290;45.702;4.949
69291;45.642;4.869
69292;45.826;4.874
69293;45.84;4.886
69294;45.628;4.825
69295;45.612;4.871
69296;45.646;4.838
69297;45.606;4.808
69298;45.658;4.982
69299;45.718;5.103
70001;47.793;6.278
70002;47.768;5.973
70003;47.577;5.608
70004;47.706;6.394
70005;47.59;6.418
70006;47.938;6.332
70007;47.757;6.389
70008;47.848;6.244
70009;47.888;5.955
70010;47.946;6.1
70011;47.846;6.498
70012;47.79;6.053
70013;47.996;6.14
70014;47.681;6.418
70015;47.735;6.063
70016;47.867;6.562
70017;47.862;6.115
70018;47.444;5.636
70019;47.59;6.091
70020;47.578;6.099
70021;47.659;6.598
70022;47.455;5.773
70023;47.882;6.21
70024;47.392;5.53
70025;47.735;5.932
70026;47.463;5.582
70027;47.665;5.626
70028;47.614;6.006
70029;47.621;6.413
70030;47.367;5.632
70031;47.594;6.515
70032;47.488;5.411
70035;47.77;5.892
70036;47.376;6.097
70037;47.545;5.701
70038;47.492;6.144
70039;47.371;5.825
70040;47.613;6.346
70041;47.465;5.465
70042;47.536;6.396
70043;47.507;5.526
70044;47.695;6.154
70045;47.339;5.776
70046;47.618;6.45
70047;47.58;6.048
70048;47.278;5.628
70049;47.87;5.84
70050;47.408;6.17
70051;47.948;6.055
70052;47.825;6.183
70053;47.502;5.896
70054;47.427;5.642
70055;47.775;6.344
70056;47.788;6.016
70057;47.295;5.716
70058;47.499;5.694
70059;47.434;6.161
70060;47.318;5.832
70061;47.786;6.732
70062;47.781;6.498
70063;47.774;6.609
70064;47.627;6.655
70065;47.45;6.252
70066;47.865;5.919
70067;47.738;6.343
70069;47.918;6.182
70070;47.838;5.755
70071;47.869;6.673
70072;47.56;6.491
70074;47.886;5.871
70075;47.341;5.696
70076;47.394;5.931
70077;47.581;6.352
70078;47.783;5.862
70079;47.695;6.108
70080;47.473;5.51
70081;47.696;6.438
70082;47.486;6.28
70083;47.912;6.248
70084;47.355;5.96
70085;47.385;6.002
70086;47.915;5.945
70087;47.816;6.157
70088;47.508;5.965
70089;47.707;5.707
70090;47.614;6.037
70091;47.963;5.936
70092;47.262;5.633
70093;47.8;6.328
70094;47.831;6.462
70095;47.745;6.145
70096;47.579;6.796
70097;47.82;6.247
70098;47.75;6.345
70099;47.607;5.737
70100;47.459;5.43
70101;47.331;5.519
70102;47.307;5.809
70103;47.813;6.47
70104;47.406;5.86
70105;47.629;5.985
70106;47.813;6.022
70107;47.344;5.985
70109;47.357;6.032
70111;47.644;6.283
70112;47.843;5.854
70113;47.433;6.189
70114;47.84;5.939
70115;47.588;6.317
70116;47.621;6.735
70117;47.638;6.777
70118;47.396;6.102
70119;47.339;5.911
70120;47.695;6.688
70121;47.591;6.679
70122;47.632;5.513
70124;47.376;5.661
70125;47.397;5.592
70126;47.324;5.678
70127;47.624;5.927
70128;47.774;6.381
70129;47.485;5.817
70130;47.369;5.778
70132;47.493;5.579
70133;47.728;5.997
70134;47.62;6.079
70135;47.732;5.709
70136;47.672;6.112
70137;47.524;6.326
70138;47.644;5.986
70140;47.698;6.319
70141;47.684;6.319
70142;47.302;5.626
70143;47.787;5.744
70144;47.781;5.759
70145;47.382;5.968
70146;47.716;6.046
70147;47.559;6.658
70148;47.642;6.018
70149;47.644;6.707
70150;47.281;5.737
70151;47.33;5.588
70152;47.392;5.758
70153;47.754;5.752
70154;47.413;6.133
70155;47.755;6.419
70156;47.44;5.789
70157;47.663;6.639
70158;47.599;6.03
70159;47.499;6.286
70160;47.588;6.707
70162;47.612;6.221
70163;47.67;6.219
70164;47.664;6.288
70165;47.71;5.897
70166;47.645;6.203
70167;47.732;6.035
70168;47.81;6.214
70169;47.674;5.889
70170;47.841;6.03
70171;47.896;6.333
70172;47.793;6.486
70174;47.419;5.963
70175;47.69;5.839
70176;47.887;6.642
70177;47.918;5.994
70178;47.689;6.573
70179;47.649;6.18
70180;47.514;6.554
70181;47.347;5.828
70182;47.612;6.644
70183;47.609;5.612
70184;47.59;6.726
70185;47.4;5.649
70186;47.682;6.349
70187;47.549;6.594
70188;47.681;6.293
70189;47.365;6.069
70190;47.816;6.134
70192;47.364;5.72
70193;47.314;5.744
70194;47.911;6.221
70195;47.723;6.378
70196;47.845;6.179
70197;47.533;6.242
70198;47.572;5.676
70199;47.625;6.245
70200;47.913;6.201
70201;47.592;5.645
70202;47.931;6.039
70203;47.582;6.171
70204;47.556;5.645
70205;47.658;6.724
70206;47.605;6.768
70207;47.594;6.137
70208;47.528;6.121
70210;47.793;6.564
70211;47.552;5.548
70213;47.766;6.305
70214;47.781;6.18
70215;47.687;6.77
70216;47.804;6.44
70217;47.852;6.616
70218;47.412;5.559
70219;47.543;6.36
70220;47.4;5.467
70221;47.644;6.677
70222;47.474;5.856
70224;47.358;5.936
70225;47.512;5.477
70226;47.508;6.477
70227;47.832;6.583
70228;47.766;6.08
70229;47.606;6.598
70230;47.615;5.878
70231;47.579;5.794
70232;47.66;6.004
70233;47.811;6.517
70234;47.525;6.178
70235;47.7;6.186
70236;47.741;6.091
70237;47.662;5.785
70238;47.924;6.293
70239;47.472;6.028
70240;47.86;6.335
70242;47.938;6.176
70243;47.488;6.235
70244;47.79;5.986
70245;47.902;6.413
70247;47.651;5.672
70248;47.659;6.751
70249;47.833;6.272
70250;47.743;6.461
70251;47.654;5.734
70252;47.572;5.58
70253;47.464;5.892
70254;47.651;6.633
70255;47.553;5.857
70256;47.761;6.675
70257;47.49;5.938
70258;47.834;6.419
70259;47.7;6.525
70260;47.656;6.549
70261;47.629;6.194
70262;47.675;6.378
70263;47.722;6.327
70264;47.534;6.513
70265;47.37;5.535
70267;47.794;5.945
70268;47.362;5.891
70269;47.895;6.172
70271;47.612;6.486
70272;47.718;5.848
70273;47.514;6.514
70274;47.636;5.86
70275;47.519;6.002
70276;47.567;6.566
70277;47.577;6.588
70278;47.673;6.082
70279;47.432;5.611
70280;47.44;5.571
70282;47.403;5.806
70283;47.837;6.746
70284;47.842;6.295
70285;47.57;6.765
70286;47.312;5.707
70287;47.904;6.057
70288;47.476;6.076
70289;47.482;5.756
70290;47.87;6.176
70291;47.929;5.914
70292;47.817;5.89
70293;47.764;5.929
70294;47.755;6.504
70295;47.787;6.529
70296;47.423;6.23
70297;47.627;5.633
70298;47.712;5.804
70299;47.623;5.776
70301;47.522;5.968
70302;47.36;5.617
70303;47.636;6.348
70304;47.743;6.485
70305;47.466;5.4
70306;47.625;6.599
70307;47.592;6.449
70308;47.899;6.577
70309;47.445;6.205
70310;47.685;6.496
70311;47.824;6.364
70312;47.607;6.718
70313;47.644;6.589
70314;47.782;6.464
70315;47.904;6.29
70316;47.525;6.092
70317;47.528;6.441
70318;47.681;6.611
70319;47.647;6.612
70320;47.856;5.978
70321;47.668;6.47
70322;47.73;6.266
70323;47.928;6.139
70324;47.53;6.051
70325;47.496;6.009
70326;47.455;6.072
70327;47.268;5.596
70328;47.711;6.581
70329;47.736;5.789
70330;47.618;6.771
70331;47.426;5.521
70332;47.558;6.381
70334;47.298;5.772
70335;47.436;6.247
70336;47.524;6.49
70337;47.742;5.822
70338;47.888;6.129
70339;47.76;6.56
70340;47.585;5.75
70341;47.81;6.102
70342;47.524;5.728
70343;47.785;6.142
70344;47.766;6.235
70347;47.588;6.554
70348;47.628;6.549
70349;47.56;6.399
70350;47.734;5.742
70351;47.651;6.389
70352;47.924;6.59
70353;47.286;5.656
70355;47.418;5.999
70356;47.38;5.914
70357;47.46;6.256
70358;47.65;6.24
70359;47.931;5.963
70360;47.923;6.079
70361;47.738;6.565
70362;47.787;5.816
70363;47.643;6.071
70364;47.619;6.375
70366;47.443;5.876
70367;47.602;6.065
70368;47.552;5.616
70369;47.637;5.8
70371;47.505;5.63
70372;47.82;5.98
70373;47.695;5.753
70374;47.305;5.665
70376;47.458;5.529
70378;47.603;6.162
70380;47.743;6.202
70381;47.564;6.196
70383;47.408;6.068
70384;47.539;5.96
70385;47.716;6.553
70386;47.702;5.94
70387;47.568;5.948
70388;47.61;6.118
70389;47.383;5.626
70390;47.604;6.289
70392;47.756;5.85
70393;47.426;5.926
70394;47.391;5.686
70395;47.583;6.384
70396;47.597;6.394
70397;47.458;6.214
70398;47.814;6.302
70399;47.885;5.994
70400;47.799;5.701
70401;47.629;5.956
70402;47.529;5.574
70403;47.665;6.583
70404;47.984;6.056
70405;47.496;6.096
70406;47.622;5.399
70407;47.367;6.045
70408;47.292;5.573
70409;47.643;5.586
70410;47.339;5.859
70411;47.863;6.228
70412;47.848;6.218
70413;47.723;6.735
70414;47.786;6.773
70415;47.875;6.066
70416;47.659;6.346
70417;47.628;6.032
70418;47.538;5.923
70419;47.98;6.125
70420;47.519;6.388
70421;47.692;6.033
70422;47.444;5.476
70423;47.766;5.782
70425;47.813;6.492
70426;47.722;6.124
70427;47.749;5.991
70428;47.652;6.121
70429;47.668;6.15
70430;47.772;5.702
70431;47.464;6.108
70432;47.727;6.442
70433;47.592;6.201
70435;47.855;6.453
70436;47.86;5.888
70437;47.906;5.984
70438;47.591;5.815
70439;47.581;6.004
70440;47.582;5.774
70441;47.469;5.983
70442;47.641;5.763
70443;47.337;5.563
70444;47.311;5.608
70445;47.765;6.475
70446;47.478;5.633
70447;47.437;6.076
70448;47.621;5.706
70449;47.475;6.197
70450;47.752;5.725
70451;47.716;6.635
70452;47.559;6.021
70453;47.91;6.622
70454;47.838;5.805
70455;47.677;6.542
70456;47.459;6.136
70457;47.651;5.929
70459;47.741;6.604
70460;47.877;6.507
70461;47.455;5.68
70462;47.546;6.507
70463;47.508;5.834
70464;47.725;6.52
70466;47.43;5.728
70467;47.879;6.266
70468;47.825;5.82
70469;47.838;6.52
70470;47.796;6.3
70471;47.5;5.778
70472;47.838;6.109
70473;47.796;6.395
70474;47.572;6.45
70476;47.869;6.019
70477;47.57;6.63
70478;47.695;6.277
70479;47.458;5.733
70480;47.307;5.569
70481;47.547;5.736
70482;47.68;5.964
70483;47.658;6.057
70484;47.549;6.568
70485;47.972;6.092
70486;47.74;5.881
70487;47.566;6.53
70488;47.837;6.059
70489;47.826;6.686
70490;47.73;6.298
70491;47.536;5.769
70492;47.585;5.889
70493;47.396;6.047
70494;47.281;5.696
70496;47.84;5.977
70498;47.796;6.633
70499;47.623;5.82
70500;47.507;6.304
70501;47.47;6.279
70502;47.603;5.785
70503;47.421;6.096
70504;47.606;5.963
70505;47.378;5.587
70506;47.565;6.705
70507;47.445;6.028
70509;47.336;5.723
70510;47.352;5.579
70511;47.585;5.715
70512;47.913;6.367
70513;47.634;6.106
70514;47.336;5.638
70515;47.624;6.487
70516;47.552;6.299
70517;47.565;6.154
70518;47.744;6.178
70519;47.4;6.16
70520;47.605;5.847
70521;47.448;5.838
70522;47.719;6.207
70523;47.538;5.52
70524;47.658;6.033
70525;47.657;5.833
70526;47.928;6.11
70527;47.477;5.904
70528;47.422;5.691
70529;47.426;5.565
70530;47.541;6.544
70531;47.426;5.874
70532;47.553;6.139
70533;47.444;5.814
70534;47.702;6.221
70535;47.556;6.09
70536;47.587;6.056
70537;47.66;6.318
70538;47.477;5.792
70539;47.55;5.809
70540;47.39;5.724
70541;47.786;6.25
70542;47.359;5.677
70544;47.615;6.521
70545;47.835;6.001
70546;47.527;5.638
70547;47.57;6.719
70548;47.843;5.778
70549;47.509;5.871
70550;47.632;6.155
70552;47.582;6.476
70553;47.542;6.486
70554;47.896;5.92
70555;47.771;6.204
70557;47.413;5.742
70558;47.71;6.241
70559;47.664;6.182
70560;47.45;5.975
70561;47.559;6.429
70562;47.55;6.467
70563;47.583;6.239
70564;47.769;6.28
70565;47.474;6.169
70566;47.714;6.083
70567;47.548;6.648
70568;47.674;5.756
70569;47.73;6.223
70571;47.752;6.3
70572;47.812;5.758
70573;47.819;6.555
70574;47.626;5.738
70575;47.35;6.014
70576;47.945;5.994
70577;47.642;6.494
70578;47.331;5.887
70579;47.55;6.762
70580;47.588;5.967
70581;47.65;6.442
70582;47.639;5.892
70583;47.506;6.195
71001;46.578;4.961
71002;46.754;5.029
71003;46.914;4.975
71004;46.799;4.956
71005;46.852;4.69
71006;46.326;4.236
71007;46.524;4.668
71008;46.236;4.371
71009;47.077;4.092
71010;46.893;4.403
71011;46.324;4.072
71012;46.249;3.994
71013;46.89;5.308
71014;46.946;4.311
71015;46.941;4.417
71016;46.432;4.75
71017;46.534;4.376
71018;46.605;5.122
71019;46.792;4.672
71020;47.085;4.321
71021;46.493;4.282
71022;46.294;4.285
71023;46.666;5.002
71024;46.308;4.032
71025;46.41;4.395
71026;46.669;4.862
71027;46.667;5.395
71028;46.841;5.44
71029;46.848;5.364
71030;46.399;4.562
71031;46.396;4.682
71032;46.368;4.702
71033;46.821;4.97
71034;46.729;4.693
71035;46.485;4.776
71036;46.568;4.727
71037;46.663;4.621
71038;46.752;4.383
71039;46.481;4.74
71040;46.704;4.393
71041;46.332;4.353
71042;46.55;4.625
71043;46.899;5.048
71044;46.77;5.347
71045;46.777;5.292
71046;46.737;4.152
71047;46.62;3.769
71048;46.31;3.984
71050;46.365;4.638
71051;46.892;4.728
71052;46.6;4.903
71054;46.921;5.032
71056;46.653;5.164
71057;46.504;4.706
71058;46.595;4.728
71059;46.795;4.494
71060;46.301;4.151
71061;46.556;5.024
71062;46.916;4.242
71063;46.888;4.308
71064;46.597;5.259
71065;46.43;4.538
71066;46.464;4.831
71067;46.602;4.634
71068;46.595;4.586
71069;46.334;4.71
71070;46.713;4.713
71071;46.28;3.937
71072;46.705;4.632
71073;46.899;4.774
71074;46.258;4.77
71075;46.594;3.852
71076;46.79;4.852
71077;46.282;3.998
71078;46.867;4.681
71079;46.484;5.369
71080;46.579;4.748
71081;46.816;4.826
71082;46.463;4.228
71084;46.246;4.758
71085;46.931;4.628
71086;46.412;4.252
71087;46.553;4.736
71088;46.629;3.978
71089;46.62;4.76
71090;46.218;4.761
71091;46.382;4.541
71092;46.587;5.194
71093;46.847;5.264
71094;46.556;4.787
71095;46.264;4.299
71096;46.835;4.243
71097;46.557;5.102
71098;46.779;4.114
71099;46.389;4.832
71100;46.509;4.848
71101;46.901;5.197
71102;46.722;4.796
71103;46.769;4.316
71104;46.934;5.084
71105;46.304;4.787
71106;46.448;4.28
71107;46.836;4.668
71108;46.278;4.719
71109;46.887;4.703
71110;46.238;4.292
71111;46.583;4.112
71112;46.422;4.594
71113;46.21;4.261
71115;46.791;4.637
71116;46.291;4.383
71117;46.794;4.914
71118;46.789;4.806
71119;46.915;4.795
71120;46.207;4.342
71121;46.823;5.272
71122;46.893;4.666
71123;46.229;3.938
71124;46.666;4.701
71125;46.517;4.568
71126;46.336;4.772
71127;46.54;4.501
71128;46.457;4.514
71129;47.122;4.215
71130;46.522;4.744
71131;46.872;5.051
71132;46.597;4.298
71133;46.289;4.311
71134;46.366;4.59
71135;46.418;4.822
71136;46.556;4.086
71137;46.43;4.67
71139;46.642;4.531
71140;46.941;4.526
71141;46.348;4.333
71142;46.881;4.119
71143;46.465;5.282
71144;47.043;4.334
71145;46.536;4.696
71146;46.47;4.697
71147;46.528;4.641
71148;46.171;4.274
71149;46.869;4.564
71150;46.241;4.787
71151;46.917;4.612
71152;46.701;3.867
71153;46.807;4.426
71154;46.817;4.884
71155;46.72;3.712
71156;46.507;4.787
71157;46.505;5.364
71158;46.557;4.994
71159;46.645;4.653
71160;46.312;4.317
71161;46.593;3.997
71162;46.989;4.383
71163;46.403;4.526
71164;46.583;4.631
71165;47.093;4.164
71166;46.761;4.032
71167;46.834;4.994
71168;46.827;5.203
71169;46.304;4.749
71170;46.914;4.848
71171;46.866;4.645
71172;46.767;4.186
71173;46.762;5.167
71174;46.923;4.66
71175;46.778;5.119
71176;46.489;4.025
71177;46.5;5.29
71178;46.355;4.481
71179;46.664;4.225
71181;46.448;4.717
71182;46.797;4.77
71183;46.893;4.566
71184;47.015;4.34
71185;46.364;4.282
71186;46.951;5.07
71187;46.756;4.525
71188;46.945;4.601
71189;46.746;4.902
71190;46.991;4.52
71191;46.811;4.542
71192;46.859;4.179
71193;46.589;4.792
71194;46.834;4.806
71195;46.512;4.912
71196;46.664;5.337
71198;46.595;5.382
71199;46.493;4.639
71200;46.2;4.126
71201;46.676;4.639
71202;46.852;4.781
71203;46.477;4.3
71204;46.831;4.849
71205;46.719;5.332
71206;46.641;5.05
71207;46.923;5.288
71208;46.899;5.163
71209;46.548;5.291
71210;46.279;4.746
71212;46.58;4.25
71213;46.549;5.05
71214;46.653;4.569
71215;46.879;4.921
71216;46.673;4.598
71217;46.278;4.596
71218;46.318;4.38
71219;46.654;4.938
71220;46.548;3.793
71221;46.77;4.754
71222;46.64;4.442
71223;46.969;4.141
71224;46.506;4.265
71225;46.737;4.752
71226;46.513;4.819
71227;46.664;3.913
71228;46.782;5.029
71229;46.54;3.924
71230;46.594;4.049
71231;46.529;4.441
71232;46.435;4.172
71233;46.394;4.009
71234;46.605;5.053
71235;46.343;4.796
71236;46.405;4.735
71237;47.057;4.379
71238;46.216;4.077
71239;46.714;4.001
71240;46.413;4.635
71241;46.773;4.68
71242;46.615;4.55
71243;46.473;5.34
71244;46.576;5.052
71245;46.604;4.862
71246;46.683;5.162
71247;46.687;4.723
71248;46.569;4.936
71249;46.653;4.835
71250;46.382;4.804
71251;46.911;4.183
71252;46.65;4.793
71253;46.764;4.932
71254;46.92;5.243
71255;46.648;3.721
71256;46.741;5.084
71257;46.873;4.846
71258;46.265;4.729
71259;46.24;4.202
71261;46.59;5.013
71262;46.934;5.203
71263;46.635;5.238
71264;46.465;4.649
71266;47.084;4.261
71267;46.481;4.819
71268;46.411;4.204
71269;46.749;4.86
71270;46.321;4.818
71271;46.228;4.112
71272;46.566;4.686
71273;46.675;3.809
71274;46.57;4.845
71275;46.276;4.039
71276;46.396;4.304
71277;46.727;4.592
71278;46.681;4.47
71279;46.572;4.4
71280;46.729;3.934
71281;46.62;4.132
71282;46.843;4.371
71283;46.699;4.926
71284;46.532;4.797
71285;46.537;4.334
71286;46.61;4.5
71287;46.491;4.67
71289;46.311;4.477
71290;46.392;4.599
71291;46.199;4.013
71292;46.81;4.756
71293;46.583;5.125
71294;46.834;4.724
71295;46.794;5.184
71296;46.651;4.751
71297;46.87;4.253
71299;46.349;4.696
71300;46.543;5.339
71301;46.632;3.828
71302;46.705;4.67
71303;46.658;5.284
71305;46.471;4.878
71306;46.676;4.354
71307;46.356;4.045
71308;46.62;4.842
71309;46.786;4.391
71310;46.747;4.474
71311;46.694;5.298
71312;46.796;4.998
71313;46.96;4.221
71314;46.806;5.3
71315;46.953;5.129
71316;46.342;4.414
71317;46.742;4.096
71318;46.542;5.174
71319;46.684;5.113
71320;46.646;4.492
71321;46.792;4.587
71322;46.954;4.505
71323;46.499;4.381
71324;46.751;4.674
71325;46.515;3.96
71326;46.864;5.381
71327;46.237;4.334
71328;46.62;4.816
71329;46.928;5.145
71330;46.593;3.928
71331;46.404;4.165
71332;46.633;4.967
71333;46.778;4.943
71334;46.583;4.166
71335;46.361;4.31
71336;46.724;4.951
71337;46.325;4.194
71338;46.535;4.843
71339;46.38;4.36
71340;46.548;4.208
71341;46.966;5.032
71342;46.443;4.113
71343;46.913;4.64
71344;46.541;4.535
71345;46.441;4.801
71346;46.622;4.226
71347;46.822;4.568
71348;46.544;3.851
71349;47.045;4.167
71350;46.332;4.671
71351;46.882;5.253
71352;46.79;5.323
71353;46.533;4.886
71354;46.381;4.134
71355;46.909;5.121
71356;46.605;4.354
71357;46.963;5.237
71358;46.476;4.504
71359;46.54;4.956
71360;46.324;4.748
71361;46.352;4.218
71362;46.259;4.698
71363;46.676;4.566
71364;46.831;5.161
71365;46.6;5.083
71366;46.525;5.001
71367;46.64;5.306
71368;47.047;4.285
71369;46.91;4.724
71370;46.542;4.018
71371;46.351;4.748
71372;46.19;4.744
71373;46.514;5.082
71374;46.74;4.714
71376;47.021;4.104
71377;46.555;4.823
71378;46.873;4.751
71379;46.594;5.324
71380;46.698;5.372
71381;46.533;4.562
71382;46.513;3.887
71383;46.422;4.868
71384;46.681;4.819
71385;46.241;4.74
71386;46.651;5.086
71387;46.5;4.535
71388;46.501;4.209
71389;46.568;3.762
71390;46.716;4.291
71391;46.817;4.614
71392;46.642;4.7
71393;46.203;4.163
71394;46.478;4.434
71395;46.53;4.271
71396;46.859;5.178
71397;46.385;4.635
71398;46.745;4.991
71399;46.285;4.19
71400;46.614;4.587
71401;46.559;5.238
71402;46.679;4.9
71403;46.793;4.702
71404;46.757;4.713
71405;46.851;5.103
71406;46.339;4.124
71407;46.833;4.1
71408;46.204;4.211
71409;46.895;4.473
71410;46.706;5.062
71411;46.73;4.22
71412;46.721;4.454
71413;46.848;4.463
71414;47.002;4.286
71415;46.277;4.132
71416;46.462;4.772
71417;46.613;4.664
71419;46.74;5.245
71420;46.694;4.984
71421;46.346;4.251
71422;46.696;4.773
71423;46.945;4.962
71424;46.924;4.568
71425;46.878;4.664
71426;46.758;4.635
71427;46.579;4.575
71428;46.188;4.304
71430;46.807;4.696
71431;46.843;4.586
71433;46.373;4.221
71434;46.247;4.142
71435;46.773;4.548
71436;46.73;4.512
71437;46.27;4.257
71438;47.023;4.432
71439;46.485;4.116
71440;46.919;4.092
71441;46.312;4.563
71442;46.838;4.641
71443;46.939;4.909
71444;46.724;4.852
71445;46.775;4.887
71446;46.565;4.522
71447;46.814;4.672
71448;46.38;4.854
71449;46.721;4.551
71450;46.902;4.518
71451;46.197;4.238
71452;46.519;4.493
71453;46.249;4.055
71454;46.62;5.294
71455;46.648;4.607
71456;46.804;5.06
71457;46.943;5.007
71458;46.583;4.545
71459;46.814;4.71
71460;46.406;4.782
71461;46.624;4.626
71462;46.849;5.022
71463;46.227;4.251
71464;46.878;4.601
71465;46.692;4.527
71466;46.814;4.158
71468;46.847;4.509
71469;46.287;4.525
71470;46.337;4.621
71471;46.7;4.575
71472;46.972;4.061
71473;46.263;4.374
71474;46.694;4.08
71475;46.76;4.821
71477;46.617;4.412
71478;46.652;4.185
71479;46.839;4.424
71480;46.892;4.617
71481;46.196;4.772
71482;46.829;4.318
71483;46.327;4.285
71484;46.69;5.241
71485;46.685;4.669
71486;46.643;4.36
71487;46.253;4.728
71488;46.475;4.555
71489;46.672;5.061
71490;46.525;4.126
71491;46.407;4.058
71493;46.961;4.556
71494;46.409;4.861
71495;46.518;4.601
71496;46.902;4.653
71497;46.34;4.835
71498;46.62;4.705
71499;46.668;4.28
71500;46.309;4.107
71501;46.724;4.643
71502;46.833;4.918
71503;46.656;4.675
71504;46.912;5.072
71505;46.69;4.602
71506;46.634;5.391
71507;46.581;4.664
71508;46.633;5.102
71509;47.007;4.178
71510;46.276;4.09
71512;46.637;4.891
71513;46.397;4.865
71514;46.746;5.308
71515;46.601;4.693
71516;46.788;5.242
71517;46.894;5.093
71518;46.311;4.666
71519;46.825;5.122
71520;46.736;4.829
71521;46.555;4.571
71522;46.612;4.987
71523;46.717;5.183
71524;46.427;4.499
71525;46.371;4.673
71526;46.294;4.724
71527;47.053;4.21
71528;46.621;5.17
71529;46.441;4.457
71530;46.988;4.457
71531;46.796;4.215
71532;46.511;4.673
71533;46.201;4.27
71534;46.743;5.353
71535;47.008;4.235
71537;46.804;4.092
71538;46.743;5.126
71539;46.932;4.489
71540;46.766;4.446
71541;46.839;5.336
71542;46.683;4.148
71543;46.565;4.9
71544;46.871;5.114
71545;46.306;4.604
71546;46.331;4.532
71547;46.391;4.487
71548;46.727;5.074
71549;46.517;4.958
71550;46.499;4.887
71551;46.809;4.263
71552;46.656;4.046
71553;46.3;4.248
71554;46.341;4.157
71555;46.71;4.878
71556;46.268;4.807
71557;46.437;4.027
71558;46.501;5.238
71559;46.278;4.339
71561;46.264;4.222
71562;46.417;4.312
71563;46.623;4.602
71564;46.441;4.357
71565;46.631;4.067
71566;46.891;5.012
71567;46.31;4.71
71568;46.712;5.128
71570;46.878;4.977
71571;46.396;4.44
71572;46.583;4.856
71573;46.368;4.07
71574;46.378;4.737
71576;46.529;4.922
71577;46.8;5.103
71578;46.957;5.168
71579;46.762;4.589
71580;46.664;5.225
71581;46.354;4.008
71582;46.461;4.601
71583;46.268;4.778
71584;46.445;4.85
71585;46.852;4.87
71586;46.472;4.338
71588;46.461;4.06
71589;46.68;3.718
71590;46.473;4.168
71591;46.442;4.88
72001;48.067;0.106
72002;48.4;0.321
72003;47.959;0.144
72004;48.04;-0.044
72005;48.36;0.174
72006;48.396;0.081
72007;47.994;0.428
72008;47.929;0.191
72009;47.789;-0.111
72010;47.886;-0.226
72011;48.322;-0.003
72012;48.203;0.079
72013;47.684;0.25
72015;48.438;0.343
72016;47.904;-0.345
72017;48.001;-0.075
72018;48.266;0.359
72019;47.957;-0.267
72020;48.234;0.672
72021;47.86;-0.193
72022;47.772;-0.18
72023;48.172;0.226
72024;48.103;0.144
72025;47.686;-0.172
72026;48.142;0.342
72027;47.687;0.58
72028;47.757;0.384
72029;48.225;0.112
72031;48.083;0.509
72032;48.002;0.75
72034;48.375;0.068
72035;47.824;0.722
72036;48.365;0.092
72037;48.45;0.336
72038;48.135;0.558
72039;48.185;0.452
72040;48.164;0.547
72041;48.076;0.634
72042;47.968;0.551
72043;48.346;0.132
72044;47.761;-0.063
72045;48.01;-0.027
72046;47.996;0.5
72047;47.911;0.327
72048;48.175;0.393
72049;47.651;0.357
72050;47.981;-0.23
72051;47.834;0.07
72052;47.752;0.514
72053;47.934;0.429
72054;48.016;0.334
72056;48.384;0.125
72057;48.083;0.747
72058;47.978;0.297
72059;47.92;-0.154
72060;47.628;0.23
72061;47.736;-0.239
72062;48.227;0.584
72064;47.856;0.719
72065;48.036;0.157
72066;48.109;0.091
72067;48.104;0.465
72068;47.73;0.582
72070;48.021;-0.127
72071;47.702;0.431
72072;47.802;0.199
72073;48.018;0.063
72074;48.053;-0.203
72075;47.929;-0.012
72076;48.448;0.16
72077;47.604;0.355
72078;48.281;0.176
72079;48.35;0.114
72080;48.155;0.657
72083;47.942;-0.218
72084;47.733;-0.024
72085;47.862;0.654
72086;48.314;0.354
72087;47.972;0.727
72088;48.21;0.255
72089;48.122;-0.013
72090;48.051;0.468
72091;48.413;0.359
72093;48.168;0.709
72094;47.985;0.626
72095;48.033;0.211
72096;48.022;0.017
72098;47.692;0.194
72099;48.127;0.282
72100;47.794;-0.024
72101;48.177;0.344
72102;48.236;0.392
72103;47.816;0.555
72104;48.291;0.277
72105;48.157;0.74
72106;47.806;-0.315
72107;47.979;-0.037
72109;48.18;-0.064
72110;47.736;-0.155
72111;48.085;0.017
72112;48.249;0.261
72113;48.053;0.074
72114;48.208;0.576
72115;47.666;0.484
72118;48.036;0.594
72119;48.109;0.045
72120;48.256;0.184
72121;48.276;-0.05
72122;48.068;0.535
72123;47.83;-0.134
72124;47.825;0.285
72125;47.938;0.637
72126;48.04;-0.132
72127;47.963;0.077
72128;47.9;0.627
72129;48.046;0.335
72130;48.001;0.072
72131;47.897;-0.036
72132;48.184;0.635
72133;47.902;0.115
72134;47.732;0.457
72135;47.794;0.047
72136;47.907;-0.215
72137;48.438;0.237
72138;48.282;0.023
72139;48.323;0.082
72141;48.358;0.03
72142;48.307;0.181
72143;47.867;0.463
72144;48.137;0.824
72145;48.189;-0.156
72146;47.884;0.142
72147;48.118;0.201
72148;48.211;0.382
72149;48.016;-0.195
72150;48.108;0.23
72151;47.868;-0.292
72152;48.245;0.126
72153;47.792;0.41
72154;47.689;-0.065
72155;47.868;0.234
72156;48.106;0.71
72157;48.084;0.063
72158;48.058;0.657
72160;47.719;0.346
72161;47.76;0.564
72163;47.77;-0.013
72164;48.356;0.211
72165;48.086;0.413
72166;48.021;-0.085
72167;47.783;-0.239
72168;47.998;-0.138
72169;47.941;0.049
72170;48.336;0.201
72171;48.428;0.294
72172;48.08;0.597
72173;47.718;0.392
72174;48.211;0.213
72175;47.704;0.095
72176;47.654;0.15
72177;47.939;-0.055
72178;47.938;0.577
72179;47.813;-0.088
72180;48.354;0.371
72181;47.988;0.2
72182;47.741;0.134
72183;47.705;0.527
72184;47.981;-0.179
72185;47.72;0.008
72186;48.206;0.149
72187;47.818;0.352
72188;48.376;0.363
72189;48.254;0.32
72190;47.918;0.793
72191;47.764;0.28
72192;48.314;0.234
72193;48.095;0.814
72194;48.237;0.202
72195;47.83;-0.016
72196;48.202;0.298
72197;48.156;0.048
72198;48.067;0.136
72199;48.247;0.06
72200;47.898;0.196
72201;48.273;0.389
72202;48.287;0.326
72204;47.955;0.686
72205;48.153;0.182
72208;48.107;0.771
72209;48.241;-0.038
72210;47.862;0.572
72211;48.244;-0.113
72212;48.374;-0.013
72213;47.919;0.244
72214;48.254;0.393
72215;48.388;0.245
72216;48.154;-0.007
72217;48.076;0.214
72218;48.088;-0.207
72219;48.079;-0.022
72220;48.24;0.504
72221;47.656;0.398
72222;48.238;0.228
72223;47.859;-0.1
72224;48.02;0.486
72225;48.349;0.074
72226;47.802;0.11
72227;48.339;0.3
72228;47.821;-0.193
72229;48.117;-0.186
72230;47.856;0.124
72231;47.932;0.372
72232;47.726;-0.337
72233;48.25;0.371
72234;48.202;-0.042
72235;48.266;0.114
72236;47.798;-0.367
72237;47.91;-0.09
72238;48.323;0.334
72239;47.916;-0.272
72241;48.058;0.402
72243;47.759;0.199
72244;47.764;-0.318
72245;48.227;0.62
72246;48.154;0.475
72247;47.993;0.106
72248;47.839;0.422
72249;48.051;0.042
72250;47.958;0.811
72251;48.277;0.217
72252;47.787;0.158
72253;47.894;0.072
72254;48.319;0.148
72255;48.155;-0.2
72256;48.138;-0.12
72257;48.0;0.142
72259;48.229;0.439
72260;47.943;0.266
72261;48.057;-0.115
72262;47.785;0.618
72264;47.838;-0.355
72265;48.218;0.346
72266;48.258;0.009
72267;48.179;0.579
72268;47.818;0.237
72269;47.925;0.748
72270;48.308;0.311
72271;48.126;0.434
72272;47.901;0.683
72273;48.234;0.061
72274;47.964;-0.138
72275;48.077;0.342
72276;48.274;0.458
72277;48.162;0.507
72278;48.031;-0.276
72279;47.826;0.591
72280;47.972;0.101
72281;48.2;0.523
72282;48.295;-0.11
72283;47.628;0.286
72286;47.882;0.733
72287;47.87;0.2
72289;48.138;0.158
72290;48.158;0.122
72291;47.758;0.055
72292;48.131;0.733
72293;47.865;-0.034
72294;48.354;-0.087
72295;48.353;0.337
72296;48.109;0.652
72297;48.183;0.122
72298;47.932;0.506
72299;47.87;0.343
72300;48.018;0.379
72302;48.151;0.598
72303;48.009;0.573
72305;48.291;0.051
72306;47.836;0.212
72307;47.958;-0.179
72308;48.414;0.115
72309;48.326;-0.117
72310;48.041;0.195
72311;47.636;0.434
72312;47.942;-0.136
72313;48.293;0.42
72314;47.796;0.508
72315;48.182;-0.103
72316;48.322;0.383
72317;48.349;0.251
72319;48.136;0.09
72320;48.059;0.173
72321;48.079;-0.141
72322;48.157;0.84
72323;48.317;0.038
72324;48.296;0.373
72325;47.821;0.481
72326;48.326;0.288
72327;47.722;0.229
72328;48.042;0.247
72329;48.083;0.288
72330;47.63;0.072
72331;48.101;0.581
72332;48.212;0.017
72333;48.021;0.672
72334;48.186;-0.133
72335;48.106;0.349
72336;47.844;-0.281
72337;48.315;-0.044
72338;48.12;0.173
72339;47.967;0.014
72340;48.137;0.238
72341;48.022;0.441
72342;48.217;0.649
72343;47.825;-0.412
72344;47.925;0.151
72345;47.979;0.462
72346;47.877;0.025
72347;47.888;-0.149
72348;47.988;-0.095
72349;48.185;0.188
72350;47.89;0.278
72351;48.11;-0.086
72352;48.204;0.406
72353;48.172;0.786
72354;48.285;0.25
72355;48.312;0.205
72356;47.765;0.462
72357;47.666;0.034
72358;48.03;0.52
72359;48.132;0.392
72360;48.029;0.116
72361;47.903;0.556
72362;48.18;0.082
72363;48.121;0.508
72364;47.672;0.315
72366;48.006;0.805
72367;47.96;-0.084
72368;47.835;0.66
72369;47.72;0.299
72370;48.182;0.018
72372;48.354;0.295
72373;48.048;0.74
72374;48.387;0.295
72375;48.134;0.608
72376;47.88;0.502
72377;47.757;-0.105
72378;47.815;-0.264
72379;47.988;-0.291
72380;48.24;0.162
72381;47.928;0.084
72382;47.952;0.47
72383;48.086;0.554
72385;47.834;0.16
72386;48.023;0.282
73001;45.548;5.814
73003;45.52;6.515
73004;45.609;6.089
73005;45.651;6.088
73006;45.553;6.618
73007;45.573;6.257
73008;45.698;5.904
73010;45.79;5.937
73011;45.668;6.405
73012;45.239;6.358
73013;45.188;6.34
73014;45.712;6.372
73015;45.37;6.588
73017;45.501;5.936
73018;45.511;6.075
73019;45.489;6.333
73020;45.721;6.063
73021;45.41;6.17
73022;45.514;5.779
73023;45.255;6.729
73024;45.461;6.444
73025;45.571;5.694
73026;45.178;6.747
73027;45.572;5.75
73028;45.678;5.705
73029;45.552;5.939
73030;45.57;5.983
73031;45.581;5.939
73032;45.638;6.474
73033;45.482;5.77
73034;45.686;6.603
73036;45.738;6.145
73039;45.565;5.676
73040;45.292;7.045
73041;45.527;6.182
73042;45.719;5.815
73043;45.759;5.916
73047;45.386;7.092
73048;45.582;6.33
73049;45.563;6.315
73050;45.677;5.854
73051;45.644;5.846
73052;45.482;6.212
73053;45.553;6.247
73054;45.665;6.766
73055;45.462;6.651
73057;45.454;6.568
73058;45.53;5.738
73059;45.74;5.882
73061;45.703;6.414
73063;45.609;6.497
73064;45.549;5.984
73065;45.583;5.909
73067;45.367;6.294
73068;45.565;6.207
73069;45.534;6.218
73070;45.627;5.668
73071;45.45;6.778
73072;45.508;6.208
73073;45.804;5.796
73074;45.422;6.294
73075;45.45;6.074
73076;45.714;5.855
73077;45.607;6.712
73078;45.65;5.754
73079;45.547;6.181
73081;45.681;6.13
73082;45.493;6.066
73083;45.39;6.289
73084;45.524;6.014
73085;45.813;5.845
73086;45.648;6.273
73087;45.56;5.892
73088;45.763;6.496
73089;45.526;6.131
73090;45.66;6.148
73091;45.794;5.823
73092;45.439;5.829
73094;45.79;6.516
73095;45.475;6.118
73096;45.531;6.093
73097;45.56;6.011
73098;45.641;5.996
73099;45.446;6.099
73100;45.537;5.702
73101;45.696;6.176
73103;45.661;5.938
73104;45.551;5.749
73105;45.452;5.743
73106;45.629;6.188
73107;45.462;5.885
73109;45.452;6.325
73110;45.627;6.419
73113;45.473;6.561
73114;45.835;6.53
73116;45.246;6.282
73117;45.179;6.638
73119;45.184;6.612
73120;45.592;6.209
73121;45.633;6.311
73122;45.607;5.737
73123;45.874;6.51
73124;45.653;6.35
73128;45.724;5.934
73129;45.601;6.246
73130;45.642;6.384
73131;45.517;6.544
73132;45.764;6.615
73133;45.528;6.166
73135;45.305;6.39
73137;45.552;5.917
73138;45.287;6.308
73139;45.669;6.213
73140;45.737;5.801
73141;45.454;6.032
73142;45.564;6.762
73145;45.536;5.792
73146;45.707;6.103
73147;45.648;5.726
73149;45.761;5.794
73150;45.522;6.694
73151;45.492;5.992
73152;45.615;5.779
73153;45.732;6.394
73154;45.688;6.344
73155;45.637;5.935
73156;45.647;5.786
73157;45.175;6.648
73159;45.466;6.059
73160;45.524;5.911
73161;45.466;6.599
73162;45.619;6.266
73164;45.709;5.99
73166;45.523;6.24
73168;45.536;6.276
73170;45.622;6.373
73171;45.508;6.056
73173;45.215;6.408
73175;45.532;6.367
73176;45.633;6.875
73177;45.333;6.335
73178;45.712;6.132
73179;45.601;5.854
73180;45.919;5.845
73181;45.486;6.537
73182;45.68;5.948
73183;45.519;5.978
73184;45.586;5.803
73186;45.795;6.557
73187;45.527;6.461
73188;45.613;6.356
73189;45.375;6.31
73190;45.503;6.605
73191;45.588;5.772
73192;45.667;6.055
73193;45.749;5.823
73194;45.198;6.561
73196;45.693;6.39
73197;45.51;6.815
73200;45.507;6.094
73201;45.423;6.715
73202;45.678;6.294
73204;45.536;5.681
73205;45.497;6.236
73206;45.35;6.72
73207;45.442;6.169
73208;45.692;5.955
73210;45.569;6.041
73211;45.707;6.465
73212;45.544;6.328
73213;45.556;5.96
73214;45.581;5.714
73215;45.459;6.112
73216;45.571;6.423
73217;45.472;6.137
73218;45.852;5.843
73219;45.552;5.779
73220;45.468;6.249
73221;45.315;6.236
73222;45.588;5.958
73223;45.224;6.616
73224;45.349;6.316
73225;45.53;5.946
73226;45.507;5.725
73227;45.39;6.647
73228;45.521;5.879
73229;45.452;5.786
73230;45.267;6.183
73231;45.346;6.26
73232;45.584;6.941
73233;45.49;5.743
73234;45.683;6.037
73235;45.412;6.374
73236;45.596;5.656
73237;45.508;6.285
73240;45.48;6.055
73241;45.602;6.326
73242;45.166;6.272
73243;45.597;5.991
73245;45.696;5.826
73246;45.465;5.814
73247;45.559;6.12
73248;45.271;6.346
73249;45.533;5.989
73250;45.28;6.418
73252;45.44;6.264
73253;45.498;6.566
73254;45.594;5.715
73255;45.319;6.294
73256;45.207;6.459
73257;45.334;6.517
73258;45.264;6.46
73259;45.372;6.323
73261;45.238;6.493
73262;45.824;6.479
73263;45.739;6.01
73265;45.756;5.981
73267;45.266;6.301
73268;45.587;6.407
73269;45.673;5.792
73270;45.576;6.16
73271;45.626;5.739
73272;45.454;6.259
73273;45.766;5.829
73274;45.418;5.88
73275;45.461;5.759
73276;45.488;6.105
73277;45.607;6.143
73278;45.388;6.238
73280;45.201;6.202
73281;45.564;5.845
73282;45.494;5.832
73283;45.626;6.3
73284;45.472;6.53
73285;45.648;6.836
73286;45.881;5.843
73288;45.62;5.917
73289;45.472;6.186
73290;45.344;6.848
73292;45.718;6.387
73293;45.599;6.044
73294;45.541;6.056
73296;45.482;6.936
73297;45.638;6.327
73298;45.666;6.462
73299;45.672;5.737
73300;45.674;5.89
73301;45.705;5.969
73302;45.504;6.152
73303;45.772;6.433
73304;45.431;6.998
73306;45.123;6.424
73307;45.152;6.508
73308;45.687;6.418
73309;45.554;5.724
73310;45.621;5.953
73311;45.451;6.185
73312;45.663;6.29
73313;45.629;5.798
73314;45.514;6.139
73315;45.501;6.174
73316;45.486;6.135
73317;45.728;6.519
73318;45.24;6.264
73320;45.253;6.379
73322;45.219;6.692
73323;45.558;6.869
73324;45.462;6.079
73326;45.539;5.85
73327;45.831;5.808
73328;45.65;5.898
73329;45.627;5.891
73330;45.702;5.765
74001;46.266;6.732
74002;45.816;6.016
74003;45.881;6.236
74004;45.759;6.086
74005;46.334;6.465
74006;46.0;6.105
74007;46.073;6.331
74008;46.196;6.224
74009;46.07;6.071
74010;45.891;6.126
74012;46.191;6.242
74013;46.353;6.428
74014;46.03;6.661
74015;46.086;6.207
74016;46.122;6.14
74018;46.098;6.339
74019;45.947;6.148
74020;46.352;6.512
74021;46.161;6.269
74024;46.087;6.446
74025;46.293;6.344
74026;45.97;6.045
74027;45.91;6.286
74029;45.991;5.828
74030;46.284;6.609
74031;46.098;6.121
74032;46.228;6.553
74033;46.357;6.699
74034;46.273;6.64
74035;45.82;5.95
74036;45.866;6.222
74037;46.219;6.385
74038;46.194;6.439
74040;46.172;6.319
74041;46.295;6.666
74042;46.074;6.409
74043;46.263;6.361
74044;46.15;6.173
74045;45.805;6.384
74046;45.851;5.984
74048;46.269;6.394
74049;46.035;6.434
74050;46.232;6.426
74051;46.022;6.048
74052;46.062;6.039
74053;46.281;6.448
74054;45.778;5.99
74055;46.022;5.827
74056;45.931;6.924
74057;46.372;6.554
74058;46.301;6.793
74059;46.073;6.239
74060;45.772;6.154
74061;45.839;6.039
74062;45.982;6.158
74063;46.249;6.817
74064;46.089;6.578
74065;46.045;5.945
74066;46.05;6.016
74067;45.884;6.05
74068;46.05;5.859
74069;46.103;5.991
74070;46.31;6.268
74071;46.041;5.906
74072;45.73;6.208
74073;46.333;6.641
74074;46.112;5.911
74075;45.989;5.957
74076;45.997;6.054
74077;46.075;5.896
74078;45.973;5.909
74079;45.845;6.327
74080;45.9;6.46
74081;46.063;6.579
74082;46.136;6.161
74083;45.891;6.637
74085;45.789;6.732
74086;46.022;5.982
74087;46.134;6.339
74088;46.044;6.07
74089;45.909;6.569
74090;46.09;6.292
74091;46.181;6.631
74094;46.197;6.304
74095;45.947;5.903
74096;46.036;6.115
74097;45.758;6.033
74098;45.977;6.109
74099;45.874;6.633
74100;46.0;5.888
74101;46.089;5.95
74102;45.929;6.25
74103;45.907;6.664
74104;45.771;6.222
74105;46.306;6.299
74106;46.296;6.473
74107;45.962;5.881
74108;45.82;6.195
74109;46.084;5.847
74111;45.776;6.181
74112;45.944;6.082
74114;46.202;6.66
74116;46.061;6.27
74117;45.892;6.008
74118;46.17;6.208
74119;46.392;6.586
74121;46.347;6.341
74122;46.116;6.369
74123;45.749;6.285
74124;46.11;6.073
74126;46.271;6.424
74127;46.349;6.565
74128;46.166;6.35
74129;46.318;6.616
74130;46.044;5.824
74131;46.023;5.923
74133;46.182;6.207
74134;46.154;6.66
74135;45.738;6.246
74136;45.956;6.476
74137;46.018;6.175
74138;45.783;6.063
74139;46.233;6.462
74140;46.256;6.473
74141;45.905;5.978
74142;45.792;6.011
74143;45.897;6.8
74144;46.077;5.989
74145;46.216;6.29
74146;46.37;6.588
74147;45.773;6.196
74148;45.775;6.118
74150;46.28;6.304
74151;45.911;5.89
74152;45.904;6.034
74153;46.194;6.33
74154;46.393;6.674
74155;46.279;6.51
74156;46.293;6.409
74157;46.334;6.52
74158;46.256;6.323
74159;46.001;6.634
74160;45.85;6.401
74161;45.871;6.0
74162;46.145;6.358
74163;46.332;6.422
74164;46.095;6.494
74165;45.83;5.984
74166;46.374;6.524
74167;45.765;6.351
74168;46.027;6.008
74169;46.052;6.522
74170;45.827;5.916
74171;46.323;6.326
74172;46.394;6.634
74173;45.84;6.624
74174;46.208;6.513
74175;46.401;6.732
74176;45.865;6.194
74177;46.06;6.18
74178;45.962;5.936
74179;45.986;6.006
74180;46.346;6.299
74183;46.145;6.534
74184;46.055;5.991
74185;46.153;6.212
74186;45.859;6.047
74188;46.207;6.744
74189;46.035;6.48
74190;46.063;6.673
74191;46.173;6.742
74192;45.871;5.895
74193;46.119;6.196
74194;45.806;6.039
74195;46.014;5.956
74196;46.024;6.574
74197;46.15;6.306
74198;45.932;6.197
74199;46.362;6.305
74200;46.392;6.609
74201;46.118;6.104
74202;45.923;6.027
74203;46.361;6.764
74205;46.182;6.499
74206;46.313;6.501
74208;45.955;6.741
74209;46.132;6.382
74210;46.306;6.436
74211;46.102;6.258
74212;45.997;6.391
74213;45.919;6.063
74215;45.827;6.58
74216;46.085;6.091
74218;46.39;6.542
74219;45.833;6.091
74220;46.135;6.261
74221;45.997;6.526
74222;46.324;6.562
74223;46.09;6.633
74224;46.043;6.301
74225;45.856;5.941
74226;46.193;6.382
74228;46.066;6.092
74229;46.231;6.326
74231;45.93;5.963
74232;45.795;6.152
74233;45.808;5.977
74234;45.783;6.307
74235;46.07;5.826
74236;45.857;6.74
74237;46.388;6.778
74238;46.228;6.661
74239;45.924;6.41
74240;46.111;6.415
74241;46.139;6.465
74242;45.823;6.15
74243;46.139;6.079
74244;46.037;6.353
74249;46.369;6.637
74250;46.064;6.372
74252;46.075;6.616
74253;46.042;6.323
74254;45.84;6.013
74255;45.882;5.96
74256;45.947;6.607
74257;46.003;5.991
74258;46.088;6.743
74259;46.088;6.161
74260;46.07;5.952
74261;46.245;6.403
74262;46.12;6.318
74263;46.325;6.381
74264;46.049;6.547
74265;45.812;6.335
74266;45.945;6.785
74267;45.856;6.138
74269;45.96;5.853
74271;46.24;6.603
74272;45.949;6.028
74273;46.054;6.812
74275;45.836;6.23
74276;46.126;6.608
74278;46.088;6.537
74279;46.383;6.729
74280;45.885;6.32
74281;46.37;6.482
74282;45.992;6.288
74283;45.95;5.964
74284;46.134;6.432
74285;46.014;5.851
74286;46.323;6.707
74287;46.294;6.553
74288;46.115;5.97
74289;45.905;5.942
74290;46.026;6.901
74291;46.034;5.878
74292;45.926;5.999
74293;46.27;6.268
74294;46.121;6.688
74295;46.307;6.595
74296;46.088;6.025
74297;45.926;5.928
74298;46.181;6.263
74299;45.886;6.177
74301;46.212;6.45
74302;45.913;6.375
74303;45.953;6.201
74304;46.145;6.423
74305;46.204;6.261
74306;46.044;6.159
74307;46.0;6.136
74308;46.345;6.61
74309;46.119;6.025
74310;45.811;6.076
74311;46.164;6.407
74312;46.067;6.485
74313;46.063;6.141
74314;46.11;5.936
74315;46.364;6.332
75056;;
76001;49.595;0.665
76002;49.607;0.632
76004;49.858;0.984
76005;49.404;1.125
76006;49.698;0.826
76007;49.57;1.065
76008;49.909;1.179
76009;49.691;0.661
76010;49.654;0.968
76011;49.789;0.504
76012;49.668;0.454
76013;49.768;0.502
76014;49.587;0.293
76015;49.834;0.799
76016;49.778;0.783
76017;49.63;0.235
76018;49.708;0.966
76019;49.839;1.093
76020;49.45;0.892
76021;49.68;0.432
76022;49.536;0.633
76023;49.7;0.749
76024;49.741;1.273
76025;49.546;1.526
76026;49.882;1.137
76028;49.81;1.68
76029;49.808;1.568
76030;49.848;1.121
76032;49.829;0.584
76033;49.686;0.379
76034;49.712;1.113
76035;49.769;1.755
76036;49.831;1.031
76038;49.598;1.146
76039;49.339;1.133
76040;49.796;0.854
76041;49.655;0.728
76042;49.758;1.575
76043;49.601;0.734
76045;49.633;0.884
76046;49.437;1.31
76047;49.742;0.932
76048;49.473;1.676
76049;49.918;1.408
76050;49.85;0.933
76051;49.796;1.01
76052;49.81;1.422
76053;49.79;1.431
76054;49.908;1.35
76055;49.639;0.761
76056;49.434;0.923
76057;49.545;0.957
76058;49.985;1.413
76059;49.948;1.548
76060;49.647;1.514
76062;49.663;1.22
76063;49.739;1.025
76064;49.658;0.218
76065;49.689;1.575
76066;49.636;1.048
76067;49.484;1.583
76068;49.705;0.449
76069;49.385;1.138
76070;49.718;1.236
76071;49.911;1.228
76072;49.704;0.989
76074;49.605;1.603
76075;49.768;1.05
76076;49.672;0.484
76077;49.752;0.828
76079;49.717;0.246
76082;49.622;0.477
76083;49.755;0.592
76084;49.767;0.58
76085;49.812;1.043
76086;49.67;0.998
76087;49.712;0.837
76088;49.474;0.895
76090;49.592;0.421
76091;49.71;0.613
76092;49.575;0.548
76093;49.435;1.614
76094;49.536;1.274
76095;;
76096;49.722;1.048
76097;49.776;0.92
76099;49.557;0.848
76100;49.504;1.292
76101;49.917;1.621
76103;49.426;1.129
76104;49.852;0.802
76105;49.609;1.07
76106;49.428;1.259
76107;49.54;1.414
76108;49.472;1.12
76109;49.564;1.408
76110;49.581;0.691
76111;49.452;1.256
76112;49.838;1.149
76113;49.518;1.36
76114;49.576;0.484
76115;49.603;0.564
76116;49.381;1.203
76117;49.698;0.242
76118;49.626;0.353
76119;49.635;1.254
76120;49.605;1.409
76121;49.574;1.43
76122;49.824;1.522
76123;49.541;1.125
76124;49.452;1.65
76125;49.622;1.186
76126;49.669;1.348
76128;49.763;0.684
76129;49.72;0.874
76130;49.722;1.492
76131;49.35;0.934
76132;49.673;0.94
76133;49.87;0.893
76134;49.796;0.824
76135;49.557;0.895
76136;49.817;0.949
76138;49.665;1.17
76139;49.66;1.385
76140;49.782;0.87
76141;49.626;0.404
76142;49.514;1.617
76143;49.665;0.386
76144;49.766;0.869
76146;49.59;1.351
76147;49.721;1.359
76148;49.779;1.335
76149;49.613;1.02
76151;49.836;0.736
76152;49.586;1.23
76153;49.704;1.022
76154;49.862;1.663
76155;49.98;1.343
76156;49.806;0.598
76157;49.433;1.014
76158;49.774;0.836
76159;49.775;0.633
76160;49.556;0.817
76161;49.719;0.723
76162;49.757;1.157
76163;49.511;1.327
76164;49.53;0.735
76165;49.282;1.026
76166;49.776;1.593
76167;49.594;0.145
76168;49.771;1.141
76169;49.488;0.416
76170;49.822;1.146
76171;49.522;1.428
76172;49.858;0.846
76173;49.818;1.118
76174;49.612;0.888
76175;49.814;1.474
76176;49.793;0.621
76177;49.589;1.186
76178;49.316;1.04
76179;49.591;1.103
76180;49.704;0.648
76181;49.622;0.616
76182;49.674;0.658
76183;49.752;0.457
76184;49.848;1.029
76185;49.658;1.56
76186;49.697;1.638
76187;49.725;0.438
76188;49.64;1.224
76189;49.805;0.717
76190;49.804;0.878
76192;50.019;1.324
76193;49.693;1.204
76194;49.74;0.333
76195;49.79;0.562
76196;49.637;0.267
76197;49.782;1.076
76198;49.672;0.85
76199;49.676;1.702
76200;49.615;1.244
76201;49.46;1.407
76202;49.803;1.369
76203;49.598;0.837
76204;49.737;1.147
76205;49.819;1.082
76206;49.666;0.264
76207;49.952;1.389
76208;49.511;1.692
76209;49.535;1.663
76210;49.857;1.204
76211;49.901;1.539
76212;49.444;1.156
76213;49.696;0.482
76214;49.808;1.091
76216;49.466;1.051
76217;49.922;1.087
76218;49.566;1.699
76219;49.73;0.787
76220;49.874;1.32
76221;49.792;0.737
76222;49.489;0.867
76223;49.617;0.81
76224;49.646;0.313
76225;49.63;0.672
76226;49.791;0.486
76227;49.655;0.93
76228;49.644;0.809
76229;49.494;1.652
76230;49.478;1.381
76231;49.277;0.997
76232;49.79;0.458
76233;49.801;1.728
76234;49.622;0.962
76235;49.898;1.264
76236;49.659;0.67
76237;49.525;0.836
76238;49.563;0.23
76239;49.538;0.314
76240;49.705;0.368
76241;49.804;0.784
76242;49.455;1.712
76243;49.541;1.36
76244;49.705;1.386
76245;49.548;1.046
76247;49.609;1.216
76249;49.64;1.144
76250;49.567;0.309
76251;49.733;0.825
76252;50.033;1.39
76253;49.672;0.783
76254;49.705;0.205
76255;50.041;1.429
76257;49.864;1.567
76258;49.657;0.585
76259;49.752;0.395
76260;49.486;1.758
76261;49.577;1.537
76262;49.79;1.488
76263;49.465;1.521
76264;49.631;0.832
76265;49.726;1.583
76266;50.035;1.365
76268;49.675;0.309
76269;49.678;1.422
76270;49.538;0.141
76271;49.571;1.157
76272;49.814;0.846
76273;49.486;1.169
76274;49.694;0.944
76275;49.57;0.178
76276;49.612;1.533
76278;49.848;1.564
76279;49.616;0.592
76280;49.825;1.417
76281;49.521;0.574
76282;49.308;1.068
76283;49.746;1.344
76284;49.651;1.093
76285;49.414;1.297
76286;49.887;1.435
76287;49.562;1.012
76288;49.819;1.217
76289;49.565;0.833
76290;49.62;1.132
76291;49.715;0.336
76292;49.527;1.537
76293;49.759;0.782
76294;49.838;0.864
76295;49.657;1.627
76296;49.518;0.255
76297;49.545;1.71
76298;49.732;0.404
76299;49.748;0.564
76300;49.698;0.328
76302;49.644;0.355
76303;49.552;0.36
76304;49.652;0.44
76305;49.486;0.222
76306;49.762;0.897
76307;49.632;0.214
76308;49.757;1.087
76309;49.76;0.808
76311;49.584;0.983
76312;49.48;1.718
76313;49.358;1.143
76314;49.582;0.334
76315;49.745;0.643
76316;49.475;1.3
76317;49.654;0.413
76318;49.552;0.601
76319;49.348;1.005
76320;49.917;1.485
76321;49.772;1.235
76322;49.409;1.04
76323;49.728;1.551
76324;49.924;1.149
76325;49.662;0.829
76327;49.807;0.91
76328;49.655;1.192
76329;49.55;0.514
76330;49.822;0.891
76331;49.618;1.106
76332;49.62;1.693
76333;49.952;1.526
76334;49.842;0.952
76335;49.65;1.005
76336;49.839;0.765
76338;49.522;1.476
76339;49.723;0.655
76340;49.708;0.768
76341;49.514;0.197
76342;49.654;0.539
76343;49.644;1.672
76344;49.733;1.697
76345;49.588;1.679
76346;49.765;0.755
76347;49.646;0.703
76348;49.679;0.738
76349;49.902;1.041
76350;49.363;0.978
76351;49.498;0.14
76352;49.461;1.447
76353;49.783;0.803
76354;49.475;0.951
76355;49.695;0.703
76356;49.821;0.987
76357;49.597;0.26
76358;49.492;1.405
76359;49.538;1.382
76360;49.735;1.1
76361;49.618;0.152
76362;49.453;0.802
76363;49.872;1.698
76364;49.536;1.588
76365;49.817;0.806
76366;49.511;1.037
76367;49.504;1.089
76368;49.605;0.388
76369;49.63;1.084
76370;49.624;0.99
76371;49.889;1.397
76372;49.745;1.646
76373;49.714;0.943
76374;50.005;1.5
76375;49.844;0.682
76377;49.502;1.145
76378;49.427;0.832
76379;49.774;1.009
76380;49.794;0.971
76381;49.787;1.632
76382;49.583;0.53
76383;49.748;0.96
76384;49.509;0.534
76385;49.608;0.924
76386;49.687;0.502
76387;49.71;0.907
76388;49.559;0.567
76389;49.801;1.07
76390;49.698;0.285
76391;49.324;0.92
76392;49.841;1.396
76393;49.623;1.613
76394;49.981;1.535
76395;49.883;0.948
76396;49.547;1.29
76397;49.796;1.107
76398;49.573;0.723
76399;49.772;1.448
76400;49.823;0.918
76401;49.446;0.754
76402;49.526;1.049
76403;49.83;0.606
76404;49.567;0.257
76405;49.832;1.067
76406;49.694;0.347
76407;49.858;0.752
76408;49.612;0.348
76409;49.596;0.175
76410;49.477;1.032
76411;49.78;1.683
76412;49.452;1.295
76413;49.86;1.144
76414;49.91;1.132
76415;49.688;1.395
76416;49.623;1.382
76417;49.688;1.334
76418;49.555;0.708
76419;49.396;0.902
76420;49.599;1.461
76421;49.54;0.436
76422;49.961;1.476
76423;49.56;1.647
76424;49.761;1.481
76425;49.692;0.41
76426;49.558;1.57
76427;49.766;1.387
76428;49.818;0.771
76429;49.414;1.145
76430;49.763;1.301
76431;49.516;1.508
76432;49.67;1.522
76433;49.589;0.883
76434;49.397;1.275
76435;49.972;1.441
76436;49.414;0.855
76437;49.841;1.222
76438;49.981;1.498
76439;49.606;0.44
76440;49.522;1.725
76441;49.947;1.573
76442;49.993;1.459
76443;49.571;1.114
76445;49.622;1.346
76446;49.459;0.998
76447;49.544;0.19
76448;49.409;1.246
76449;49.686;1.156
76450;49.432;1.662
76451;49.468;1.082
76452;49.546;1.082
76453;49.52;1.251
76454;49.744;1.546
76455;49.481;1.432
76456;49.631;0.854
76457;49.343;0.958
76458;49.766;1.187
76459;49.704;1.522
76460;49.902;1.669
76461;49.646;1.361
76462;49.74;1.447
76463;49.422;1.693
76464;49.369;1.25
76465;49.711;1.454
76467;49.824;0.711
76468;49.598;0.473
76469;49.494;1.482
76470;49.691;0.587
76471;49.482;0.644
76472;49.845;1.298
76473;49.496;0.753
76474;49.488;1.054
76475;49.404;1.183
76476;49.49;0.573
76477;49.594;0.221
76478;49.75;1.129
76479;49.771;1.647
76480;49.798;0.686
76481;49.559;0.118
76482;49.871;1.035
76483;49.727;0.69
76484;49.348;1.074
76485;49.791;1.049
76486;49.319;0.996
76487;49.797;1.304
76488;49.785;0.588
76489;49.485;0.281
76490;49.733;0.599
76491;49.694;0.866
76492;49.874;0.982
76493;49.844;0.631
76494;49.586;0.388
76495;49.576;0.947
76497;49.381;1.034
76498;49.424;1.06
76499;49.454;0.584
76500;49.888;1.638
76501;49.675;0.23
76502;49.54;1.254
76503;49.534;1.002
76504;49.819;0.753
76505;49.61;1.631
76506;49.735;1.305
76507;50.039;1.456
76508;49.678;0.178
76509;49.487;1.216
76510;49.734;0.847
76511;49.88;1.505
76512;49.879;1.462
76513;49.415;0.961
76514;49.354;1.19
76515;49.897;0.92
76516;49.725;1.419
76517;49.521;1.178
76518;49.602;0.522
76519;49.793;0.924
76520;49.86;1.621
76521;49.513;1.393
76522;49.526;0.41
76523;49.812;1.594
76524;49.747;0.863
76526;49.798;1.269
76527;49.81;1.644
76528;49.924;1.582
76529;49.723;0.564
76530;49.715;0.696
76531;49.668;0.703
76532;49.608;1.298
76533;49.486;0.26
76534;49.579;0.211
76535;49.615;1.488
76536;49.464;1.182
76537;49.724;1.623
76538;49.697;1.256
76540;49.441;1.093
76541;49.508;0.969
76542;49.73;0.748
76543;49.627;0.498
76544;49.577;1.478
76545;49.9;1.1
76546;49.779;0.953
76547;49.567;1.254
76548;49.473;1.336
76549;49.757;0.924
76550;49.367;0.949
76551;49.552;0.293
76552;49.51;0.078
76553;49.825;1.338
76554;49.497;1.348
76555;49.549;1.222
76556;49.539;0.481
76557;49.537;0.677
76558;49.376;1.16
76559;49.573;0.63
76560;49.419;1.205
76561;49.303;1.018
76562;49.868;1.176
76563;49.522;0.319
76564;49.889;0.876
76565;49.882;1.078
76566;49.602;0.972
76567;49.758;1.528
76568;49.602;0.784
76569;49.796;0.762
76570;49.774;1.111
76571;49.563;1.341
76572;49.863;0.943
76573;49.459;1.353
76574;49.703;1.086
76575;49.382;1.09
76576;49.554;0.451
76577;49.799;1.139
76578;49.658;1.423
76580;49.547;1.175
76581;49.534;1.316
76582;49.837;1.181
76583;49.579;1.209
76584;49.766;1.511
76585;49.558;0.653
76586;49.573;0.371
76587;49.772;0.461
76588;49.739;1.198
76589;49.784;1.156
76590;49.848;1.252
76591;49.446;1.208
76592;49.505;0.5
76593;49.575;0.428
76594;49.5;1.011
76595;49.639;0.178
76596;49.533;0.269
76597;49.743;0.887
76598;49.83;1.612
76599;49.43;1.164
76600;49.732;0.342
76601;;
76602;49.676;1.092
76603;49.649;0.47
76604;49.761;1.015
76605;49.907;0.955
76606;49.782;1.722
76608;49.512;0.822
76609;49.665;0.205
76610;49.626;0.782
76611;49.651;0.89
76612;49.832;1.669
76613;49.827;0.551
76614;49.445;0.963
76615;49.601;0.202
76616;49.537;0.235
76617;49.47;1.155
76618;49.961;1.219
76619;49.975;1.367
76620;49.746;1.403
76621;49.642;1.301
76622;49.459;0.625
76623;49.609;1.657
76624;49.874;1.238
76626;49.56;0.618
76627;49.514;0.47
76628;49.632;1.024
76629;49.76;0.959
76630;49.903;1.301
76631;49.524;0.883
76632;49.738;0.974
76634;49.392;0.941
76635;49.849;1.451
76636;49.502;0.924
76637;49.807;0.5
76638;50.011;1.44
76640;49.278;1.048
76641;49.849;0.885
76642;49.827;0.85
76644;50.01;1.392
76645;49.884;1.573
76646;49.82;0.666
76647;49.529;0.364
76648;49.675;1.277
76649;49.682;1.481
76650;49.611;0.306
76651;49.848;0.66
76652;49.815;1.261
76653;49.758;0.722
76654;49.686;1.01
76655;49.86;0.707
76656;49.665;1.124
76657;49.469;0.348
76658;49.509;0.36
76660;49.478;0.301
76662;49.772;0.896
76663;49.799;0.529
76664;49.783;0.691
76665;49.92;1.205
76666;49.577;1.615
76667;49.848;1.06
76668;49.637;0.925
76669;49.671;0.35
76670;49.772;0.415
76671;49.947;1.42
76672;49.628;1.545
76673;49.477;1.271
76675;49.592;1.037
76676;49.534;1.467
76677;49.855;1.487
76678;49.639;1.447
76679;49.711;0.671
76680;49.703;0.555
76681;49.41;1.095
76682;49.317;1.116
76683;49.873;0.828
76684;49.481;0.452
76685;49.756;0.523
76686;49.762;0.546
76688;49.728;0.488
76689;49.72;0.518
76690;49.84;0.996
76691;49.638;1.58
76692;49.688;0.628
76693;49.686;0.204
76694;49.783;0.91
76695;49.663;0.501
76697;49.794;1.177
76698;49.815;1.18
76699;49.726;0.905
76700;49.684;1.043
76702;49.585;0.764
76703;49.992;1.321
76705;49.328;1.092
76706;49.712;0.4
76707;49.86;1.093
76708;49.737;0.44
76709;49.484;0.819
76710;49.665;0.521
76711;50.053;1.373
76712;49.546;0.558
76714;49.551;0.403
76715;49.584;0.6
76716;49.61;0.241
76717;49.386;0.99
76718;49.617;0.711
76719;49.74;0.513
76720;49.903;0.996
76721;49.654;1.043
76723;49.689;1.076
76724;49.788;1.518
76725;49.628;0.449
76726;49.723;0.286
76727;49.454;0.684
76728;49.482;0.994
76730;49.738;0.711
76731;49.794;0.899
76732;49.816;0.586
76733;49.712;1.3
76734;49.612;0.282
76735;49.867;0.786
76736;49.845;0.588
76737;49.69;0.913
76738;49.566;1.295
76739;49.832;1.707
76740;49.496;1.246
76741;49.66;0.24
76743;49.535;0.927
76744;49.826;1.558
76745;49.941;1.457
76746;49.808;0.556
76747;49.592;0.356
76748;49.814;0.637
76749;49.864;1.371
76750;49.457;0.827
76751;49.631;0.534
76752;49.672;0.887
76753;49.347;1.167
76754;49.735;0.314
76755;49.694;0.531
76756;49.593;1.259
76757;49.689;0.807
76758;49.618;0.762
76759;49.413;0.883
77001;48.348;2.565
77002;48.736;3.135
77003;48.287;2.531
77004;48.615;2.807
77005;48.922;2.708
77006;48.41;2.561
77007;48.652;2.871
77008;48.981;3.016
77009;48.181;2.557
77010;48.62;2.903
77011;48.205;2.601
77012;48.667;3.352
77013;48.849;3.089
77014;48.413;2.734
77015;48.389;3.345
77016;48.223;2.708
77018;48.843;2.817
77019;48.397;3.151
77020;48.675;3.192
77021;48.366;3.05
77022;48.448;2.6
77023;49.017;2.877
77024;48.923;3.282
77025;48.398;3.193
77026;48.602;3.421
77027;48.141;2.492
77029;48.642;2.864
77030;48.842;3.324
77031;48.675;2.93
77032;48.707;3.246
77033;48.667;3.24
77034;48.56;2.795
77035;48.245;3.012
77036;48.676;3.226
77037;48.476;2.702
77038;48.524;2.615
77039;48.534;2.59
77040;48.512;2.57
77041;48.312;2.493
77042;48.825;3.137
77043;48.897;3.262
77044;48.568;2.868
77045;48.199;2.667
77046;48.262;2.451
77047;48.879;2.908
77048;48.335;2.702
77049;48.913;2.929
77050;48.149;2.828
77051;48.415;3.244
77052;48.558;2.88
77053;48.692;2.614
77054;48.339;3.024
77055;48.89;2.64
77056;48.233;2.526
77057;48.927;3.238
77058;48.831;2.722
77059;48.846;2.679
77060;48.287;2.454
77061;48.364;2.991
77062;48.904;2.699
77063;48.796;2.972
77065;48.46;2.525
77066;48.705;3.346
77067;48.565;2.595
77068;48.507;3.139
77069;48.47;2.612
77070;48.792;3.134
77071;48.191;2.814
77072;48.55;3.446
77073;48.527;3.315
77075;48.895;2.773
77076;48.49;3.256
77077;48.998;2.894
77078;48.985;3.142
77079;48.409;2.808
77080;48.671;3.277
77081;48.622;2.731
77082;48.592;2.811
77083;48.848;2.596
77084;48.966;3.025
77085;48.858;2.74
77086;48.531;2.863
77087;48.652;2.992
77088;48.316;2.567
77089;48.506;2.961
77090;48.558;3.18
77091;48.744;2.836
77093;48.777;3.383
77094;48.951;2.779
77095;48.97;2.756
77096;48.494;2.714
77097;48.751;3.263
77098;48.583;3.109
77099;48.148;2.7
77100;48.502;2.803
77101;48.42;3.094
77102;48.231;2.627
77103;48.538;2.827
77104;48.713;2.816
77106;48.822;3.181
77107;48.667;2.845
77108;48.884;2.597
77109;48.622;3.192
77110;48.165;2.653
77111;48.872;2.77
77112;48.246;2.602
77113;48.734;3.196
77114;48.723;2.677
77115;48.249;2.96
77116;48.765;3.213
77117;48.961;3.246
77118;48.943;2.675
77119;48.604;3.014
77120;49.018;3.107
77121;48.827;2.677
77122;48.658;2.575
77123;48.989;2.656
77124;48.858;2.719
77125;48.899;2.836
77126;49.012;2.978
77127;48.678;2.708
77128;48.882;2.865
77129;49.078;3.128
77130;48.892;2.929
77131;48.812;3.091
77132;48.886;2.794
77133;48.413;3.053
77134;48.642;3.29
77135;48.643;2.954
77136;48.68;2.748
77137;48.703;3.291
77138;48.658;2.896
77139;48.917;2.603
77140;48.473;2.997
77141;48.853;2.848
77142;48.857;2.933
77143;48.978;2.874
77144;48.756;2.907
77145;48.603;2.745
77146;48.817;2.656
77147;48.594;3.071
77148;49.087;3.08
77150;49.02;2.778
77151;48.714;3.165
77152;48.514;2.628
77153;49.054;2.679
77154;48.808;2.903
77155;48.894;2.746
77156;48.277;2.728
77157;49.036;3.164
77158;48.291;3.005
77159;48.478;3.118
77161;48.313;2.889
77162;48.874;3.169
77163;49.062;2.884
77164;48.464;2.93
77165;48.496;2.876
77167;48.44;3.124
77168;48.182;2.884
77169;48.82;2.609
77171;48.901;2.812
77172;48.343;2.969
77173;49.042;2.93
77174;48.46;3.264
77175;48.654;2.64
77176;48.778;3.0
77177;48.78;2.768
77178;48.228;2.664
77179;48.465;2.804
77180;48.734;2.639
77181;48.82;2.708
77182;48.788;3.304
77183;48.954;3.128
77184;48.31;2.917
77185;48.445;2.54
77186;48.407;2.68
77187;48.412;3.394
77188;48.484;2.767
77190;48.522;3.007
77191;48.532;2.927
77192;48.698;2.862
77193;49.054;2.85
77194;48.422;2.949
77195;48.587;2.765
77196;48.942;2.74
77197;48.706;3.203
77198;48.254;2.508
77199;48.939;2.941
77200;48.234;2.56
77201;48.627;3.02
77202;48.315;2.753
77203;48.986;2.958
77204;49.064;3.161
77205;49.036;2.843
77206;48.853;3.033
77207;48.163;2.533
77208;48.476;3.297
77209;48.858;2.695
77210;48.392;2.898
77211;48.582;2.976
77212;48.388;3.125
77214;48.965;2.664
77215;48.75;2.726
77216;48.307;2.677
77217;48.684;2.676
77218;48.439;3.318
77219;48.819;2.952
77220;48.26;2.558
77221;48.851;2.712
77222;48.636;2.8
77223;48.484;3.081
77224;48.766;2.964
77225;48.884;3.006
77226;48.442;2.789
77227;48.486;3.346
77228;48.904;3.312
77229;48.756;2.868
77230;48.206;2.542
77231;48.998;3.012
77232;48.917;2.831
77233;48.996;2.791
77234;48.914;2.757
77235;48.987;3.075
77236;48.414;3.276
77237;48.831;2.763
77238;48.902;3.113
77239;48.664;3.135
77240;48.796;3.272
77241;49.022;2.706
77242;48.494;3.227
77243;48.873;2.71
77244;48.283;2.599
77245;48.455;2.976
77246;48.572;3.389
77247;48.761;3.35
77248;48.915;2.793
77249;48.75;2.616
77250;48.73;3.268
77251;48.626;2.55
77252;48.627;2.67
77253;48.618;2.702
77254;48.696;2.78
77255;48.505;2.686
77256;48.528;3.165
77257;49.035;3.019
77258;48.833;2.634
77259;49.051;2.655
77260;48.514;3.238
77261;48.24;2.896
77262;48.615;3.489
77263;48.461;3.186
77264;48.72;2.954
77265;48.978;3.181
77266;48.446;2.841
77267;48.205;2.702
77268;48.867;2.814
77269;48.554;2.706
77270;48.859;2.994
77271;48.183;2.621
77272;48.555;3.151
77273;49.053;2.752
77274;49.037;2.88
77275;48.672;3.317
77276;48.924;2.87
77277;48.725;2.888
77278;48.774;3.162
77279;48.384;3.032
77280;49.016;3.033
77281;48.77;3.038
77282;49.029;2.572
77283;49.07;3.025
77284;48.957;2.9
77285;48.54;2.629
77286;48.514;3.097
77287;48.798;3.417
77288;48.544;2.658
77289;48.504;3.397
77290;48.976;3.203
77291;49.016;2.596
77292;48.967;2.701
77293;48.366;3.095
77294;48.978;2.612
77295;48.565;2.741
77296;48.629;2.596
77297;48.151;2.598
77298;48.491;3.14
77300;48.943;2.994
77301;48.696;3.444
77302;48.299;2.712
77303;48.853;3.42
77304;48.835;3.478
77305;48.39;2.962
77306;48.596;2.672
77307;48.868;2.75
77308;49.029;2.744
77309;49.01;2.833
77310;48.381;3.25
77311;48.454;3.053
77312;48.341;2.751
77313;48.32;2.992
77314;48.828;3.432
77315;48.886;2.823
77316;48.365;2.812
77317;48.598;2.882
77318;48.783;2.906
77319;48.592;3.248
77320;48.827;3.051
77321;48.396;3.23
77322;49.07;2.608
77323;49.048;2.624
77325;48.432;3.246
77326;48.582;2.548
77327;48.555;3.009
77328;48.32;2.427
77329;48.254;2.813
77330;48.929;2.899
77331;48.98;3.222
77332;49.001;2.702
77333;48.26;2.711
77335;48.972;2.832
77336;48.774;2.826
77337;48.846;2.62
77338;48.336;2.934
77339;48.378;2.509
77340;48.289;2.774
77341;48.452;3.342
77342;48.217;2.569
77343;49.034;3.06
77344;49.07;2.818
77345;48.901;3.227
77347;48.46;3.225
77348;48.244;2.652
77349;49.083;2.654
77350;48.764;2.68
77352;48.665;2.777
77353;48.241;2.854
77354;48.469;2.864
77355;48.481;3.202
77356;48.429;3.346
77357;48.647;3.075
77358;48.991;2.858
77359;48.48;2.55
77360;48.744;2.99
77361;48.897;3.037
77363;48.914;2.628
77364;49.004;2.768
77365;48.713;3.039
77366;49.007;2.796
77367;49.053;2.985
77368;48.545;3.277
77369;48.973;2.924
77370;48.234;2.756
77371;48.818;3.006
77372;48.887;2.675
77373;48.787;2.614
77374;48.796;2.707
77376;48.932;2.768
77377;48.713;2.737
77378;48.518;2.55
77379;48.563;3.288
77380;49.065;2.915
77381;48.614;2.962
77382;48.899;2.878
77383;48.541;3.073
77384;48.607;2.624
77385;48.858;3.233
77386;48.34;2.643
77387;48.221;2.825
77388;48.957;3.163
77389;48.507;2.66
77390;48.79;2.661
77391;48.592;3.289
77392;49.064;2.718
77393;48.684;2.964
77394;48.565;2.68
77395;48.27;2.495
77396;48.643;3.327
77397;48.951;3.217
77398;48.876;3.293
77400;48.789;3.029
77401;49.003;3.175
77402;48.82;3.364
77403;48.572;3.334
77404;48.534;3.259
77405;48.912;3.175
77406;48.845;3.199
77407;48.539;2.525
77408;48.925;2.954
77409;48.409;2.995
77410;48.586;2.706
77411;48.851;3.139
77412;48.474;2.511
77413;48.875;2.84
77414;48.629;3.258
77415;48.939;3.027
77416;48.611;3.121
77417;48.844;3.271
77418;48.537;3.218
77419;48.387;2.819
77420;49.039;2.697
77421;48.738;3.32
77423;48.788;3.334
77424;48.732;3.429
77425;48.434;2.575
77426;48.57;2.838
77427;48.986;2.715
77428;48.566;2.92
77429;48.907;3.202
77430;49.074;2.788
77431;48.265;2.666
77432;48.812;3.242
77433;48.764;3.059
77434;48.438;3.205
77435;48.5;2.534
77436;48.805;3.194
77437;49.037;2.802
77438;48.864;2.676
77439;48.432;3.019
77440;48.942;3.077
77441;48.455;2.753
77442;48.42;2.77
77443;48.879;2.961
77444;48.71;3.393
77445;48.588;2.574
77446;48.512;3.205
77447;48.552;2.554
77448;48.94;3.106
77449;48.845;2.788
77450;48.715;2.592
77451;48.917;3.064
77452;48.473;3.164
77453;48.531;2.756
77454;48.519;3.152
77455;48.645;2.708
77456;48.508;3.3
77457;48.659;2.727
77458;48.187;2.748
77459;48.537;3.363
77460;49.004;3.08
77461;48.492;3.178
77462;49.009;2.663
77463;48.404;2.78
77464;48.892;2.712
77465;48.298;2.94
77466;48.825;2.899
77467;48.387;3.094
77468;48.853;2.651
77469;48.733;3.029
77470;48.74;2.778
77471;48.343;2.458
77472;48.879;3.246
77473;48.273;2.795
77474;48.949;2.804
77475;48.959;2.966
77476;49.042;2.962
77477;48.341;2.6
77478;48.967;3.082
77479;48.87;2.636
77480;48.446;2.893
77481;48.555;3.116
77482;48.368;2.93
77483;49.006;2.928
77484;48.899;2.957
77485;48.347;2.522
77486;48.698;3.082
77487;48.525;2.697
77489;48.217;2.956
77490;49.042;3.108
77492;48.878;3.365
77493;48.637;2.832
77494;48.406;2.854
77495;48.571;2.627
77496;48.587;3.138
77498;48.933;2.816
77500;48.205;2.928
77501;48.327;2.846
77504;48.272;2.868
77505;48.92;2.985
77506;48.304;2.826
77507;48.4;3.313
77508;48.812;2.838
77509;48.495;3.031
77510;48.812;2.793
77511;49.029;2.637
77512;48.873;3.333
77513;48.941;2.852
77514;48.942;2.617
77515;48.982;2.783
77516;48.344;2.898
77517;48.912;2.662
77518;48.495;2.6
77519;48.652;3.408
77520;48.314;2.639
77521;48.849;2.869
77522;48.456;3.383
77523;48.405;3.359
77524;48.443;3.166
77525;49.003;2.74
77526;49.076;2.958
77527;48.681;3.017
77528;48.57;2.664
77529;48.84;2.89
77530;48.612;3.34
77531;48.285;2.97
77532;48.564;3.22
77533;48.432;2.769
77534;48.638;2.769
78003;48.528;1.851
78005;48.972;2.09
78006;48.72;1.662
78007;48.901;2.015
78009;48.468;1.902
78010;48.914;1.915
78013;48.888;1.811
78015;48.982;2.05
78020;48.911;1.72
78029;48.963;1.849
78030;48.684;1.902
78031;48.954;1.705
78033;48.929;1.841
78034;48.84;1.819
78036;48.844;1.797
78043;48.837;2.081
78048;48.807;1.668
78049;48.932;1.874
78050;48.774;1.852
78053;48.832;1.724
78057;49.048;1.572
78062;48.854;1.87
78068;49.041;1.481
78070;48.928;1.749
78071;48.496;1.871
78072;48.92;1.663
78073;48.804;2.019
78076;48.859;1.588
78077;48.69;1.668
78082;48.966;1.582
78084;48.821;1.798
78087;48.618;2.03
78089;49.02;1.571
78090;48.961;1.897
78092;48.864;2.138
78096;48.754;1.654
78104;48.944;1.715
78107;48.955;1.542
78108;48.721;1.816
78113;49.026;1.813
78117;48.772;2.124
78118;48.984;1.674
78120;48.625;1.983
78123;48.946;2.029
78124;48.912;2.178
78125;48.642;1.945
78126;48.847;2.135
78128;48.67;1.96
78133;48.896;2.033
78138;48.976;2.032
78140;48.968;1.94
78143;48.739;2.095
78146;48.897;2.154
78147;49.016;1.485
78152;48.848;1.983
78158;48.827;2.13
78160;48.707;2.037
78162;48.674;2.014
78163;48.864;1.617
78164;48.617;1.906
78165;48.819;1.984
78168;48.75;1.914
78171;48.732;1.674
78172;49.0;2.099
78185;48.896;1.659
78188;48.99;1.485
78189;48.882;1.921
78190;48.879;2.135
78192;48.911;1.618
78193;48.704;1.973
78194;48.764;1.609
78196;48.864;1.948
78202;49.052;1.768
78206;48.946;1.92
78208;48.778;1.96
78209;48.591;1.734
78217;48.947;1.813
78220;48.716;1.895
78224;48.867;2.06
78227;49.017;1.942
78230;48.937;1.825
78231;48.945;1.642
78233;48.88;1.98
78234;48.932;1.643
78236;48.855;1.743
78237;48.893;1.577
78238;48.967;1.873
78239;49.023;1.709
78242;48.818;2.047
78245;48.961;1.648
78246;49.028;1.754
78255;49.05;1.61
78261;49.03;1.898
78262;48.798;1.791
78263;48.78;1.676
78264;48.756;1.725
78265;48.824;1.758
78267;48.993;1.811
78269;48.633;1.778
78276;49.071;1.594
78278;48.881;1.767
78281;48.924;1.767
78283;48.72;1.614
78285;48.833;1.603
78289;48.78;1.757
78290;49.015;1.642
78291;48.952;1.741
78296;49.008;1.779
78297;48.773;2.076
78299;49.011;1.887
78300;48.895;1.746
78302;48.705;1.627
78305;48.903;1.89
78307;48.654;1.688
78310;48.799;1.597
78311;48.927;2.188
78314;48.987;1.789
78317;49.048;1.848
78320;49.035;1.537
78321;48.79;1.908
78322;48.766;2.163
78324;48.974;1.647
78325;48.907;1.784
78327;49.0;1.84
78329;49.062;1.817
78334;48.727;1.935
78335;48.995;1.74
78337;49.06;1.551
78343;48.762;2.139
78344;48.997;1.516
78346;48.923;1.58
78349;48.574;1.999
78350;48.859;2.114
78354;48.968;1.686
78356;48.741;2.052
78358;48.952;2.152
78361;48.998;1.693
78362;48.975;1.712
78364;48.864;1.824
78366;48.791;1.852
78367;48.881;2.077
78368;48.889;1.875
78372;48.865;2.091
78380;48.908;1.84
78381;48.784;1.616
78382;48.999;2.053
78383;48.77;1.924
78384;48.955;1.988
78385;48.957;1.596
78389;48.796;1.82
78391;49.037;1.624
78396;48.926;2.122
78397;48.74;1.966
78398;48.754;1.834
78401;49.006;1.913
78402;48.953;1.783
78403;49.003;1.869
78404;48.808;1.725
78406;48.728;2.047
78407;48.663;1.636
78410;49.068;1.664
78413;48.904;1.558
78415;48.88;1.852
78416;49.049;1.83
78417;48.892;1.627
78418;48.917;2.14
78420;48.771;1.809
78423;48.78;2.03
78431;48.934;1.946
78437;49.051;1.65
78439;48.878;1.652
78440;48.989;1.914
78442;48.813;1.905
78443;48.815;1.859
78444;48.935;1.542
78451;48.942;1.839
78455;48.846;2.055
78460;49.026;1.846
78464;48.597;1.81
78465;48.838;1.696
78466;48.916;1.969
78470;48.576;1.783
78472;48.478;1.827
78474;48.855;1.642
78475;48.864;1.717
78478;48.46;1.863
78481;48.894;2.105
78484;48.97;1.613
78486;48.697;1.844
78490;48.813;1.947
78497;48.683;1.754
78498;48.924;2.027
78499;48.55;1.908
78501;48.976;1.768
78502;48.88;2.109
78505;48.859;1.671
78506;48.527;1.805
78513;48.803;1.767
78516;48.636;1.689
78517;48.654;1.826
78518;48.833;2.042
78520;48.825;1.635
78522;48.592;1.98
78528;49.019;1.602
78530;48.911;1.684
78531;48.996;1.608
78536;49.043;1.794
78537;48.572;1.935
78545;48.807;2.066
78548;48.713;1.997
78550;48.833;1.902
78551;48.941;2.099
78557;48.622;1.729
78558;48.978;1.544
78559;48.965;1.512
78561;48.734;2.006
78562;48.73;1.76
78564;48.515;1.916
78565;48.878;1.719
78567;49.036;1.677
78569;48.536;1.941
78571;48.863;2.019
78575;48.704;2.079
78576;48.749;1.876
78586;48.94;2.175
78588;48.846;1.836
78590;48.685;1.972
78591;48.888;1.685
78597;48.954;1.672
78601;48.588;1.869
78605;48.833;1.665
78606;48.697;1.604
78608;48.942;1.608
78609;49.025;1.918
78615;48.844;1.934
78616;48.872;1.798
78618;48.878;1.575
78620;48.747;2.118
78621;48.775;1.993
78623;48.784;1.878
78624;48.978;2.009
78638;49.01;1.974
78640;48.784;2.197
78642;48.987;1.963
78643;48.966;1.975
78644;48.755;1.951
78646;48.803;2.118
78647;48.94;1.683
78650;48.894;2.13
78653;48.822;1.828
78655;48.67;1.875
78668;49.017;1.531
78672;48.937;1.996
78674;48.831;2.013
78677;48.926;1.694
78681;48.853;1.774
78683;48.82;1.882
78686;48.802;2.172
78688;48.759;2.048
79001;46.648;-0.559
79002;46.702;-0.316
79003;46.282;-0.414
79005;46.833;-0.136
79007;46.58;-0.382
79008;46.75;-0.314
79009;46.257;-0.609
79010;46.301;-0.695
79012;46.482;-0.555
79013;46.978;-0.469
79014;47.053;-0.252
79015;46.09;-0.211
79016;46.792;-0.068
79018;46.043;-0.146
79019;46.727;-0.105
79020;46.45;-0.289
79022;46.855;-0.137
79023;46.372;0.002
79024;46.404;-0.268
79025;46.619;-0.357
79029;46.577;-0.208
79030;46.283;-0.155
79031;46.181;-0.473
79032;46.48;-0.51
79034;46.292;-0.514
79038;46.782;-0.433
79040;46.548;-0.381
79042;46.368;-0.058
79046;46.238;-0.635
79047;46.818;-0.264
79048;46.366;-0.309
79049;46.855;-0.479
79050;46.873;-0.595
79055;46.126;-0.327
79056;47.05;-0.188
79057;46.142;-0.219
79058;46.205;-0.314
79059;46.583;-0.594
79060;46.202;0.089
79061;46.24;-0.218
79062;46.822;-0.672
79063;47.06;-0.364
79064;46.203;-0.078
79066;46.48;-0.382
79069;46.762;-0.505
79070;46.468;-0.325
79071;46.618;-0.191
79074;46.137;0.048
79076;46.732;-0.466
79077;46.553;-0.553
79078;46.151;-0.484
79079;46.947;-0.747
79080;46.672;-0.26
79081;46.352;-0.38
79083;46.115;-0.081
79084;46.331;-0.011
79085;46.115;-0.173
79086;46.421;-0.353
79087;46.294;-0.05
79088;46.796;-0.352
79089;46.77;-0.122
79090;46.111;-0.357
79091;46.841;-0.622
79092;46.503;-0.201
79094;46.725;-0.401
79095;46.186;0.032
79096;46.864;-0.696
79100;46.337;-0.584
79101;46.483;-0.6
79102;46.923;-0.333
79103;46.782;-0.578
79104;46.502;-0.415
79105;46.499;-0.107
79106;45.996;-0.084
79108;46.739;0.007
79109;46.395;-0.427
79111;46.081;-0.258
79112;46.224;-0.589
79114;46.454;-0.177
79115;46.338;-0.073
79116;46.834;-0.344
79117;46.442;-0.505
79118;46.685;-0.365
79119;46.541;-0.494
79120;46.648;-0.079
79121;46.47;-0.118
79122;46.112;-0.132
79123;46.759;-0.648
79124;46.542;-0.02
79125;46.241;-0.414
79126;46.169;-0.369
79127;46.187;-0.533
79128;46.382;-0.344
79129;46.325;-0.3
79130;46.256;-0.54
79131;46.869;-0.348
79132;47.045;-0.438
79133;46.451;-0.418
79134;46.856;-0.242
79135;46.725;-0.184
79136;46.15;-0.048
79137;46.226;-0.48
79139;46.532;-0.407
79140;46.083;-0.001
79141;46.876;-0.096
79142;46.112;-0.224
79144;46.211;-0.377
79145;46.73;-0.25
79147;46.682;-0.515
79148;46.266;-0.02
79149;46.706;-0.127
79150;46.137;0.174
79152;46.106;0.069
79153;46.076;-0.082
79154;46.044;-0.064
79156;46.783;-0.208
79157;47.018;-0.181
79158;46.134;-0.15
79159;46.913;-0.305
79160;46.145;-0.169
79161;46.927;-0.207
79162;46.31;-0.558
79163;46.156;0.077
79164;46.185;-0.051
79165;46.778;-0.263
79166;46.195;-0.417
79167;46.853;-0.018
79170;46.192;-0.644
79172;46.521;-0.324
79174;46.231;-0.148
79175;46.13;0.005
79176;46.493;-0.066
79177;46.258;0.11
79179;46.736;-0.579
79180;46.102;0.17
79183;46.837;-0.736
79184;46.352;-0.119
79185;46.291;-0.296
79189;46.423;-0.154
79190;46.681;-0.447
79191;46.328;-0.465
79195;46.94;-0.596
79196;46.937;-0.084
79197;46.69;-0.094
79198;46.071;-0.184
79200;46.527;-0.439
79201;46.412;-0.043
79202;46.645;-0.233
79203;46.979;-0.063
79204;46.186;-0.246
79205;46.227;0.066
79207;46.884;-0.736
79208;46.665;-0.159
79209;46.865;-0.303
79210;46.879;-0.652
79212;46.165;0.123
79213;46.616;-0.24
79215;46.66;-0.414
79216;46.268;-0.345
79217;46.32;-0.202
79218;46.752;-0.084
79220;46.219;-0.647
79223;46.526;-0.544
79225;46.538;-0.187
79226;46.563;-0.435
79229;46.201;-0.575
79230;46.304;0.124
79231;46.356;-0.228
79235;46.88;-0.782
79236;46.778;-0.699
79238;46.924;-0.471
79239;46.657;-0.343
79241;46.454;-0.36
79242;46.961;-0.515
79243;46.223;0.006
79244;47.051;-0.15
79246;46.392;-0.134
79249;46.378;-0.389
79250;46.9;-0.283
79251;46.186;-0.134
79252;46.886;-0.146
79253;46.48;-0.242
79254;46.267;-0.659
79255;46.719;-0.345
79256;46.46;-0.046
79257;46.262;-0.715
79258;46.969;-0.234
79259;46.955;-0.219
79263;46.528;-0.58
79265;46.989;-0.131
79267;46.533;-0.228
79268;46.77;-0.157
79269;46.515;-0.613
79270;46.413;-0.21
79271;46.525;-0.36
79273;46.236;-0.357
79274;47.023;-0.114
79276;46.389;-0.204
79277;47.075;-0.195
79278;46.593;-0.127
79280;47.05;-0.509
79281;46.399;-0.48
79283;46.362;-0.264
79284;46.438;-0.453
79285;46.577;-0.317
79286;46.64;-0.617
79289;46.98;-0.752
79290;46.425;-0.602
79293;46.371;-0.523
79294;46.203;-0.349
79295;46.207;-0.196
79297;46.252;0.048
79298;46.267;-0.479
79299;46.893;-0.223
79300;47.013;-0.228
79301;46.213;-0.036
79302;46.437;-0.233
79303;46.388;-0.098
79304;46.29;-0.594
79306;46.624;-0.135
79307;46.122;0.111
79308;46.37;-0.475
79309;46.6;-0.557
79310;46.162;-0.314
79311;46.612;-0.442
79312;46.14;-0.271
79313;46.29;-0.095
79316;46.432;-0.096
79319;46.359;-0.171
79320;46.469;-0.461
79322;46.627;-0.291
79326;46.713;-0.041
79329;46.983;-0.2
79331;47.047;-0.112
79332;46.669;-0.482
79334;46.17;-0.587
79335;46.219;-0.546
79336;46.304;0.043
79337;46.301;-0.643
79338;46.231;0.111
79339;46.574;-0.049
79340;46.555;-0.138
79341;46.532;-0.153
79342;46.623;-0.517
79343;46.158;-0.262
79345;46.519;-0.282
79346;46.104;-0.399
79347;46.696;-0.248
79348;46.12;-0.273
79349;46.017;-0.111
79350;46.142;-0.409
79351;46.415;-0.537
79352;46.098;-0.304
79354;46.56;-0.256
79355;46.316;-0.356
79357;46.496;-0.48
80001;50.108;1.832
80002;49.841;2.825
80003;50.072;2.531
80004;50.066;1.67
80005;50.172;2.108
80006;50.179;1.924
80008;50.037;1.61
80009;50.081;1.996
80010;49.747;2.347
80011;49.914;2.186
80013;49.972;1.945
80014;49.987;3.029
80015;49.967;2.982
80016;50.004;2.648
80017;49.963;2.937
80018;50.086;1.493
80019;49.959;1.886
80020;49.938;2.368
80021;49.901;2.29
80022;49.891;1.785
80023;49.715;2.707
80024;49.941;2.247
80025;50.338;1.818
80026;49.877;1.807
80027;49.677;2.713
80028;50.073;2.478
80029;50.129;1.619
80030;50.282;1.723
80031;49.732;2.636
80032;49.623;2.599
80033;49.898;2.842
80034;49.857;2.978
80035;49.838;2.547
80036;49.888;2.472
80037;49.709;2.479
80038;50.082;2.633
80039;50.092;1.447
80040;49.922;1.773
80041;49.879;1.924
80042;50.14;2.233
80043;50.118;2.492
80044;50.136;2.378
80045;50.047;2.677
80046;49.903;1.932
80047;50.031;2.66
80048;49.893;1.864
80049;49.626;2.551
80050;49.83;2.194
80051;50.026;1.855
80052;49.99;2.513
80053;49.711;2.865
80054;49.898;2.893
80055;50.206;2.274
80056;50.001;2.45
80057;50.132;2.572
80058;49.865;2.628
80059;50.03;2.766
80060;50.197;2.182
80061;49.817;1.771
80062;49.844;1.778
80063;50.019;1.523
80064;49.796;2.586
80065;50.085;2.684
80066;49.998;2.428
80067;49.782;2.661
80068;50.135;2.11
80069;50.077;2.66
80070;50.081;2.376
80071;50.108;2.329
80073;49.997;2.687
80074;49.689;2.621
80076;50.051;1.762
80077;49.974;2.47
80078;50.093;1.913
80079;49.703;2.114
80080;49.885;2.86
80081;49.905;1.91
80082;49.981;2.139
80083;49.744;2.028
80084;49.898;1.744
80085;50.194;2.098
80086;50.135;2.176
80087;50.264;1.75
80088;49.909;3.102
80089;50.088;2.174
80090;49.866;2.851
80092;49.973;2.292
80093;50.042;2.157
80094;49.82;2.462
80095;50.101;2.564
80096;50.075;1.5
80097;49.793;2.957
80098;49.804;1.882
80099;49.993;1.978
80100;50.018;2.122
80101;49.638;2.776
80102;49.923;2.9
80103;49.722;2.884
80104;49.976;1.693
80105;49.738;2.899
80106;49.766;2.004
80107;49.87;2.43
80108;50.153;2.222
80109;50.268;1.974
80110;50.158;1.673
80112;49.943;2.507
80113;50.078;2.262
80114;49.737;2.213
80115;49.992;2.922
80116;49.746;2.679
80117;50.04;2.027
80118;50.259;2.021
80119;49.865;2.047
80120;49.96;1.63
80121;49.697;2.527
80122;50.216;2.339
80123;49.99;2.086
80124;50.105;1.522
80125;49.699;2.572
80126;49.951;1.61
80127;50.036;1.496
80128;49.891;3.044
80129;50.023;2.612
80130;49.89;2.141
80131;49.842;2.383
80132;49.73;2.499
80133;50.224;1.958
80134;49.732;2.05
80135;50.052;1.848
80136;49.955;2.722
80137;49.929;2.164
80138;49.99;2.549
80139;49.737;2.949
80140;50.216;2.381
80141;49.879;2.942
80142;49.888;2.08
80143;49.851;1.82
80144;49.716;3.097
80145;50.071;2.053
80146;50.137;1.52
80147;50.097;1.944
80148;50.019;1.569
80149;50.153;1.82
80150;49.933;3.008
80151;49.975;2.593
80152;49.638;2.714
80153;50.104;2.541
80154;49.946;2.976
80155;50.11;2.008
80156;49.912;2.412
80157;49.817;2.014
80158;49.728;2.97
80159;49.858;2.477
80160;49.851;2.338
80161;50.12;1.729
80162;49.811;2.646
80163;50.109;1.766
80164;49.901;2.363
80165;49.884;1.964
80166;50.061;2.231
80167;50.187;1.874
80168;50.1;2.28
80169;49.936;1.766
80170;49.665;2.49
80171;50.128;1.881
80172;49.926;2.763
80173;49.952;2.356
80174;49.631;2.483
80176;49.705;2.819
80177;49.909;3.017
80179;49.787;1.899
80180;49.918;2.076
80181;49.813;2.606
80182;50.176;1.516
80183;49.973;1.737
80184;49.896;2.622
80185;49.696;2.858
80186;49.817;2.802
80187;49.961;2.168
80188;49.722;2.329
80189;49.756;2.764
80190;50.064;1.643
80191;49.796;2.77
80192;49.918;2.652
80193;49.715;2.372
80194;49.898;2.752
80195;49.902;2.728
80196;49.979;1.817
80197;49.84;2.918
80198;49.855;2.168
80199;49.962;2.887
80200;50.056;1.96
80201;50.13;2.556
80202;49.966;2.333
80203;50.102;2.61
80204;50.01;2.874
80205;50.004;2.021
80206;50.029;2.736
80207;50.01;2.468
80208;50.179;2.068
80210;49.746;2.088
80211;49.75;2.145
80212;49.92;2.495
80213;49.807;2.368
80214;49.67;2.425
80215;50.153;2.018
80216;50.06;2.744
80217;50.105;2.582
80218;49.81;2.042
80219;49.721;2.076
80220;49.664;2.545
80221;50.153;2.049
80222;50.24;1.845
80223;49.743;2.824
80224;49.718;2.908
80225;49.835;2.16
80226;49.82;3.0
80227;49.794;1.986
80228;50.244;1.623
80229;49.96;2.093
80230;49.779;2.869
80231;49.968;2.818
80232;49.731;2.737
80233;49.666;2.731
80234;49.904;2.44
80235;50.043;1.53
80236;49.714;2.596
80237;49.816;2.54
80238;49.979;2.623
80239;49.851;3.009
80240;49.923;2.963
80241;50.076;2.123
80242;49.826;2.488
80243;50.12;2.144
80244;50.328;1.849
80245;50.155;2.087
80246;49.795;2.401
80247;49.911;2.807
80248;50.295;1.921
80249;50.114;2.052
80250;50.202;1.904
80251;50.001;1.764
80252;49.797;3.058
80253;50.163;2.347
80256;49.916;2.226
80258;49.958;3.005
80259;49.877;1.869
80260;50.146;1.861
80261;49.852;2.277
80262;50.068;1.888
80263;49.69;2.717
80264;49.951;2.792
80265;50.033;1.552
80266;50.055;2.608
80267;49.84;2.957
80268;50.077;1.868
80269;49.914;1.855
80270;50.111;2.154
80271;50.006;3.133
80272;49.82;2.93
80273;49.784;1.94
80274;49.738;3.049
80275;50.035;3.014
80276;49.728;1.956
80278;49.724;2.672
80279;49.701;2.946
80280;50.041;1.724
80281;50.088;2.032
80282;50.047;1.878
80283;49.69;2.399
80284;49.711;3.025
80285;49.747;2.258
80287;50.154;1.628
80288;49.872;2.823
80290;50.258;1.934
80291;49.784;2.339
80292;49.761;2.849
80293;49.664;2.611
80294;49.886;2.916
80295;49.936;2.688
80296;50.026;2.038
80297;49.912;1.887
80298;50.03;2.982
80299;49.697;2.34
80300;49.823;2.963
80301;49.767;2.032
80302;49.646;2.619
80303;50.235;1.669
80304;49.887;2.802
80305;49.885;2.178
80306;49.642;2.687
80307;49.941;2.852
80308;50.059;1.603
80310;50.118;2.234
80311;49.68;2.586
80312;50.042;3.042
80313;49.917;2.868
80314;50.051;2.818
80315;49.729;2.258
80316;50.003;2.259
80317;49.736;2.114
80318;50.01;2.08
80319;49.86;2.086
80320;49.763;2.666
80321;49.678;2.355
80322;49.776;2.822
80324;49.944;1.804
80325;49.899;2.777
80326;49.655;2.505
80327;50.237;1.93
80328;50.025;1.941
80329;50.066;2.555
80330;49.962;1.799
80331;50.203;1.832
80332;50.244;1.737
80333;50.345;1.577
80334;49.802;2.19
80335;49.877;2.77
80336;49.918;1.718
80337;49.819;2.408
80338;49.891;2.504
80339;49.771;2.747
80340;49.752;1.825
80341;49.924;2.105
80342;49.863;2.72
80343;49.956;1.677
80344;50.074;1.946
80345;50.1;1.645
80346;50.095;2.097
80347;49.769;2.774
80348;50.113;2.09
80349;49.714;2.234
80350;49.97;2.5
80351;49.964;2.437
80352;49.768;2.074
80353;49.851;2.863
80354;49.982;1.76
80355;49.888;1.831
80356;49.909;1.792
80357;49.838;2.051
80358;49.772;2.584
80359;49.741;2.779
80360;50.061;1.566
80361;49.923;1.81
80362;50.0;1.639
80364;50.087;1.474
80365;49.818;1.991
80366;49.996;2.715
80367;49.94;2.814
80368;50.086;1.544
80369;50.202;2.208
80371;50.223;1.926
80372;49.998;1.811
80373;49.995;1.556
80374;50.178;1.952
80375;49.781;1.788
80376;49.845;2.451
80377;50.139;2.312
80378;50.023;2.836
80379;49.874;2.387
80380;50.092;2.057
80381;50.107;2.183
80383;49.721;2.766
80384;50.07;2.711
80385;50.134;1.788
80386;49.683;2.549
80387;49.787;2.306
80388;50.024;1.722
80390;49.687;2.458
80391;49.659;2.704
80392;50.182;2.381
80393;49.726;2.816
80395;49.698;2.665
80396;50.238;2.011
80397;50.06;2.843
80399;49.871;2.168
80400;49.839;2.634
80401;50.011;2.824
80402;49.736;1.998
80403;49.776;2.361
80404;49.995;3.081
80405;49.799;2.429
80406;49.996;1.875
80407;49.696;2.296
80408;50.043;2.203
80409;49.792;2.788
80410;49.754;3.074
80411;49.896;2.573
80412;49.896;2.533
80413;49.905;3.071
80414;49.834;2.509
80415;49.751;2.602
80416;49.979;2.038
80417;49.85;2.67
80418;49.993;2.814
80420;50.036;2.501
80421;49.769;2.793
80422;50.17;1.82
80423;50.036;2.231
80424;49.818;2.26
80425;50.048;2.57
80426;49.961;2.53
80427;50.153;2.287
80428;49.957;2.841
80429;50.004;2.562
80430;49.922;2.84
80431;50.029;2.417
80432;49.861;2.751
80433;49.752;2.873
80434;49.931;3.117
80435;49.946;3.142
80436;49.729;1.878
80437;49.93;1.882
80438;50.027;3.09
80439;50.166;2.169
80440;50.2;2.072
80442;49.743;2.991
80443;49.847;1.903
80444;50.048;1.803
80445;50.21;2.457
80446;50.024;1.76
80449;49.818;2.576
80450;49.881;1.747
80451;50.103;2.76
80452;49.762;2.323
80453;49.659;2.668
80455;49.762;1.957
80456;49.823;1.811
80458;49.949;2.482
80459;49.942;1.936
80460;49.804;1.904
80461;49.895;2.394
80462;50.187;1.836
80463;49.875;2.591
80464;50.163;1.554
80465;49.746;2.933
80466;50.1;2.146
80467;49.672;2.763
80468;49.991;2.577
80469;49.712;2.271
80470;50.068;2.508
80472;50.044;2.857
80473;49.756;2.814
80474;49.825;2.902
80475;49.996;3.052
80476;50.033;1.897
80477;50.29;1.871
80478;49.672;2.649
80479;49.776;1.863
80480;49.91;1.746
80481;49.828;2.756
80482;50.017;1.808
80484;49.859;1.809
80485;49.772;2.196
80486;50.041;1.988
80487;49.972;3.062
80488;50.012;1.982
80489;49.872;2.357
80490;50.03;2.799
80491;50.13;2.275
80493;50.092;2.505
80494;49.732;2.397
80495;50.201;2.42
80496;50.272;1.837
80497;50.276;1.802
80498;50.08;2.594
80499;49.742;2.45
80500;50.015;1.609
80501;50.207;2.043
80502;50.128;2.026
80503;50.196;2.127
80504;49.694;2.498
80505;50.001;2.746
80507;49.848;2.571
80508;49.724;2.865
80509;49.831;2.867
80511;49.682;2.521
80512;50.071;1.826
80513;49.981;2.785
80514;50.101;2.446
80515;49.759;1.85
80516;49.948;3.075
80517;49.68;2.69
80518;49.999;1.706
80519;49.796;3.013
80520;49.793;2.752
80521;49.985;2.853
80522;49.872;1.763
80523;49.975;2.668
80524;49.797;2.731
80525;49.767;1.891
80526;50.171;2.199
80527;50.058;1.494
80528;49.73;1.931
80529;49.972;1.849
80530;49.945;2.563
80531;49.894;1.946
80533;50.07;1.405
80535;49.94;2.044
80536;49.898;2.963
80537;50.134;2.063
80538;50.036;2.95
80540;50.048;2.64
80541;49.641;2.525
80542;49.778;2.913
80543;49.937;1.911
80544;50.186;2.227
80545;49.781;2.552
80546;50.096;1.718
80547;50.001;2.597
80548;50.15;1.912
80549;50.101;2.728
80550;50.003;2.398
80552;49.994;2.967
80553;49.989;2.381
80554;49.882;2.011
80555;49.851;3.043
80556;50.126;1.664
80557;49.879;3.008
80558;49.711;2.161
80559;49.911;1.987
80560;50.007;2.781
80561;49.648;2.569
80562;49.986;2.422
80563;50.178;2.136
80565;49.996;2.296
80566;50.091;2.217
80568;49.8;2.923
80569;49.886;2.658
80570;49.776;2.484
80571;49.765;2.459
80572;49.948;2.647
80573;49.779;1.815
80574;50.044;2.056
80575;49.926;1.742
80576;49.724;2.947
80577;49.791;2.041
80578;50.076;1.754
80579;49.725;3.069
80580;50.342;1.752
80582;49.806;2.123
80583;49.789;2.216
80584;50.045;2.284
80585;49.76;2.91
80586;49.914;1.693
80587;49.927;1.665
80588;50.126;1.904
80589;50.226;2.047
80590;50.169;1.88
80591;49.97;1.783
80592;49.856;1.74
80593;49.922;2.722
80595;49.743;2.523
80596;50.208;2.315
80597;50.094;1.589
80598;50.215;1.78
80599;50.211;1.987
80600;50.187;1.721
80601;50.004;3.015
80602;50.182;2.288
80603;50.101;1.612
80604;49.794;1.856
80605;49.771;3.017
80606;49.955;1.76
80607;49.903;2.06
80609;50.148;1.981
80611;49.766;2.269
80613;50.049;1.468
80614;50.17;2.252
80615;50.029;2.699
80616;49.809;2.948
80617;49.747;2.726
80618;50.161;1.584
80619;50.061;2.186
80620;49.928;2.93
80621;49.806;2.869
80622;49.933;2.139
80623;49.625;2.647
80624;50.008;2.38
80625;49.707;2.551
80626;49.867;2.129
80627;49.812;2.228
80628;49.752;2.553
80629;49.884;3.096
80630;49.749;1.98
80631;50.31;1.876
80632;49.883;2.229
80633;50.218;1.706
80634;49.941;2.453
80635;50.062;1.915
80637;50.155;1.76
80638;49.798;2.9
80639;49.954;2.308
80640;50.042;2.723
80642;50.156;2.13
80643;49.814;2.19
80644;49.889;2.705
80645;50.055;2.411
80646;49.792;2.808
80647;49.799;2.827
80648;50.083;2.762
80649;50.322;1.611
80650;49.939;2.414
80651;49.86;1.792
80652;49.782;2.624
80654;50.106;1.688
80655;49.949;1.992
80656;49.816;2.074
80657;49.67;2.384
80658;49.824;3.032
80659;50.076;2.439
80661;49.974;2.362
80662;49.967;1.709
80663;49.941;1.696
80664;50.003;2.903
80665;50.287;1.768
80666;50.206;2.242
80667;49.627;2.67
80668;49.778;2.385
80669;49.736;2.855
80670;49.84;2.114
80671;50.119;2.119
80672;49.972;2.559
80673;49.92;2.03
80674;49.911;2.34
80675;49.713;2.205
80676;49.683;2.835
80677;49.945;3.096
80678;49.594;2.649
80679;49.982;3.167
80680;49.818;2.704
80681;49.768;2.417
80682;49.768;2.712
80683;49.78;2.95
80684;49.765;2.955
80685;49.694;2.789
80686;50.019;2.372
80687;49.61;2.576
80688;50.278;1.665
80690;49.805;2.283
80691;50.139;1.716
80692;50.18;1.771
80693;49.921;2.616
80694;49.927;2.589
80695;50.029;2.912
80696;49.815;2.324
80697;50.191;2.163
80698;49.842;2.002
80699;49.866;1.779
80700;50.121;1.565
80701;49.854;2.925
80702;49.837;2.302
80703;49.827;1.746
80704;49.965;2.403
80705;50.127;2.514
80706;50.056;2.14
80707;49.871;1.721
80708;49.689;2.757
80709;49.902;1.826
80710;49.998;1.731
80711;50.034;2.131
80713;50.28;1.577
80714;50.074;1.451
80716;50.128;1.943
80717;49.785;2.253
80718;49.948;2.211
80719;49.76;1.915
80721;50.176;1.623
80722;49.971;2.204
80723;49.902;2.119
80724;49.862;2.219
80725;49.87;2.242
80726;49.77;3.044
80728;49.757;1.939
80729;49.72;2.466
80730;49.896;2.209
80732;49.891;1.718
80733;50.028;2.578
80734;49.721;2.023
80735;49.877;2.106
80736;50.012;1.913
80737;50.025;3.052
80738;49.953;2.058
80740;49.708;2.402
80741;49.864;2.795
80742;50.067;2.084
80743;49.959;2.761
80744;49.935;1.948
80746;50.041;2.344
80747;49.971;3.024
80748;49.963;3.145
80749;50.101;2.385
80750;49.86;3.071
80751;49.803;2.479
80752;49.822;2.438
80753;50.06;2.688
80754;49.82;1.944
80755;49.743;1.93
80756;50.118;2.461
80757;49.704;2.064
80758;49.72;2.431
80759;49.642;2.744
80760;49.992;1.599
80762;49.938;3.049
80763;50.188;1.802
80764;50.062;1.712
80765;50.035;1.684
80766;50.046;2.465
80767;49.974;1.664
80769;49.951;2.592
80770;50.082;1.515
80771;49.815;3.067
80773;50.018;2.49
80774;49.902;2.549
80775;50.079;1.627
80776;50.046;2.519
80777;50.094;2.47
80778;50.057;2.058
80779;50.104;1.886
80780;50.115;1.549
80781;49.843;2.706
80782;49.973;2.243
80783;49.988;1.784
80784;49.927;2.553
80785;49.891;2.441
80786;49.767;2.099
80787;50.296;1.704
80788;49.934;1.846
80789;49.845;2.783
80790;49.667;2.824
80791;49.842;2.225
80792;50.064;2.325
80793;50.008;2.187
80794;49.798;2.973
80795;50.04;2.09
80796;49.939;1.727
80797;49.792;2.529
80798;50.005;2.323
80799;49.865;2.52
80800;49.87;1.835
80801;49.871;2.894
80802;49.977;3.106
80803;49.706;2.736
80804;50.062;2.018
80805;49.651;2.464
80806;50.318;1.692
80807;49.954;2.614
80808;50.298;1.826
80809;50.003;1.671
80810;50.247;2.055
80811;49.769;2.984
80812;49.886;3.067
80813;49.824;1.909
80814;49.797;2.687
80815;50.316;1.764
80819;50.036;2.251
80820;50.017;2.531
80821;49.918;1.956
80822;49.706;2.644
80823;49.78;2.691
80824;49.84;2.605
80825;49.956;1.842
80826;50.12;1.486
80827;50.063;1.541
80828;49.959;1.82
80829;49.802;2.986
80830;50.106;1.977
80832;50.185;2.016
80833;50.177;1.986
80834;50.06;1.518
80835;49.979;2.11
80836;50.09;1.787
81001;43.532;1.924
81002;43.493;2.323
81003;43.884;2.457
81004;43.926;2.147
81005;43.444;2.528
81006;43.6;1.892
81007;44.02;1.874
81008;44.099;2.156
81009;44.044;1.921
81010;43.926;2.376
81011;43.729;1.832
81012;44.005;1.894
81013;44.008;2.303
81014;43.55;2.582
81015;43.581;1.953
81016;43.425;2.19
81017;43.776;2.353
81018;43.964;2.226
81019;43.978;2.434
81020;43.863;2.039
81021;43.495;2.356
81022;43.619;1.758
81023;43.743;2.816
81024;43.898;1.572
81025;43.649;1.75
81026;43.905;2.277
81027;43.49;2.06
81028;43.699;2.563
81029;43.953;2.03
81030;43.605;1.944
81031;43.622;2.453
81032;43.52;2.024
81033;44.033;2.143
81034;43.572;2.406
81035;44.101;1.968
81036;43.502;2.43
81037;43.612;2.511
81038;43.888;1.93
81039;43.747;1.924
81040;43.72;2.062
81041;43.955;1.891
81042;43.634;2.33
81043;43.785;1.948
81044;43.716;1.95
81045;44.076;1.929
81046;43.843;1.984
81047;43.976;2.471
81048;43.981;2.119
81049;43.476;2.081
81050;43.592;1.848
81051;43.986;1.916
81052;43.912;2.224
81053;43.591;2.44
81054;43.578;2.12
81055;43.411;2.078
81056;44.033;1.839
81058;43.635;2.152
81059;43.888;2.104
81060;44.057;2.166
81061;43.974;2.036
81062;43.658;2.528
81063;43.944;2.071
81064;43.987;1.783
81065;43.616;2.238
81066;43.54;2.31
81067;43.983;1.988
81068;44.05;2.095
81069;44.068;1.954
81070;43.798;1.732
81071;43.957;2.402
81072;44.047;2.306
81073;43.955;2.295
81074;43.927;2.225
81075;43.654;2.087
81076;43.562;1.887
81077;43.911;2.508
81078;43.68;1.985
81079;43.84;2.203
81080;44.012;1.944
81081;43.475;2.142
81082;44.016;2.471
81083;43.432;2.074
81084;43.482;2.229
81085;43.758;2.642
81086;43.7;2.525
81087;43.96;1.98
81088;43.839;2.258
81089;44.041;2.43
81090;43.85;2.056
81092;43.699;1.91
81093;43.885;2.03
81094;43.973;2.508
81095;44.03;1.929
81096;43.907;2.417
81097;43.879;2.23
81098;43.609;2.147
81099;43.917;1.886
81100;43.493;1.984
81101;44.004;2.174
81102;43.702;1.702
81103;43.709;2.607
81104;43.77;1.797
81105;43.758;2.001
81106;43.85;1.65
81108;44.051;1.846
81109;43.659;2.143
81110;44.182;2.133
81111;44.084;1.896
81112;43.931;2.003
81114;44.031;2.1
81115;43.483;2.636
81116;43.7;1.845
81117;43.801;2.021
81118;43.666;2.204
81119;43.789;2.114
81120;43.509;2.267
81121;43.449;2.593
81122;44.068;2.354
81123;44.117;1.997
81124;43.697;2.688
81125;43.743;2.509
81126;43.642;1.821
81127;43.58;1.929
81128;43.662;2.362
81129;43.5;2.093
81130;43.576;2.286
81131;43.893;1.99
81132;43.638;2.044
81133;43.855;2.158
81134;43.62;2.608
81135;44.122;2.029
81136;44.008;1.687
81137;43.564;2.5
81138;43.823;2.035
81139;43.705;2.129
81140;43.69;1.794
81141;44.079;2.383
81142;43.525;2.068
81143;43.534;2.106
81144;43.966;2.182
81145;43.898;1.782
81146;44.049;2.0
81147;43.816;2.144
81148;44.038;1.894
81149;43.824;1.783
81150;43.733;1.718
81151;43.615;1.921
81152;44.004;2.073
81154;44.096;1.872
81156;43.91;2.036
81157;43.654;1.843
81158;43.809;2.539
81159;43.668;1.863
81160;43.476;2.176
81161;43.858;2.521
81162;43.596;1.813
81163;43.458;2.388
81164;43.791;1.658
81165;44.123;1.875
81166;44.033;2.027
81167;43.878;2.551
81168;44.147;2.171
81169;43.72;1.986
81170;44.079;2.098
81171;43.85;1.866
81172;44.082;2.327
81173;43.622;1.736
81174;43.775;2.096
81175;43.952;1.594
81176;43.964;1.887
81177;43.7;2.229
81178;43.908;1.609
81179;43.509;1.945
81180;44.158;2.093
81181;43.679;2.19
81182;43.724;2.321
81183;43.806;2.376
81184;44.13;1.841
81185;43.857;1.593
81186;44.077;2.286
81187;43.704;2.024
81188;43.72;2.776
81189;43.532;1.89
81190;43.878;2.273
81191;44.105;1.933
81192;43.693;2.86
81193;43.655;2.77
81195;43.564;2.218
81196;43.576;2.354
81197;44.012;1.99
81198;43.837;2.078
81199;44.045;2.364
81200;43.504;1.996
81201;44.116;2.242
81202;43.805;1.836
81203;43.847;2.44
81204;43.538;2.345
81205;43.544;1.946
81206;44.083;1.722
81207;43.7;2.195
81208;43.814;1.897
81209;43.531;2.41
81210;43.524;1.981
81211;43.858;2.108
81212;43.612;1.971
81213;43.639;1.885
81214;43.514;1.908
81215;43.78;1.897
81216;43.684;2.071
81217;43.976;1.707
81218;43.888;2.17
81219;43.582;2.017
81220;43.848;1.715
81221;43.804;2.425
81222;43.78;2.19
81223;43.559;2.471
81224;44.153;1.916
81225;43.916;1.97
81227;43.673;2.278
81228;43.823;1.618
81229;43.623;1.86
81230;44.041;2.197
81231;43.495;2.566
81232;43.883;2.072
81233;43.809;2.264
81234;44.094;1.826
81235;43.528;2.201
81236;43.696;1.741
81237;43.463;2.109
81238;43.464;2.477
81239;43.506;2.501
81240;43.933;2.458
81242;43.516;2.118
81243;44.027;1.817
81244;44.054;2.13
81245;44.153;2.044
81246;44.002;1.806
81247;43.97;2.372
81248;43.742;1.881
81249;44.089;2.196
81250;43.762;2.147
81251;43.563;2.078
81252;43.677;2.23
81253;43.955;2.261
81254;44.056;2.249
81255;43.735;1.766
81256;43.687;2.257
81257;43.939;2.226
81258;43.752;2.081
81259;43.996;2.342
81261;43.755;1.748
81262;44.084;2.002
81263;44.135;1.96
81264;44.007;2.428
81265;44.108;1.807
81266;43.635;1.989
81267;43.754;2.446
81268;43.798;2.595
81269;43.612;2.38
81270;43.543;1.972
81271;43.759;1.687
81272;43.934;1.607
81273;43.584;2.17
81274;43.886;2.133
81275;44.075;2.043
81276;43.92;1.68
81277;43.993;2.255
81278;43.454;2.56
81279;43.954;1.649
81280;44.108;2.062
81281;43.599;2.109
81282;43.766;2.616
81283;43.947;1.951
81284;43.91;2.107
81285;43.959;2.327
81286;43.665;2.032
81287;43.81;2.087
81288;43.441;2.08
81289;43.551;2.129
81290;44.035;1.963
81291;44.01;2.12
81292;44.108;2.306
81293;43.88;1.594
81294;43.843;1.935
81295;43.844;2.346
81297;43.923;2.069
81298;43.636;1.711
81299;43.646;1.926
81300;44.072;1.853
81302;44.092;2.345
81303;43.955;2.489
81304;44.108;2.12
81305;43.706;2.423
81306;44.019;2.232
81307;43.571;2.311
81308;44.016;2.386
81309;44.07;1.802
81310;43.618;1.818
81311;43.737;2.195
81312;43.497;2.179
81313;43.994;1.838
81314;43.746;2.587
81315;43.627;2.101
81316;43.996;1.866
81317;43.892;2.322
81318;43.601;1.783
81319;44.006;2.03
81320;44.06;1.902
81321;43.531;2.474
81322;44.043;2.054
81323;43.678;1.916
81324;43.631;1.791
81325;43.55;2.176
81326;43.97;2.072
82001;44.048;1.274
82002;44.082;1.449
82003;43.994;1.031
82004;44.009;0.955
82005;43.796;1.225
82006;43.855;0.971
82007;44.189;1.469
82008;44.058;0.887
82009;43.956;0.875
82010;44.03;0.892
82011;44.073;1.253
82012;44.091;1.172
82013;43.877;1.011
82014;43.819;1.116
82015;43.906;1.07
82016;44.327;1.09
82017;43.888;1.27
82018;44.099;1.543
82019;44.104;1.016
82020;43.847;1.116
82021;44.3;1.125
82022;44.251;0.95
82023;43.944;1.156
82024;44.222;0.977
82025;43.954;1.316
82026;44.052;1.66
82027;43.887;1.329
82028;43.861;1.299
82029;44.26;1.93
82030;44.005;1.091
82031;44.023;1.047
82032;44.177;0.96
82033;44.049;1.124
82034;44.003;0.918
82035;44.021;0.997
82036;43.802;0.972
82037;44.156;1.544
82038;44.242;1.754
82039;44.104;1.478
82040;44.215;1.606
82041;44.125;1.685
82042;44.213;1.215
82043;43.872;1.093
82044;43.941;1.381
82045;43.976;1.136
82046;43.96;0.988
82047;43.87;0.903
82048;43.869;1.279
82049;44.102;0.814
82050;44.086;0.774
82051;44.183;1.141
82052;43.982;1.194
82053;43.836;1.03
82054;44.076;0.914
82055;43.912;0.947
82056;44.197;1.792
82057;43.862;1.339
82058;43.967;1.013
82059;43.834;0.967
82060;44.253;1.006
82061;44.142;1.825
82062;43.913;1.219
82063;43.975;1.064
82064;43.811;1.034
82065;44.149;0.911
82066;44.001;1.49
82067;43.948;0.959
82068;43.866;0.94
82069;44.22;1.878
82070;43.894;0.92
82071;43.815;0.961
82072;44.11;0.857
82073;44.113;0.925
82074;43.943;0.788
82075;43.822;1.287
82076;44.117;1.357
82077;44.209;1.317
82078;44.282;1.592
82079;43.919;1.346
82080;44.081;1.202
82081;43.957;1.092
82082;44.272;1.79
82083;43.985;0.842
82084;44.285;0.965
82085;43.989;1.272
82086;43.974;1.107
82087;44.136;1.24
82088;44.163;1.958
82089;44.132;0.822
82090;44.093;1.39
82091;43.883;0.914
82092;44.224;1.573
82093;43.932;1.083
82094;44.264;1.127
82095;44.207;1.67
82096;44.043;1.221
82097;43.956;0.925
82098;44.003;1.451
82099;44.113;1.187
82100;44.292;1.763
82101;44.09;0.972
82102;44.015;0.851
82103;43.842;0.916
82104;43.942;0.83
82105;43.895;1.181
82106;43.804;0.924
82107;43.912;0.906
82108;44.096;1.23
82109;44.065;0.967
82110;44.142;1.411
82111;44.229;1.051
82112;44.126;1.098
82113;44.193;1.393
82114;43.891;1.232
82115;43.988;1.582
82116;44.248;1.087
82117;44.341;1.032
82118;43.942;1.114
82119;44.208;1.517
82120;44.104;1.294
82121;44.022;1.364
82122;44.214;1.082
82123;43.915;1.287
82124;44.014;1.27
82125;43.952;1.238
82126;44.172;1.565
82127;44.179;1.062
82128;44.228;1.416
82129;43.93;0.878
82130;44.204;0.93
82131;44.24;1.474
82132;44.104;1.624
82133;44.276;1.673
82134;44.063;1.528
82135;43.888;1.438
82136;43.899;1.397
82137;44.262;1.866
82138;44.181;0.881
82139;44.038;0.975
82140;44.104;1.316
82141;44.094;0.934
82142;43.82;1.329
82143;43.963;0.836
82144;44.155;1.322
82145;44.024;1.632
82146;43.969;0.893
82147;44.307;1.846
82148;44.252;1.635
82149;44.128;1.481
82150;43.926;1.414
82151;44.316;0.946
82152;44.023;1.073
82153;44.311;0.893
82154;44.222;1.128
82155;44.156;1.736
82156;43.992;0.989
82157;44.334;0.909
82158;44.062;0.839
82159;44.135;1.605
82160;44.152;0.942
82161;44.045;1.457
82162;44.218;1.64
82163;43.987;0.876
82164;44.292;1.165
82165;44.083;0.852
82166;44.045;0.938
82167;43.959;1.449
82168;44.206;1.017
82169;44.066;1.02
82170;44.14;1.002
82171;44.008;1.182
82172;44.311;1.771
82173;43.902;1.124
82174;44.164;1.466
82175;44.12;0.964
82176;43.967;1.513
82177;44.268;1.273
82178;43.831;1.185
82179;44.177;1.617
82180;43.924;1.025
82181;44.053;0.783
82182;44.276;1.038
82183;44.267;1.202
82184;44.032;1.571
82185;44.362;0.915
82186;44.107;0.898
82187;44.158;1.886
82188;43.917;1.49
82189;44.195;1.277
82190;43.849;1.228
82191;44.185;1.875
82192;43.933;1.533
82193;43.894;1.056
82194;43.92;1.451
82195;44.08;1.29
83001;43.536;6.811
83002;43.728;6.304
83003;43.628;6.372
83004;43.451;6.49
83005;43.694;6.108
83006;43.576;5.802
83007;43.625;6.221
83008;43.533;6.708
83009;43.147;5.748
83010;43.73;6.571
83011;43.633;6.542
83012;43.552;5.988
83013;43.748;6.633
83014;43.714;6.134
83015;43.716;6.202
83016;43.207;5.82
83017;43.24;5.997
83018;43.34;6.178
83019;43.162;6.35
83020;43.78;6.504
83021;43.47;5.958
83022;43.766;6.538
83023;43.399;6.077
83025;43.528;5.937
83026;43.427;6.232
83027;43.203;5.725
83028;43.566;6.573
83029;43.612;6.757
83030;43.372;6.121
83031;43.374;6.376
83032;43.469;6.176
83033;43.295;6.197
83034;43.097;6.072
83035;43.228;5.766
83036;43.182;6.521
83037;43.384;5.999
83038;43.624;6.436
83039;43.501;6.011
83040;43.789;6.596
83041;43.599;6.586
83042;43.246;6.522
83043;43.241;6.34
83044;43.704;6.503
83045;43.486;6.068
83046;43.523;6.145
83047;43.164;6.093
83048;43.195;6.586
83049;43.241;6.069
83050;43.536;6.454
83051;43.512;6.235
83052;43.588;5.849
83053;43.186;5.873
83054;43.162;6.043
83055;43.61;6.678
83056;43.567;6.499
83057;43.376;6.222
83058;43.542;6.363
83059;43.337;6.091
83060;43.596;6.109
83061;43.472;6.764
83062;43.126;6.019
83063;43.323;6.467
83064;43.34;6.041
83065;43.239;6.586
83066;43.659;5.838
83067;43.321;6.3
83068;43.282;6.533
83069;43.102;6.189
83070;43.166;6.412
83071;43.169;6.243
83072;43.482;6.359
83073;43.38;6.306
83074;43.764;6.593
83075;43.307;6.36
83076;43.345;5.896
83077;43.274;5.967
83078;43.647;6.167
83079;43.216;6.477
83080;43.699;6.709
83081;43.599;6.79
83082;43.636;6.478
83083;43.481;6.126
83084;43.648;6.061
83085;43.508;6.551
83086;43.469;6.577
83087;43.379;5.785
83088;43.294;6.026
83089;43.51;5.816
83090;43.139;5.854
83091;43.234;6.18
83092;43.297;6.254
83093;43.334;5.739
83094;43.338;6.548
83095;43.551;6.063
83096;43.465;5.789
83097;43.494;5.747
83098;43.099;6.028
83099;43.472;6.686
83100;43.276;6.149
83101;43.219;6.638
83102;43.668;6.118
83103;43.182;5.946
83104;43.606;5.741
83105;43.308;5.757
83106;43.307;6.084
83107;43.428;6.652
83108;43.337;5.984
83109;43.721;6.648
83110;43.382;5.851
83111;43.333;6.125
83112;43.172;5.708
83113;43.7;5.915
83114;43.574;5.888
83115;43.356;6.612
83116;43.451;5.86
83117;43.565;6.683
83118;43.458;6.847
83119;43.262;6.663
83120;43.378;5.718
83121;43.562;6.229
83122;43.767;6.206
83123;43.138;5.796
83124;43.647;6.613
83125;43.515;5.877
83126;43.088;5.871
83127;43.278;5.857
83128;43.566;6.165
83129;43.087;5.829
83130;43.191;6.063
83131;43.213;5.987
83132;43.178;6.017
83133;43.575;6.857
83134;43.461;6.431
83135;43.6;6.021
83136;43.459;6.283
83137;43.136;5.932
83138;43.614;6.724
83139;43.594;6.311
83140;43.409;5.927
83141;43.502;6.489
83142;43.741;6.436
83143;43.445;6.052
83144;43.15;5.992
83145;43.596;5.944
83146;43.646;5.952
83147;43.662;6.276
83148;43.402;6.449
83149;43.564;6.285
83150;43.722;5.808
83151;43.433;6.15
83152;43.164;6.475
83153;43.075;5.926
83154;43.511;6.29
84001;44.005;4.958
84002;43.736;5.471
84003;43.879;5.389
84004;44.098;5.032
84005;44.138;5.396
84006;43.83;5.448
84007;43.935;4.841
84008;44.155;5.099
84009;43.794;5.647
84010;43.693;5.578
84011;43.974;5.131
84012;44.123;5.029
84013;43.863;5.204
84014;43.738;5.696
84015;44.183;5.214
84016;44.048;4.908
84017;44.138;5.234
84018;44.037;5.243
84019;44.288;4.752
84020;43.827;5.315
84021;44.185;5.332
84022;44.276;5.002
84023;43.822;5.375
84024;43.791;5.492
84025;43.896;5.153
84026;43.73;5.384
84027;44.11;4.744
84028;44.23;4.933
84029;44.16;4.884
84030;44.112;5.107
84031;44.059;5.061
84032;43.889;5.48
84033;43.834;5.481
84034;43.891;4.956
84035;43.851;5.036
84036;43.928;4.943
84037;44.06;4.827
84038;43.789;5.124
84039;44.087;4.882
84040;44.21;5.086
84041;44.118;5.151
84042;43.778;5.444
84043;43.995;4.933
84044;44.222;5.133
84045;44.252;5.142
84046;44.098;5.264
84047;43.896;5.344
84048;43.928;5.523
84049;44.166;5.012
84050;43.909;5.198
84051;43.867;5.248
84052;43.761;5.604
84053;44.395;4.934
84054;43.913;5.057
84055;43.949;4.944
84056;44.132;4.913
84057;43.926;5.253
84058;43.826;5.266
84059;44.155;5.05
84060;43.984;5.482
84061;44.227;4.851
84062;43.892;5.115
84063;44.276;4.675
84064;44.306;4.68
84065;43.763;5.303
84066;43.979;5.309
84067;44.075;5.005
84068;43.778;5.366
84069;44.188;5.15
84070;44.019;5.167
84071;43.842;5.138
84072;44.054;5.13
84073;43.824;5.221
84074;43.762;5.202
84075;44.013;5.253
84076;43.705;5.643
84077;44.106;5.128
84078;44.243;4.725
84079;44.057;5.342
84080;44.034;4.985
84081;43.934;4.909
84082;44.07;5.191
84083;44.204;4.74
84084;43.784;5.522
84085;43.965;5.244
84086;43.831;5.17
84087;44.129;4.81
84088;43.996;5.04
84089;43.687;5.52
84090;43.796;5.56
84091;44.178;4.766
84092;43.968;4.866
84093;43.77;5.257
84094;44.285;5.136
84095;43.75;5.338
84096;44.232;4.98
84097;44.356;4.904
84098;44.255;5.015
84099;43.852;5.11
84100;44.145;5.069
84101;43.974;5.102
84102;43.901;5.292
84103;43.93;5.476
84104;44.195;5.001
84105;43.86;5.438
84106;44.236;4.889
84107;44.031;5.503
84108;44.009;5.109
84109;44.12;5.076
84110;44.206;5.271
84111;44.237;5.102
84112;43.855;5.519
84113;43.764;5.54
84114;43.878;5.216
84115;44.095;5.144
84116;44.262;5.102
84117;44.263;4.957
84118;43.959;5.373
84119;43.962;4.941
84120;44.096;5.479
84121;43.757;5.489
84122;44.099;4.957
84123;44.073;5.399
84124;43.938;5.112
84125;44.174;5.373
84126;44.216;5.029
84127;44.194;4.848
84128;43.823;5.416
84129;44.015;4.867
84130;44.172;5.062
84131;43.832;5.095
84132;43.928;4.993
84133;43.722;5.567
84134;44.19;4.909
84135;44.216;4.802
84136;44.145;4.979
84137;44.248;5.06
84138;44.377;4.994
84139;43.922;5.131
84140;43.779;5.407
84141;43.971;4.903
84142;43.962;5.028
84143;43.985;5.165
84144;43.903;5.56
84145;43.952;5.433
84146;44.288;5.048
84147;43.708;5.431
84148;44.066;5.257
84149;44.177;4.951
84150;44.327;4.944
84151;43.814;5.599
85001;46.304;-1.262
85002;46.671;-1.826
85003;46.738;-1.627
85004;46.387;-1.4
85005;46.619;-0.767
85006;46.757;-1.748
85008;46.603;-1.467
85009;46.447;-0.877
85010;46.474;-1.495
85011;46.934;-2.167
85012;46.872;-2.1
85013;46.921;-1.144
85014;46.66;-0.914
85015;46.819;-1.525
85016;46.687;-1.624
85017;46.905;-1.101
85018;46.909;-2.064
85019;46.776;-1.433
85020;46.369;-0.614
85021;47.036;-1.274
85022;46.448;-1.44
85023;46.54;-1.17
85024;46.948;-1.897
85025;46.945;-1.192
85026;46.558;-1.444
85028;46.385;-0.685
85029;46.982;-2.004
85031;46.788;-0.931
85033;46.548;-0.814
85034;46.63;-1.141
85035;46.638;-1.863
85036;46.488;-1.268
85038;46.885;-1.332
85039;47.015;-1.183
85040;46.629;-0.933
85042;46.385;-1.01
85045;46.648;-1.819
85046;46.673;-1.292
85047;46.835;-1.84
85049;46.374;-1.134
85050;46.516;-1.34
85051;46.669;-1.044
85054;46.683;-1.721
85055;46.787;-1.625
85056;46.564;-0.96
85058;46.446;-1.239
85059;46.642;-0.74
85061;46.574;-1.255
85062;46.917;-1.926
85064;46.828;-1.271
85065;46.895;-1.24
85066;46.71;-0.916
85067;46.679;-0.783
85070;46.708;-1.758
85071;46.768;-1.825
85072;46.852;-1.344
85073;46.505;-1.17
85074;46.524;-1.265
85076;47.06;-1.253
85077;46.451;-1.301
85078;46.321;-0.744
85080;46.385;-0.807
85081;46.76;-1.373
85082;46.892;-0.903
85083;46.984;-2.264
85084;46.781;-1.229
85086;46.862;-1.701
85087;46.543;-0.624
85088;46.716;-1.892
85089;46.722;-1.335
85090;46.821;-0.855
85092;46.456;-0.793
85093;46.662;-1.236
85094;46.523;-0.687
85095;46.879;-1.755
85096;46.898;-1.824
85097;46.934;-1.056
85098;46.724;-1.504
85099;46.573;-1.589
85100;46.682;-1.879
85101;46.473;-1.403
85102;46.848;-1.644
85103;46.539;-1.607
85104;46.381;-1.324
85105;46.368;-0.905
85106;46.967;-2.23
85108;46.917;-1.37
85109;46.867;-1.022
85110;46.516;-0.898
85111;46.333;-0.919
85112;46.57;-1.774
85113;46.709;-2.347
85114;46.425;-1.6
85115;46.649;-0.962
85116;46.436;-1.385
85117;46.45;-1.271
85118;46.655;-1.574
85119;46.966;-1.129
85120;46.644;-1.785
85121;46.439;-0.947
85123;46.37;-0.705
85125;46.618;-0.69
85126;46.472;-0.859
85127;46.409;-1.477
85128;46.451;-1.164
85129;46.853;-1.484
85130;46.771;-1.695
85131;46.464;-1.211
85132;46.342;-0.788
85133;46.364;-0.75
85134;46.911;-0.865
85135;46.534;-1.227
85136;46.567;-0.634
85137;46.538;-0.869
85138;46.662;-1.677
85139;46.33;-0.673
85140;46.743;-0.855
85141;46.73;-0.729
85142;46.756;-1.298
85143;46.532;-0.748
85144;46.852;-1.11
85145;46.738;-0.932
85146;46.976;-1.314
85147;46.75;-0.77
85148;46.397;-0.841
85149;46.422;-1.094
85151;46.991;-0.946
85152;46.616;-1.65
85153;46.787;-1.054
85154;46.661;-0.847
85155;46.71;-1.461
85156;46.489;-1.436
85157;46.565;-1.168
85158;46.459;-0.984
85159;46.466;-1.04
85160;46.592;-1.41
85161;46.568;-1.516
85162;46.425;-0.666
85163;47.009;-2.262
85164;46.842;-2.109
85165;;
85167;46.5;-0.774
85169;46.806;-1.602
85171;46.502;-1.227
85172;46.82;-1.979
85174;46.48;-0.912
85175;46.599;-1.179
85176;46.501;-0.808
85177;46.419;-0.91
85178;46.77;-1.505
85179;46.511;-1.539
85181;46.502;-0.955
85182;46.781;-0.829
85184;46.565;-0.68
85185;46.365;-1.091
85186;46.858;-1.257
85187;46.714;-0.817
85188;46.611;-1.049
85189;46.753;-1.894
85190;46.927;-1.501
85191;46.668;-1.408
85192;46.785;-0.997
85193;46.532;-1.301
85194;46.501;-1.793
85196;46.841;-1.196
85197;46.928;-1.413
85198;46.996;-1.042
85199;46.504;-1.065
85200;46.514;-1.475
85201;46.427;-1.34
85202;46.731;-1.121
85204;46.815;-1.74
85205;46.572;-0.863
85206;46.46;-1.337
85207;46.412;-1.272
85208;46.833;-1.383
85209;46.514;-1.012
85210;46.842;-1.596
85211;46.611;-1.58
85212;;
85213;46.606;-1.335
85214;46.533;-1.692
85215;46.871;-1.162
85216;46.473;-1.111
85218;46.642;-1.629
85220;46.736;-1.043
85221;46.929;-1.981
85222;46.69;-1.92
85223;46.557;-1.072
85226;46.743;-1.964
85227;46.475;-0.651
85229;46.592;-0.652
85231;46.455;-1.53
85232;46.686;-1.152
85233;46.52;-1.108
85234;46.802;-2.048
85235;46.588;-1.01
85236;46.64;-1.716
85237;46.585;-0.922
85238;46.951;-0.901
85239;46.733;-1.826
85240;46.925;-0.914
85242;46.86;-0.926
85243;46.612;-1.81
85244;46.429;-0.759
85245;46.546;-0.907
85246;46.724;-1.204
85247;46.971;-1.063
85248;46.597;-0.976
85250;46.569;-1.708
85251;46.596;-0.724
85252;46.64;-0.811
85254;46.801;-0.749
85255;46.337;-1.248
85256;46.486;-0.743
85259;46.83;-0.964
85260;46.807;-1.67
85261;46.56;-1.124
85262;46.993;-1.507
85264;46.696;-0.702
85265;46.401;-0.743
85266;46.75;-0.974
85267;46.369;-1.067
85268;46.706;-1.832
85269;46.337;-0.707
85273;46.882;-2.016
85274;46.535;-0.944
85276;46.74;-1.084
85277;46.504;-1.383
85278;46.43;-1.55
85280;46.866;-1.949
85281;46.505;-0.849
85282;46.714;-0.988
85284;46.795;-1.914
85285;46.56;-1.328
85286;46.385;-0.941
85287;46.695;-0.886
85288;46.476;-1.628
85289;46.664;-0.728
85290;46.543;-1.007
85291;46.618;-1.249
85292;46.606;-0.874
85293;47.002;-1.099
85294;46.356;-1.431
85295;46.998;-1.232
85296;46.917;-0.846
85297;46.379;-1.199
85298;46.606;-1.749
85300;46.686;-1.541
85301;46.823;-1.116
85302;46.964;-0.985
85303;46.354;-0.857
85304;46.389;-0.968
85305;46.563;-0.764
85306;46.452;-0.706
86001;46.265;0.79
86002;46.758;0.154
86003;46.35;0.27
86004;46.699;0.896
86005;46.939;0.102
86006;46.536;0.839
86007;46.877;0.531
86008;46.952;0.003
86009;46.672;0.681
86010;46.445;0.334
86011;46.15;0.785
86012;46.103;0.408
86013;46.906;0.091
86014;46.756;0.57
86015;46.134;0.647
86016;46.664;0.305
86017;46.644;0.046
86018;47.045;0.124
86019;46.743;0.437
86020;46.65;0.608
86022;47.059;-0.072
86023;46.902;0.269
86024;46.556;0.203
86025;46.547;0.977
86026;47.087;0.174
86027;46.586;0.298
86028;46.603;0.466
86029;46.207;0.256
86031;46.614;0.599
86032;46.68;0.566
86034;46.356;0.582
86035;46.373;1.002
86036;47.074;0.075
86037;46.387;1.09
86038;46.357;0.472
86039;46.25;0.192
86040;46.632;0.822
86041;46.605;0.369
86042;46.969;0.663
86044;47.033;0.229
86045;46.399;0.17
86046;46.759;0.529
86047;46.837;0.302
86048;46.72;0.269
86049;46.972;0.098
86050;46.654;-0.007
86051;46.189;0.191
86052;46.323;0.32
86053;46.724;0.154
86054;46.215;0.328
86055;46.189;0.409
86058;46.646;0.537
86059;46.47;0.731
86061;46.14;0.415
86062;46.652;0.362
86063;46.072;0.438
86064;46.26;0.44
86065;46.416;0.301
86066;46.816;0.553
86068;46.205;0.158
86069;46.886;0.111
86070;46.555;0.679
86072;46.724;0.674
86073;46.694;0.027
86074;46.626;0.112
86075;46.808;0.168
86076;46.65;0.241
86077;46.442;0.668
86078;46.141;0.301
86079;46.97;0.171
86080;46.446;0.164
86081;46.78;0.437
86082;46.296;0.18
86083;46.494;0.174
86084;46.413;1.175
86085;46.839;0.202
86086;46.813;0.726
86087;46.772;0.015
86088;46.543;0.293
86089;46.762;0.106
86090;47.012;-0.058
86091;46.491;0.041
86092;46.927;0.608
86093;46.939;0.209
86094;46.441;0.537
86095;46.696;0.443
86096;46.84;0.272
86097;46.315;0.41
86098;46.558;0.748
86099;46.483;0.523
86100;46.531;0.246
86102;46.664;0.134
86103;46.37;0.413
86104;46.101;0.338
86105;46.44;0.423
86106;47.008;-0.004
86107;46.369;0.665
86108;46.803;0.03
86109;46.908;0.15
86110;46.513;0.927
86111;46.874;0.593
86112;46.238;0.699
86113;46.485;0.292
86114;46.568;0.569
86115;46.694;0.357
86116;46.468;0.075
86117;46.489;0.873
86118;46.469;0.974
86119;46.224;0.457
86120;46.321;0.944
86121;46.61;0.062
86122;46.604;0.727
86123;46.543;0.082
86124;46.594;0.523
86125;46.764;0.706
86126;46.51;0.763
86127;46.916;0.476
86128;46.805;0.304
86129;46.837;0.772
86130;46.898;0.694
86131;46.443;0.589
86132;46.507;1.084
86133;46.521;0.298
86134;46.167;0.192
86135;46.618;0.53
86136;46.08;0.283
86137;47.01;0.099
86138;46.182;0.77
86139;46.438;0.114
86140;46.406;0.73
86141;46.35;0.391
86142;46.678;0.096
86143;46.858;0.717
86144;46.72;0.054
86145;46.471;0.226
86147;46.426;0.217
86148;46.393;0.347
86149;46.92;0.05
86150;46.748;0.058
86151;46.968;0.216
86152;46.164;0.516
86153;46.4;0.663
86154;46.792;0.084
86156;47.011;0.169
86157;46.548;0.416
86158;46.632;0.305
86159;46.195;0.706
86160;46.789;0.198
86161;46.877;0.004
86162;46.938;0.472
86163;46.628;0.434
86164;46.732;0.618
86165;46.426;0.896
86167;46.913;0.194
86169;47.103;-0.013
86170;46.324;0.808
86171;46.276;0.692
86172;46.216;0.768
86173;46.986;0.037
86174;46.772;0.494
86175;46.61;0.88
86176;46.297;0.731
86177;46.682;0.255
86178;46.486;0.464
86180;46.505;0.418
86181;46.975;0.272
86182;46.882;0.327
86183;46.965;0.622
86184;46.776;0.358
86186;46.863;0.646
86187;46.587;0.78
86189;46.21;0.479
86190;46.341;0.731
86191;46.474;0.816
86192;46.314;0.854
86193;46.742;0.759
86194;46.584;0.36
86195;47.0;0.598
86196;47.088;-0.081
86197;47.019;0.278
86198;46.542;0.579
86200;46.118;0.567
86201;46.929;0.254
86202;46.647;0.746
86203;46.312;0.636
86204;46.606;0.218
86205;46.999;-0.033
86206;47.112;0.005
86207;46.776;0.802
86209;46.475;0.368
86210;47.125;0.052
86211;46.258;0.303
86213;46.42;0.027
86214;46.549;0.352
86217;46.925;0.375
86218;46.882;0.057
86220;46.114;0.285
86221;46.828;0.361
86222;46.664;0.435
86223;46.576;0.901
86224;46.898;0.419
86225;46.839;0.088
86226;46.555;0.507
86227;46.968;-0.02
86228;46.391;0.539
86229;47.08;-0.039
86230;46.416;0.997
86233;46.492;0.631
86234;46.212;0.557
86235;46.388;0.449
86236;46.678;0.825
86237;46.16;0.258
86239;46.618;0.7
86241;46.935;0.681
86242;46.228;0.38
86244;46.356;0.078
86245;46.802;0.645
86246;46.583;0.84
86247;46.144;0.231
86248;46.326;0.491
86249;46.89;0.232
86250;47.142;0.007
86252;47.04;0.17
86253;46.496;-0.008
86254;46.367;0.866
86255;46.171;0.33
86256;46.529;0.478
86257;46.87;0.291
86258;46.807;0.41
86260;46.927;0.316
86261;46.574;0.462
86262;46.421;0.787
86263;46.512;0.357
86264;46.277;0.374
86265;46.868;0.377
86266;46.079;0.376
86268;46.514;0.555
86269;47.035;-0.053
86270;46.438;1.126
86271;46.778;0.268
86272;46.841;0.456
86273;46.454;1.059
86274;47.062;0.01
86275;46.887;0.494
86276;46.281;0.544
86279;46.909;0.56
86280;46.939;0.527
86281;46.726;0.313
86284;46.431;0.482
86285;46.403;0.597
86286;46.87;0.179
86287;47.091;0.128
86288;46.726;0.844
86289;46.221;0.638
86290;46.456;0.39
86291;46.55;0.927
86292;46.67;0.172
86293;46.412;0.257
86294;46.622;0.163
86295;46.102;0.236
86296;46.365;0.24
86297;46.579;0.271
86298;46.72;0.541
86299;46.713;0.096
86300;46.672;0.206
87001;45.798;1.133
87002;45.953;1.399
87003;46.264;1.373
87004;45.772;1.701
87005;45.81;1.401
87006;46.308;1.057
87007;46.109;1.216
87008;46.255;1.084
87009;45.772;1.855
87011;46.105;1.041
87012;46.066;1.11
87013;46.078;1.418
87014;46.109;1.36
87015;45.768;1.166
87016;45.978;1.536
87017;46.128;1.108
87018;46.054;1.017
87019;45.762;1.328
87020;45.947;1.293
87021;45.766;1.204
87022;46.043;1.109
87023;46.034;1.204
87024;45.792;1.631
87025;45.74;1.167
87027;45.618;1.046
87028;46.242;0.904
87029;45.675;1.071
87030;45.864;0.876
87031;45.554;1.125
87032;45.657;0.965
87033;46.006;1.125
87034;45.695;0.913
87035;45.827;1.579
87036;45.704;0.962
87037;45.645;0.853
87038;45.918;1.247
87039;45.59;1.356
87040;45.695;1.61
87041;46.131;1.28
87042;45.905;1.505
87043;45.832;1.638
87044;45.757;0.754
87045;45.986;1.029
87046;45.837;1.005
87047;45.997;1.282
87048;45.783;1.24
87049;45.517;1.324
87050;45.883;1.221
87051;45.619;1.604
87052;46.16;1.002
87053;46.36;1.311
87054;45.691;0.849
87056;46.241;1.11
87057;46.215;1.25
87058;45.656;1.712
87059;46.205;1.068
87060;45.63;0.919
87061;46.165;1.149
87062;45.8;1.485
87063;45.775;1.377
87064;45.711;1.74
87065;45.805;1.33
87066;45.713;1.074
87067;46.125;1.456
87068;46.158;1.419
87069;46.11;0.844
87070;45.787;1.454
87071;45.472;1.228
87072;45.66;1.461
87073;45.738;0.995
87074;46.356;1.384
87075;45.804;1.195
87076;46.024;1.515
87077;45.654;1.241
87078;45.957;0.965
87079;46.004;1.479
87080;46.35;1.259
87081;45.732;1.213
87082;45.588;1.107
87083;46.076;1.501
87084;45.72;1.122
87085;45.854;1.249
87086;45.704;1.538
87087;46.342;1.176
87088;45.601;1.436
87089;46.228;1.173
87090;46.31;1.316
87091;45.712;0.684
87092;45.635;0.796
87093;45.767;1.575
87094;45.712;1.158
87095;45.553;1.417
87096;45.608;1.194
87097;46.111;0.914
87099;45.874;1.556
87100;46.017;0.953
87101;46.048;0.955
87103;46.011;1.174
87104;45.721;1.827
87105;45.737;1.639
87106;45.675;1.186
87107;45.922;1.18
87108;46.062;0.915
87109;46.242;1.02
87110;45.931;1.023
87111;45.741;0.88
87112;45.683;1.017
87113;45.874;1.325
87114;45.841;1.324
87115;45.6;0.828
87116;46.132;1.02
87117;45.808;1.782
87118;45.962;1.121
87119;45.691;1.36
87120;45.576;1.547
87121;46.129;1.18
87122;46.037;1.341
87123;45.685;1.865
87124;45.659;1.114
87125;45.908;1.333
87126;45.824;0.843
87127;45.594;1.258
87128;46.072;1.198
87129;45.851;1.435
87130;45.743;1.561
87131;45.87;0.834
87132;45.769;1.768
87133;46.184;1.358
87134;45.698;1.683
87135;45.81;0.921
87137;45.735;0.807
87138;45.715;1.485
87139;46.164;0.938
87140;45.902;0.964
87141;45.802;0.982
87142;45.78;1.53
87143;45.91;1.139
87144;45.701;1.425
87145;46.361;1.348
87146;45.605;1.486
87147;45.629;1.667
87148;45.722;1.368
87149;46.249;1.31
87150;45.636;1.152
87151;45.691;1.308
87152;45.957;1.21
87153;45.823;1.706
87154;45.902;0.888
87155;46.086;1.134
87156;45.852;1.387
87157;45.964;1.475
87158;45.768;0.973
87159;46.03;1.425
87160;46.288;1.238
87161;45.841;1.496
87162;45.862;1.041
87163;46.153;0.873
87164;45.861;0.944
87165;46.361;1.216
87166;45.75;1.119
87167;45.915;1.46
87168;45.706;0.772
87169;45.7;1.242
87170;45.664;1.543
87172;46.173;1.079
87174;45.752;1.443
87176;45.626;1.3
87177;45.82;1.084
87178;45.898;1.397
87179;46.19;0.992
87180;46.196;1.298
87181;46.055;1.477
87182;46.316;1.392
87183;45.994;1.365
87185;45.881;1.025
87186;45.625;1.539
87187;45.525;1.204
87188;45.85;1.064
87189;45.744;0.694
87190;45.907;1.588
87191;45.766;1.06
87192;45.755;1.258
87193;45.605;1.65
87194;45.658;1.652
87195;46.291;1.128
87197;45.998;1.22
87198;46.028;1.084
87199;45.773;0.824
87200;46.337;1.116
87201;45.85;1.13
87202;45.904;1.09
87203;45.65;1.391
87204;45.783;0.732
87205;45.737;1.282
87206;46.17;1.214
88001;48.192;6.192
88002;48.285;6.199
88003;48.205;5.768
88004;47.987;5.829
88005;48.469;7.02
88006;48.352;6.14
88007;47.95;5.953
88008;48.376;6.668
88009;48.185;6.941
88010;48.384;5.867
88011;48.113;6.514
88012;48.132;6.549
88013;48.409;5.9
88014;48.133;6.876
88015;48.398;5.828
88016;48.062;6.025
88017;48.262;5.777
88019;48.415;5.78
88020;48.49;5.858
88021;48.289;6.724
88022;48.237;5.853
88023;48.314;6.206
88024;48.378;6.221
88025;48.418;5.536
88026;48.211;6.571
88027;48.311;6.524
88028;48.159;6.562
88029;47.997;6.262
88030;48.207;6.134
88031;48.334;5.847
88032;48.228;7.084
88033;48.343;7.016
88035;48.132;6.847
88036;48.378;5.769
88037;47.986;6.769
88038;48.39;6.181
88039;48.31;6.057
88040;48.271;6.492
88041;48.266;6.231
88042;48.415;6.676
88043;48.259;6.104
88044;48.301;5.65
88045;48.254;5.746
88046;48.172;6.722
88047;48.21;6.165
88048;48.01;6.464
88049;48.086;6.015
88050;48.222;6.768
88051;48.259;5.916
88052;48.091;6.09
88053;48.409;7.075
88054;48.265;7.062
88055;48.304;6.314
88056;48.342;6.166
88057;48.304;7.063
88058;48.325;5.954
88059;48.214;6.815
88060;48.358;6.042
88061;48.067;5.956
88062;48.123;5.692
88063;48.22;6.31
88064;48.242;6.804
88065;48.102;6.063
88066;48.372;6.086
88068;48.303;6.811
88069;48.26;6.321
88070;48.331;6.232
88071;48.251;6.24
88073;48.346;6.277
88074;48.363;5.506
88075;48.018;6.926
88076;48.243;6.731
88077;48.354;6.689
88078;48.213;6.716
88079;48.21;5.841
88080;48.3;6.597
88081;47.891;6.877
88082;48.45;6.968
88083;48.318;5.736
88084;48.408;6.292
88085;48.128;6.76
88086;48.192;6.73
88087;48.167;6.42
88088;48.028;6.323
88089;48.179;6.806
88090;48.385;6.318
88091;48.172;6.592
88092;48.091;6.262
88093;48.365;7.038
88094;48.32;6.401
88095;48.309;5.826
88096;47.949;5.878
88097;48.334;6.156
88098;48.174;6.332
88099;48.228;6.43
88100;48.354;6.01
88101;48.137;6.598
88102;48.415;5.569
88103;48.249;6.286
88104;48.305;5.702
88105;48.032;6.044
88106;48.127;6.975
88107;48.484;5.762
88108;47.976;6.331
88109;48.056;6.674
88110;48.406;6.529
88111;48.245;7.025
88113;48.274;7.076
88114;48.185;5.894
88115;48.167;6.885
88116;47.968;6.865
88117;48.328;5.816
88118;48.413;5.668
88119;48.148;5.835
88120;48.202;7.061
88121;48.385;6.416
88122;48.213;6.262
88123;48.091;5.669
88124;48.078;6.054
88125;48.283;5.811
88126;48.198;6.338
88127;48.412;6.561
88128;48.34;6.962
88129;48.267;6.272
88130;48.274;6.618
88131;48.174;6.641
88132;48.196;6.523
88133;48.243;6.499
88134;48.139;6.481
88135;48.142;6.625
88136;48.222;6.464
88137;48.339;5.81
88138;48.127;6.077
88139;48.306;5.994
88140;48.143;5.898
88141;48.265;5.891
88142;48.222;6.388
88143;48.29;6.483
88144;48.256;6.074
88145;48.241;6.751
88146;48.255;5.995
88147;48.15;6.29
88148;47.991;6.648
88149;48.154;6.086
88150;48.342;5.914
88151;48.226;6.208
88152;48.25;6.567
88153;48.445;6.616
88154;48.44;5.656
88155;48.306;6.08
88156;48.392;6.638
88157;48.107;6.44
88158;48.093;6.62
88159;48.238;7.0
88160;48.163;6.48
88161;48.118;6.176
88162;48.175;6.058
88163;48.376;6.333
88164;48.26;6.056
88165;48.364;6.844
88166;48.324;6.301
88167;48.14;6.664
88168;48.373;6.537
88169;48.197;6.669
88170;47.911;6.72
88171;47.983;5.911
88172;48.175;6.708
88173;48.371;6.253
88174;48.218;6.344
88175;48.218;6.591
88176;47.979;6.206
88177;48.07;6.719
88178;48.174;6.395
88179;48.005;5.859
88180;48.083;5.881
88181;48.186;7.018
88182;48.295;7.053
88183;48.384;5.67
88184;48.261;6.701
88185;48.353;6.092
88186;48.35;6.062
88187;48.185;6.123
88188;47.872;6.806
88189;48.326;5.623
88190;48.286;6.354
88192;48.201;6.179
88193;48.246;7.11
88194;48.274;5.967
88195;48.235;5.716
88196;48.065;6.859
88197;48.003;6.769
88198;48.131;6.921
88199;48.112;5.918
88200;48.23;6.334
88201;48.147;6.327
88202;48.34;6.192
88203;48.248;6.599
88205;47.95;6.568
88206;48.303;5.931
88208;47.997;5.934
88209;48.2;6.426
88210;48.19;6.288
88212;48.393;5.478
88213;48.341;7.077
88214;48.064;6.18
88215;48.367;7.062
88216;48.237;6.669
88218;48.128;6.81
88219;48.46;5.672
88220;47.96;5.906
88221;48.034;6.17
88222;48.248;6.623
88223;48.3;6.271
88224;48.322;6.478
88225;48.082;6.456
88226;48.229;6.157
88227;48.246;5.791
88228;48.394;6.493
88229;48.405;5.801
88230;48.379;6.562
88231;48.204;6.017
88232;48.465;5.872
88233;48.144;6.248
88236;48.062;6.205
88237;48.211;6.29
88238;48.052;6.113
88239;48.39;6.209
88240;48.164;6.732
88241;48.293;5.903
88242;48.37;5.806
88243;48.308;6.735
88244;48.205;6.861
88245;48.347;6.931
88246;48.264;6.138
88247;48.276;6.39
88248;48.017;5.821
88249;48.259;5.702
88250;48.114;6.593
88251;48.331;6.718
88252;48.126;6.114
88253;48.201;6.49
88254;48.304;6.236
88255;48.458;5.75
88256;48.156;6.75
88257;48.332;6.063
88258;48.062;5.778
88259;48.283;5.747
88260;48.36;6.332
88261;48.197;6.693
88262;48.185;6.758
88263;48.139;6.708
88264;48.187;6.153
88265;48.264;5.732
88266;48.179;6.667
88267;48.133;6.145
88268;48.282;7.086
88269;48.095;6.801
88270;48.319;5.576
88271;48.164;5.953
88272;47.971;5.878
88273;48.218;6.525
88274;48.287;5.836
88275;48.318;7.167
88276;48.289;7.128
88277;48.498;7.077
88278;48.362;5.939
88279;48.239;6.115
88280;48.286;6.288
88281;48.226;6.243
88283;48.225;5.767
88284;48.214;7.003
88285;48.221;5.885
88286;48.397;6.163
88287;48.103;5.907
88288;48.246;6.164
88289;48.11;5.818
88290;48.447;5.794
88291;47.99;6.006
88292;48.278;6.128
88293;48.449;5.717
88294;48.247;6.344
88295;48.321;6.156
88296;48.215;5.734
88297;48.209;6.616
88298;48.418;6.649
88299;48.303;5.973
88300;48.375;6.997
88301;48.384;6.696
88302;47.914;6.816
88303;48.388;5.586
88304;48.294;6.12
88305;48.425;5.704
88306;48.41;7.024
88307;48.024;5.795
88308;48.353;5.643
88309;48.168;6.029
88310;48.028;5.967
88311;47.98;6.174
88312;48.321;5.916
88313;48.347;6.418
88314;48.072;5.858
88315;48.274;6.796
88316;48.235;5.795
88317;48.448;7.062
88318;48.345;6.544
88319;48.385;6.918
88320;48.298;7.008
88321;48.356;5.691
88322;48.154;6.666
88324;48.286;5.872
88325;48.229;6.017
88326;48.285;7.034
88327;48.307;6.372
88328;48.329;6.856
88330;48.09;5.983
88331;48.266;6.634
88332;48.214;5.918
88333;48.4;6.672
88334;48.335;6.021
88335;48.281;6.03
88336;48.27;5.804
88338;48.368;6.509
88340;48.288;6.566
88341;48.28;7.011
88342;48.29;6.447
88343;48.251;5.946
88344;48.365;5.589
88345;48.322;7.05
88346;48.419;6.993
88347;48.164;6.174
88348;48.264;6.661
88349;48.143;7.038
88350;48.377;5.915
88351;47.97;6.429
88352;48.275;5.676
88353;48.167;6.143
88354;48.371;6.151
88355;48.348;6.356
88356;48.204;6.786
88357;48.323;6.121
88358;48.095;6.565
88359;48.177;6.69
88360;48.123;5.963
88361;48.315;7.08
88362;48.393;7.039
88363;48.477;5.815
88364;48.335;6.1
88365;48.259;6.198
88366;48.356;5.889
88367;48.346;6.631
88368;48.309;6.098
88369;47.896;6.741
88370;48.22;6.11
88371;48.056;6.515
88372;48.408;6.86
88373;48.507;7.11
88374;48.317;6.252
88375;48.261;7.044
88376;48.337;5.719
88377;47.988;5.968
88378;48.287;6.308
88379;48.362;6.47
88380;48.119;6.742
88381;48.112;6.016
88382;48.284;6.063
88383;48.001;6.581
88385;48.224;6.054
88386;48.264;7.01
88387;48.367;5.846
88388;48.143;6.382
88389;48.345;5.98
88390;48.138;5.709
88391;48.02;6.824
88393;48.356;5.74
88394;48.077;5.714
88395;48.347;6.581
88398;48.266;6.821
88399;48.174;6.616
88400;48.304;6.023
88401;48.305;5.776
88402;48.382;6.612
88403;48.239;6.085
88404;48.115;5.721
88406;48.348;6.252
88407;48.467;5.771
88408;47.933;6.664
88409;48.024;6.652
88410;48.393;6.752
88411;48.14;5.994
88412;48.355;6.749
88413;48.297;6.938
88415;48.046;6.625
88416;48.346;6.511
88417;48.321;6.654
88418;48.291;6.66
88419;48.33;6.989
88421;48.021;5.906
88423;48.215;6.918
88424;48.268;6.973
88425;48.392;6.574
88426;47.846;6.855
88427;48.289;5.951
88428;48.312;6.876
88429;48.036;6.556
88430;48.174;5.779
88431;48.331;5.886
88432;48.44;6.583
88433;48.346;5.949
88434;48.242;5.913
88435;48.343;6.814
88436;48.378;7.087
88437;48.278;6.321
88438;48.324;6.811
88439;48.167;6.368
88440;48.261;5.845
88441;48.162;6.103
88442;48.036;6.782
88443;48.243;5.668
88444;48.424;7.066
88445;48.242;6.949
88446;48.192;5.816
88447;47.951;6.775
88448;48.149;5.743
88449;48.356;6.219
88450;47.969;5.804
88451;48.407;6.964
88452;48.142;6.057
88453;48.431;5.608
88454;48.256;6.536
88455;48.05;5.844
88456;48.098;5.891
88457;48.398;5.628
88458;48.396;6.25
88459;48.388;5.908
88460;48.414;5.739
88461;48.167;5.864
88462;48.031;6.698
88463;48.25;6.883
88464;48.108;6.675
88465;48.25;6.409
88466;48.23;5.973
88467;47.966;6.73
88468;47.88;6.769
88469;48.293;6.074
88470;48.088;6.739
88471;47.988;5.874
88472;48.153;6.011
88473;48.045;5.894
88474;48.301;5.732
88475;48.094;5.723
88476;48.326;5.984
88477;48.356;5.442
88478;48.439;5.845
88479;47.962;6.247
88480;48.337;6.28
88481;48.104;6.401
88482;48.19;5.744
88483;48.196;6.382
88484;48.102;6.344
88485;48.146;5.796
88486;48.018;6.724
88487;47.942;6.505
88488;48.196;6.089
88489;48.244;6.138
88490;48.185;6.001
88491;48.156;6.121
88492;48.088;7.029
88493;48.323;6.28
88494;48.284;6.236
88495;48.23;6.54
88496;48.221;5.806
88497;48.287;6.42
88498;47.97;6.663
88499;48.26;6.172
88500;47.937;6.885
88501;48.389;7.067
88502;48.221;6.741
88503;48.482;7.065
88504;48.383;5.936
88505;48.178;6.845
88506;48.393;7.006
88507;48.305;6.174
88508;48.17;6.212
88509;48.27;6.516
88510;48.104;5.769
88511;48.348;5.58
88512;48.217;6.639
88513;48.33;6.329
88514;48.322;5.871
88515;48.09;6.171
88516;48.201;5.954
88517;48.121;5.938
88518;48.269;6.018
88519;48.341;6.9
88520;48.035;6.296
88521;48.314;6.615
88522;48.362;6.17
88523;48.348;5.791
88524;48.17;5.705
88525;48.287;6.172
88526;48.261;7.119
88527;48.411;6.609
88528;48.124;6.644
88529;48.372;6.187
88530;48.039;6.382
88531;48.072;6.954
88532;48.309;6.442
89002;47.718;3.89
89003;47.871;3.328
89004;47.657;4.209
89005;47.777;4.165
89006;47.806;4.145
89007;47.53;3.466
89008;47.561;4.012
89009;47.553;3.87
89010;47.729;3.963
89011;47.517;3.879
89012;47.624;4.051
89013;47.866;3.52
89014;48.098;3.594
89015;47.596;3.761
89016;47.822;4.115
89017;47.744;4.102
89018;48.048;3.337
89019;47.932;4.23
89020;47.479;3.639
89021;47.488;3.747
89022;47.539;3.992
89023;47.77;3.622
89024;47.794;3.582
89025;47.482;3.916
89027;48.254;3.592
89028;47.862;4.138
89029;47.923;3.508
89030;47.66;3.644
89031;47.915;3.557
89032;47.413;4.036
89033;47.792;3.38
89034;47.817;3.723
89035;48.054;3.582
89036;48.145;3.086
89037;47.949;3.313
89038;47.902;3.897
89039;47.804;3.886
89040;47.619;3.727
89041;48.019;3.796
89042;47.616;4.179
89043;47.582;4.041
89044;47.534;3.762
89045;47.832;3.677
89046;47.703;2.948
89048;48.14;3.706
89049;47.551;3.721
89050;47.93;3.534
89051;48.11;3.39
89053;47.876;3.482
89054;48.227;3.125
89055;48.001;3.618
89056;48.0;3.479
89057;47.531;3.69
89058;47.427;4.054
89059;48.041;3.506
89060;48.055;3.22
89061;47.984;3.822
89062;47.923;3.845
89063;47.979;3.284
89064;47.7;4.045
89065;48.177;3.626
89066;48.119;3.498
89067;47.996;3.315
89068;47.808;3.791
89069;48.09;3.686
89071;47.46;3.661
89072;47.756;2.978
89073;47.78;3.078
89074;48.304;3.132
89075;47.947;3.42
89076;48.042;3.651
89077;47.751;3.602
89079;47.959;3.354
89080;48.292;3.299
89081;47.843;3.769
89083;47.828;3.466
89084;47.644;3.556
89085;47.942;3.494
89086;47.886;3.098
89087;47.767;4.196
89088;47.848;3.331
89089;47.385;3.885
89091;47.523;3.638
89092;47.628;4.105
89093;48.31;3.101
89094;48.083;3.203
89095;47.768;3.858
89096;47.897;3.558
89098;47.913;3.962
89099;47.945;3.537
89100;48.202;3.007
89101;47.974;3.756
89102;47.754;3.492
89104;47.784;3.833
89105;47.905;3.508
89108;47.768;3.7
89111;48.229;3.458
89112;47.841;3.871
89113;48.154;3.22
89115;48.367;3.28
89116;48.135;3.188
89117;47.684;3.47
89118;47.699;3.586
89119;47.542;3.524
89120;48.162;3.594
89122;48.29;3.546
89123;47.777;3.744
89124;48.345;3.178
89125;47.6;3.501
89126;48.122;3.11
89127;48.229;3.248
89128;47.602;3.942
89129;47.538;3.568
89130;47.694;3.715
89131;47.872;4.228
89132;47.703;4.229
89133;47.983;3.175
89134;47.463;4.022
89136;48.256;3.273
89137;47.899;3.981
89139;47.72;3.404
89141;47.593;3.982
89142;48.078;3.424
89143;48.21;3.064
89144;48.118;3.06
89145;47.41;3.813
89146;47.49;3.81
89147;47.749;3.231
89148;47.559;3.418
89149;47.892;3.863
89150;47.809;3.375
89151;48.112;3.18
89152;47.947;3.47
89153;47.881;3.989
89154;47.718;3.473
89155;47.723;3.602
89156;48.008;3.568
89158;47.512;3.35
89159;47.529;3.914
89160;48.137;3.276
89161;47.673;4.147
89162;48.269;3.26
89163;47.887;3.24
89164;47.559;3.534
89165;48.212;3.587
89167;47.865;3.445
89168;47.816;3.859
89169;47.961;3.884
89170;47.437;3.759
89171;48.223;3.506
89172;48.225;3.401
89173;47.693;3.256
89175;47.843;3.815
89176;47.416;3.74
89177;47.621;3.602
89179;47.653;3.292
89180;48.174;3.147
89181;48.149;3.645
89182;47.607;3.558
89183;47.763;3.994
89184;47.74;4.162
89186;47.997;3.791
89187;47.829;4.306
89188;47.546;3.836
89189;48.287;3.249
89190;47.514;3.795
89191;47.82;4.222
89194;47.661;3.976
89195;48.153;3.258
89196;47.897;3.427
89197;47.529;4.091
89198;47.878;3.56
89199;47.713;3.534
89200;47.932;3.607
89201;47.897;3.637
89202;47.712;3.69
89203;47.46;3.856
89204;47.588;4.018
89205;47.959;3.787
89206;48.009;3.41
89207;47.673;4.037
89208;47.62;3.87
89209;48.17;2.971
89210;47.774;4.298
89211;47.878;3.942
89212;47.717;3.57
89214;48.262;3.504
89215;47.612;3.344
89216;47.549;3.28
89217;47.681;3.312
89218;47.973;3.469
89219;48.064;3.81
89220;47.598;2.997
89221;47.686;3.375
89222;47.66;3.333
89223;47.804;4.071
89224;47.716;3.842
89225;47.492;3.595
89226;47.859;3.725
89227;47.92;3.753
89228;47.801;3.429
89229;48.248;3.11
89230;47.998;3.44
89232;47.566;3.889
89233;47.637;3.765
89234;47.515;3.567
89235;47.47;3.971
89236;48.166;3.315
89237;47.588;3.694
89238;47.582;3.599
89239;48.163;3.351
89240;48.185;3.376
89242;47.866;3.797
89244;47.591;4.106
89245;48.114;3.246
89246;47.625;3.985
89247;47.92;4.076
89248;47.443;3.831
89249;48.03;3.626
89250;47.899;3.82
89251;47.788;3.314
89252;47.658;3.486
89253;47.562;3.637
89254;47.692;3.181
89255;48.312;3.246
89256;47.676;3.533
89257;47.975;3.531
89259;47.739;3.938
89261;48.222;3.544
89262;47.902;4.024
89263;47.849;3.588
89264;48.168;3.032
89265;47.862;3.682
89266;47.508;3.717
89267;47.549;4.05
89268;47.953;3.631
89270;47.649;3.514
89271;47.729;4.043
89272;47.704;3.343
89273;47.609;3.165
89274;48.221;3.206
89276;48.045;3.785
89277;47.677;3.877
89278;48.152;3.397
89279;47.695;3.981
89280;47.719;4.195
89281;47.846;3.259
89282;47.955;3.574
89283;47.658;3.419
89284;47.77;4.079
89285;48.342;3.334
89286;47.758;3.35
89287;48.185;3.24
89288;48.03;3.575
89289;47.952;3.375
89290;47.702;4.083
89291;48.113;3.295
89292;47.969;3.838
89295;47.826;3.529
89296;47.687;4.219
89297;47.433;3.791
89298;48.057;3.141
89299;47.84;4.172
89300;47.564;4.142
89302;48.343;3.303
89303;47.764;3.891
89304;47.849;3.4
89306;47.493;3.871
89307;47.908;3.717
89308;48.196;3.437
89309;48.279;3.194
89310;48.284;3.454
89311;47.766;3.412
89312;47.593;3.827
89313;47.975;3.233
89314;47.636;3.681
89315;47.753;3.788
89316;47.541;3.954
89318;47.358;4.004
89319;47.78;3.651
89320;47.941;4.167
89321;47.743;4.252
89323;47.912;3.912
89324;47.738;2.891
89325;47.659;3.121
89326;48.149;3.312
89327;48.091;3.261
89328;47.898;3.669
89329;47.897;4.15
89331;47.513;3.25
89332;48.301;3.059
89333;47.482;4.053
89334;47.821;3.29
89335;48.0;3.363
89336;47.43;3.991
89337;47.74;3.657
89338;48.225;3.307
89339;47.573;3.956
89341;47.73;3.763
89342;48.235;3.267
89344;47.642;3.085
89345;47.997;3.705
89346;47.802;3.517
89347;47.417;3.921
89348;48.034;3.275
89349;47.373;4.06
89350;48.011;3.142
89351;47.452;4.084
89352;47.659;3.028
89353;48.026;3.172
89354;48.206;3.241
89355;47.877;4.068
89359;48.329;3.499
89360;47.824;3.368
89361;47.833;3.363
89362;47.576;3.773
89363;47.654;3.681
89364;47.461;3.776
89365;47.69;3.002
89367;47.623;3.271
89368;47.639;3.204
89369;48.247;3.16
89370;48.182;3.1
89371;47.74;3.91
89373;48.215;3.352
89374;47.774;4.01
89375;47.576;4.122
89376;47.666;4.076
89377;47.481;4.107
89378;47.513;3.956
89379;47.494;4.084
89380;48.076;3.084
89382;47.902;3.594
89383;47.631;3.362
89384;47.914;3.358
89385;47.801;4.31
89386;47.812;4.265
89387;48.196;3.298
89388;47.943;3.232
89390;48.33;3.209
89391;48.346;3.251
89392;47.541;3.8
89393;47.834;3.912
89394;47.619;3.692
89395;48.172;3.534
89397;47.838;3.223
89398;48.105;3.76
89399;48.251;3.327
89400;47.564;3.349
89402;48.018;3.84
89403;47.78;4.239
89404;48.165;3.198
89405;47.612;3.408
89406;47.576;4.075
89407;47.845;4.088
89408;47.735;3.139
89409;47.464;3.813
89410;47.535;3.863
89411;48.164;3.439
89412;47.582;4.059
89413;47.9;4.115
89414;48.298;3.38
89415;47.571;3.916
89416;47.589;3.301
89417;47.859;3.9
89418;47.841;3.977
89419;47.734;3.294
89420;47.556;3.175
89422;47.925;4.14
89423;47.925;3.945
89424;47.628;3.646
89425;48.065;3.734
89426;47.67;3.59
89427;47.745;3.541
89428;48.234;3.046
89430;47.914;3.785
89431;47.573;4.169
89432;48.131;3.557
89433;47.502;3.842
89434;48.137;3.441
89436;48.066;3.678
89437;47.898;3.692
89438;47.806;3.654
89439;47.955;3.697
89440;48.019;3.223
89441;47.673;3.758
89442;48.094;3.126
89443;48.126;3.331
89445;47.873;3.882
89446;47.452;3.711
89447;47.892;3.932
89449;48.33;3.086
89450;48.209;3.156
89451;48.096;3.53
89452;48.014;3.339
89453;47.788;3.486
89456;48.296;3.169
89458;48.244;3.233
89459;48.141;3.138
89460;48.336;3.056
89461;48.236;3.563
89462;47.738;3.076
89463;47.85;3.642
89464;48.082;3.32
89465;48.258;3.214
89466;48.182;3.181
89467;48.268;3.072
89468;48.028;3.342
89469;48.352;3.41
89470;47.719;4.15
89471;48.198;3.403
89472;47.782;3.224
89474;47.942;3.825
89475;47.9;4.186
89477;47.867;3.747
89478;47.689;3.633
89479;47.71;3.642
89480;48.355;3.139
89481;47.788;4.038
89482;47.806;3.922
89483;48.254;3.411
89485;47.558;3.786
89486;47.787;3.958
90001;47.603;6.866
90002;47.696;7.006
90003;47.702;6.928
90004;47.605;6.823
90005;47.729;6.784
90006;47.75;6.778
90007;47.591;6.814
90008;47.62;6.831
90009;47.487;6.925
90010;47.647;6.845
90011;47.576;6.846
90012;47.645;6.943
90013;47.681;6.967
90014;47.554;7.015
90015;47.596;6.849
90016;47.705;6.949
90017;47.564;6.906
90018;47.579;6.973
90019;47.591;7.0
90020;47.618;6.789
90021;47.579;6.942
90022;47.559;6.834
90023;47.712;6.838
90024;47.583;7.072
90025;47.59;7.049
90026;47.628;6.93
90027;47.499;7.073
90028;47.525;7.085
90029;47.652;6.824
90030;47.445;6.95
90031;47.626;6.994
90032;47.618;6.866
90033;47.509;6.996
90034;47.655;6.908
90035;47.585;6.837
90036;47.679;6.933
90037;47.688;6.873
90039;47.637;6.812
90041;47.726;6.915
90042;47.673;6.796
90043;47.528;7.036
90044;47.706;6.98
90045;47.502;6.956
90046;47.537;7.051
90047;47.659;6.998
90048;47.621;6.956
90049;47.638;6.997
90050;47.646;6.981
90051;47.563;6.956
90052;47.741;6.823
90053;47.538;6.97
90054;47.718;6.881
90055;47.571;6.995
90056;47.533;7.011
90057;47.705;6.799
90058;47.714;7.016
90059;47.664;6.96
90060;47.684;6.977
90061;47.76;6.909
90062;47.677;6.994
90063;47.486;6.974
90064;47.542;7.105
90065;47.781;6.822
90066;47.733;6.995
90067;47.679;6.95
90068;47.592;6.91
90069;47.531;6.923
90070;47.469;6.926
90071;47.608;6.994
90072;47.543;6.938
90074;47.605;6.961
90075;47.663;6.875
90076;47.636;6.894
90077;47.621;6.974
90078;47.724;7.008
90079;47.724;6.899
90080;47.658;6.944
90081;47.516;7.117
90082;47.592;6.964
90083;47.57;6.979
90084;47.663;7.029
90085;47.769;6.879
90086;47.719;6.966
90087;47.679;6.91
90088;47.734;6.862
90089;47.746;6.952
90090;47.467;6.961
90091;47.7;6.961
90093;47.688;6.831
90094;47.589;6.87
90095;47.561;7.08
90096;47.52;6.981
90097;47.567;6.869
90098;47.611;6.803
90099;47.671;6.849
90100;47.681;7.025
90101;47.575;7.018
90102;47.753;6.852
90103;47.669;6.894
90104;47.609;6.919
90105;47.455;6.988
91001;48.344;2.191
91016;48.31;2.006
91017;48.591;2.059
91021;48.591;2.244
91022;48.327;2.152
91027;48.709;2.387
91035;48.453;1.957
91037;48.529;2.488
91038;48.477;2.226
91041;48.558;2.244
91044;48.671;2.289
91045;48.522;2.388
91047;48.495;2.381
91064;48.757;2.207
91067;48.324;2.258
91069;48.328;2.366
91075;48.372;2.244
91079;48.382;2.17
91080;48.47;2.285
91081;48.485;2.091
91085;48.55;2.213
91086;48.614;2.38
91093;48.675;2.048
91095;48.512;2.296
91097;48.69;2.534
91098;48.456;2.051
91099;48.436;2.395
91100;48.433;2.278
91103;48.602;2.302
91105;48.572;2.166
91106;48.555;2.16
91109;48.464;2.143
91111;48.627;2.131
91112;48.326;2.289
91114;48.696;2.504
91115;48.6;2.187
91121;48.357;2.407
91122;48.693;2.158
91129;48.486;2.311
91130;48.417;2.052
91131;48.38;2.026
91132;48.517;2.218
91135;48.507;2.448
91136;48.708;2.278
91137;48.344;2.315
91145;48.469;1.932
91148;48.508;2.168
91156;48.547;2.274
91159;48.534;2.441
91161;48.708;2.311
91174;48.604;2.469
91175;48.495;1.96
91179;48.559;2.487
91180;48.438;2.485
91184;48.418;2.363
91186;48.598;2.141
91191;48.72;2.463
91195;48.46;2.464
91198;48.456;2.328
91200;48.536;1.994
91201;48.678;2.422
91204;48.575;2.401
91207;48.578;2.221
91215;48.687;2.516
91216;48.673;2.318
91223;48.421;2.138
91225;48.65;2.483
91226;48.492;2.179
91228;48.63;2.44
91232;48.481;2.367
91235;48.633;2.368
91240;48.36;2.165
91243;48.611;2.165
91244;48.547;2.401
91247;48.476;2.047
91248;48.384;2.23
91249;48.62;2.083
91272;48.699;2.128
91273;48.366;2.346
91274;48.672;2.11
91275;48.675;2.143
91284;48.498;2.011
91286;48.657;2.388
91292;48.567;2.272
91293;48.464;2.371
91294;48.368;2.076
91312;48.736;2.224
91315;48.514;2.344
91318;48.501;2.254
91319;48.646;2.155
91326;48.692;2.374
91330;48.527;2.27
91332;48.571;2.328
91333;48.614;2.268
91338;48.646;2.081
91339;48.626;2.251
91340;48.597;2.425
91345;48.69;2.302
91347;48.64;2.286
91359;48.396;2.37
91363;48.646;2.206
91374;48.369;2.204
91376;48.565;2.299
91377;48.728;2.275
91378;48.527;2.197
91386;48.559;2.438
91390;48.318;2.074
91393;48.416;1.996
91399;48.358;2.277
91405;48.403;2.465
91408;48.437;2.44
91411;48.672;2.073
91412;48.491;2.42
91414;48.348;2.038
91421;48.695;2.462
91425;48.642;2.268
91432;48.703;2.336
91433;48.441;2.208
91434;48.656;2.351
91435;48.577;2.501
91441;48.505;2.496
91457;48.581;2.266
91458;48.661;2.238
91461;48.606;2.219
91463;48.382;2.457
91468;48.573;2.458
91469;48.4;2.164
91471;48.7;2.187
91473;48.449;2.297
91477;48.715;2.229
91479;48.724;2.36
91482;48.648;2.037
91494;48.607;2.342
91495;48.445;2.003
91507;48.352;2.361
91508;48.399;2.263
91511;48.35;1.998
91514;48.67;2.528
91519;48.469;1.998
91521;48.645;2.408
91525;48.517;2.053
91526;48.345;2.237
91533;48.358;2.113
91534;48.735;2.166
91538;48.715;2.14
91540;48.549;2.127
91544;48.35;2.137
91546;48.566;2.038
91547;48.422;1.958
91549;48.641;2.33
91552;48.598;2.265
91553;48.626;2.491
91556;48.442;2.087
91560;48.666;2.171
91568;48.579;2.121
91570;48.632;2.312
91573;48.606;2.516
91577;48.593;2.494
91578;48.536;2.18
91579;48.537;2.323
91581;48.561;2.192
91587;48.685;2.266
91589;48.684;2.349
91593;48.531;2.089
91599;48.479;2.482
91600;48.66;2.463
91602;48.527;2.154
91613;48.383;1.991
91617;48.644;2.519
91619;48.532;2.234
91629;48.392;2.303
91630;48.568;2.081
91631;48.682;2.562
91634;48.601;2.105
91635;48.731;2.199
91639;48.432;2.346
91645;48.75;2.252
91648;48.584;2.367
91649;48.552;2.366
91654;48.468;2.421
91657;48.704;2.428
91659;48.586;2.452
91661;48.696;2.235
91662;48.502;2.128
91665;48.661;2.265
91666;48.678;2.223
91667;48.661;2.331
91671;48.467;2.254
91679;48.729;2.122
91685;48.658;2.3
91687;48.67;2.374
91689;48.73;2.329
91691;48.716;2.493
91692;48.68;2.185
92002;48.75;2.299
92004;48.915;2.288
92007;48.798;2.31
92009;48.915;2.267
92012;48.837;2.239
92014;48.78;2.316
92019;48.768;2.263
92020;48.803;2.288
92022;48.808;2.192
92023;48.796;2.255
92024;48.904;2.306
92025;48.922;2.247
92026;48.898;2.256
92032;48.79;2.287
92033;48.845;2.187
92035;48.907;2.245
92036;48.934;2.294
92040;48.824;2.264
92044;48.895;2.287
92046;48.817;2.297
92047;48.83;2.166
92048;48.804;2.227
92049;48.815;2.316
92050;48.896;2.207
92051;48.885;2.266
92060;48.78;2.261
92062;48.884;2.238
92063;48.869;2.177
92064;48.843;2.209
92071;48.777;2.295
92072;48.822;2.21
92073;48.87;2.22
92075;48.822;2.287
92076;48.841;2.16
92077;48.822;2.178
92078;48.936;2.324
93001;48.912;2.384
93005;48.946;2.493
93006;48.869;2.423
93007;48.94;2.461
93008;48.908;2.439
93010;48.902;2.484
93013;48.936;2.428
93014;48.908;2.546
93015;48.918;2.576
93027;48.932;2.4
93029;48.923;2.445
93030;48.95;2.424
93031;48.955;2.314
93032;48.882;2.545
93033;48.861;2.575
93039;48.94;2.326
93045;48.882;2.42
93046;48.92;2.535
93047;48.898;2.567
93048;48.863;2.448
93049;48.864;2.51
93050;48.862;2.54
93051;48.836;2.564
93053;48.891;2.459
93055;48.898;2.409
93057;48.908;2.503
93059;48.961;2.363
93061;48.885;2.405
93062;48.897;2.52
93063;48.885;2.438
93064;48.875;2.486
93066;48.93;2.359
93070;48.91;2.333
93071;48.939;2.531
93072;48.957;2.385
93073;48.978;2.555
93074;48.932;2.581
93077;48.885;2.509
93078;48.959;2.536
93079;48.957;2.345
94001;48.724;2.421
94002;48.796;2.421
94003;48.806;2.334
94004;48.747;2.525
94011;48.773;2.488
94015;48.838;2.523
94016;48.792;2.332
94017;48.817;2.517
94018;48.823;2.408
94019;48.798;2.542
94021;48.767;2.353
94022;48.764;2.417
94028;48.784;2.455
94033;48.851;2.474
94034;48.757;2.326
94037;48.813;2.344
94038;48.776;2.338
94041;48.813;2.388
94042;48.819;2.47
94043;48.809;2.357
94044;48.745;2.489
94046;48.806;2.438
94047;48.706;2.548
94048;48.74;2.555
94052;48.837;2.482
94053;48.774;2.555
94054;48.743;2.395
94055;48.786;2.539
94056;48.697;2.562
94058;48.842;2.504
94059;48.806;2.576
94060;48.778;2.584
94065;48.75;2.353
94067;48.842;2.419
94068;48.799;2.494
94069;48.818;2.438
94070;48.736;2.576
94071;48.766;2.533
94073;48.761;2.385
94074;48.753;2.461
94075;48.721;2.532
94076;48.793;2.36
94077;48.732;2.41
94078;48.741;2.449
94079;48.826;2.545
94080;48.847;2.438
94081;48.788;2.394
95002;49.086;1.975
95008;49.073;1.774
95011;49.151;1.695
95012;49.11;1.65
95014;49.008;2.303
95018;48.951;2.241
95019;48.986;2.417
95023;49.174;2.113
95024;49.095;1.797
95026;49.141;2.38
95028;49.061;2.35
95039;49.08;2.155
95040;49.089;1.87
95042;49.059;2.302
95046;49.126;1.815
95051;49.015;2.192
95052;49.14;2.3
95054;49.149;1.879
95055;49.092;2.47
95056;49.092;2.372
95058;49.165;2.301
95059;49.192;2.071
95060;49.037;2.198
95061;49.054;2.251
95063;48.926;2.211
95074;49.019;2.004
95078;49.083;2.033
95088;48.965;2.435
95091;49.042;2.298
95094;49.022;2.43
95101;49.142;1.666
95102;49.149;2.023
95110;49.14;1.944
95116;49.161;2.329
95119;49.192;1.703
95120;49.084;2.192
95127;49.04;2.051
95134;49.143;2.228
95139;49.184;1.729
95141;49.137;1.79
95142;49.158;1.932
95144;49.065;2.463
95149;49.129;2.436
95150;49.114;1.704
95151;49.053;2.269
95154;49.042;2.546
95157;49.091;1.681
95166;49.132;1.848
95169;49.127;1.888
95170;49.038;1.937
95176;48.968;2.199
95177;49.113;2.02
95181;49.073;1.996
95183;49.041;1.999
95197;48.971;2.326
95199;49.03;2.323
95203;48.991;2.278
95205;49.026;2.385
95210;48.97;2.305
95211;49.078;2.109
95212;49.03;2.549
95213;49.124;2.073
95214;49.09;2.407
95218;49.02;2.101
95219;48.988;2.257
95229;49.039;2.363
95241;49.05;2.445
95250;49.1;2.499
95252;48.988;2.224
95253;49.066;1.87
95254;49.124;1.994
95256;49.05;2.205
95257;48.974;2.178
95258;49.158;2.147
95268;48.97;2.405
95270;49.117;1.754
95271;49.095;2.061
95277;48.986;2.457
95280;49.024;2.466
95287;49.133;2.048
95288;48.985;2.35
95295;49.116;1.856
95298;49.175;2.037
95301;49.083;1.663
95303;49.167;2.0
95304;49.158;2.178
95306;49.001;2.15
95308;49.105;2.127
95309;49.142;1.762
95313;49.107;2.234
95316;49.081;2.444
95323;49.011;2.034
95328;49.134;2.135
95331;49.095;2.438
95341;49.1;2.095
95348;49.062;1.927
95351;49.042;2.504
95352;49.115;2.441
95353;49.084;2.312
95355;49.159;1.81
95365;49.07;2.418
95369;49.002;2.289
95370;49.148;1.984
95371;49.082;2.509
95379;49.109;1.777
95387;49.153;2.108
95388;49.028;1.975
95392;49.077;2.213
95394;49.055;2.174
95395;49.054;2.392
95409;49.046;2.337
95422;49.091;2.008
95424;48.994;2.194
95426;49.014;2.289
95427;48.97;2.346
95428;48.992;2.321
95429;49.17;1.686
95430;49.072;2.304
95436;49.13;2.264
95438;49.135;1.909
95445;49.09;2.276
95446;49.126;2.172
95447;49.174;1.98
95450;49.017;2.063
95452;49.129;2.294
95456;49.135;2.328
95459;49.16;1.856
95462;49.143;1.722
95476;49.068;2.063
95480;49.123;2.201
95483;49.116;1.927
95487;49.15;2.27
95488;49.019;2.161
95489;49.017;2.342
95491;49.003;2.234
95492;49.036;2.416
95493;49.096;2.455
95500;49.051;2.095
95504;49.112;2.287
95509;49.067;2.488
95510;49.064;2.016
95523;49.088;1.634
95527;49.007;2.514
95529;49.168;2.213
95535;49.053;1.968
95539;49.002;2.35
95541;49.213;1.703
95543;49.059;1.742
95554;49.167;1.762
95555;48.969;2.285
95563;49.02;2.247
95566;49.104;2.334
95572;49.044;2.129
95574;49.021;2.27
95580;49.086;2.552
95582;48.972;2.253
95584;49.13;1.958
95585;48.99;2.382
95592;49.042;1.879
95594;49.123;2.395
95598;48.988;2.3
95604;49.106;2.544
95607;49.027;2.221
95610;49.09;1.905
95611;49.157;2.069
95612;49.004;2.469
95625;49.105;1.958
95627;49.134;2.104
95628;49.098;2.18
95633;49.0;2.486
95637;49.03;2.024
95641;49.063;2.567
95651;49.062;1.707
95652;49.123;2.378
95656;49.066;1.722
95658;49.08;1.93
95660;49.075;2.357
95675;49.061;2.534
95676;49.086;1.73
95678;49.07;2.24
95680;49.008;2.404
95682;49.074;2.387
95690;49.096;1.825
97101;16.273;-61.502
97102;16.466;-61.462
97103;16.251;-61.593
97104;16.046;-61.719
97105;16.0;-61.728
97106;16.144;-61.754
97107;16.055;-61.612
97108;15.92;-61.23
97109;15.994;-61.686
97110;16.312;-61.053
97111;16.304;-61.78
97112;15.906;-61.294
97113;16.225;-61.47
97114;16.122;-61.614
97115;16.241;-61.668
97116;16.324;-61.47
97117;16.32;-61.372
97118;16.172;-61.657
97119;16.389;-61.45
97120;16.239;-61.536
97121;16.227;-61.763
97122;16.426;-61.496
97124;16.034;-61.69
97125;16.273;-61.282
97126;15.966;-61.275
97128;16.257;-61.388
97129;16.294;-61.71
97130;15.854;-61.634
97131;15.865;-61.584
97132;15.991;-61.648
97133;15.96;-61.694
97134;16.087;-61.726
97201;14.814;-61.123
97202;14.499;-61.072
97203;14.842;-61.123
97204;14.711;-61.165
97205;14.659;-61.125
97206;14.489;-61.021
97207;14.578;-60.968
97208;14.726;-61.115
97209;14.641;-61.069
97210;14.606;-60.906
97211;14.85;-61.179
97212;14.712;-61.026
97213;14.625;-60.993
97214;14.801;-61.076
97215;14.855;-61.152
97216;14.781;-61.051
97217;14.484;-60.858
97218;14.769;-61.121
97219;14.821;-61.204
97220;14.509;-60.898
97221;14.526;-60.965
97222;14.675;-60.943
97223;14.559;-60.922
97224;14.676;-61.044
97225;14.775;-61.172
97226;14.437;-60.855
97227;14.486;-60.945
97228;14.769;-61.017
97229;14.645;-61.1
97230;14.739;-60.95
97231;14.527;-61.037
97232;14.544;-60.857
97233;14.704;-61.135
97234;14.676;-61.147
97301;3.941;-52.52
97302;5.022;-52.501
97303;5.273;-53.321
97304;4.934;-52.766
97305;4.982;-52.508
97306;4.983;-53.648
97307;4.832;-52.344
97308;3.742;-52.132
97309;4.884;-52.279
97310;4.465;-52.513
97311;4.965;-53.983
97312;5.232;-53.013
97313;4.81;-52.51
97314;4.191;-51.81
97352;3.916;-53.399
97353;2.971;-53.758
97356;2.838;-52.796
97357;4.384;-54.172
97358;4.529;-53.101
97360;4.83;-54.271
97361;5.684;-53.916
97362;4.042;-54.044
97401;-21.209;55.359
97402;-21.023;55.62
97403;-21.204;55.492
97404;-21.249;55.367
97405;-21.34;55.569
97406;-21.152;55.644
97407;-20.945;55.305
97408;-20.994;55.398
97409;-20.963;55.643
97410;-21.092;55.649
97411;-20.933;55.447
97412;-21.306;55.642
97413;-21.167;55.333
97414;-21.234;55.421
97415;-21.044;55.322
97416;-21.312;55.494
97417;-21.304;55.746
97418;-20.947;55.53
97419;-21.192;55.754
97420;-20.946;55.593
97421;-21.047;55.508
97422;-21.223;55.558
97423;-21.11;55.33
97424;-21.144;55.459
97601;-12.724;45.069
97602;-12.723;45.118
97603;-12.93;45.178
97604;-12.924;45.098
97605;-12.822;45.113
97606;-12.92;45.148
97607;-12.853;45.176
97608;-12.779;45.282
97609;-12.972;45.125
97610;-12.747;45.187
97611;-12.79;45.193
97612;-12.688;45.074
97613;-12.751;45.087
97614;-12.837;45.138
97615;-12.796;45.284
97616;-12.861;45.119
97617;-12.782;45.134
